TimeMs,X,Y
77,0,80
77,1,80
77,2,80
77,3,80
77,4,80
77,5,80
77,6,80
77,7,80
77,8,80
78,9,80
78,10,80
78,11,80
78,12,80
78,13,80
78,14,80
78,15,80
78,16,80
78,17,80
78,18,80
78,19,80
78,20,80
78,21,80
78,22,80
78,23,80
78,24,80
78,25,80
78,26,80
78,27,80
78,28,80
78,29,80
78,30,80
78,31,80
78,32,80
78,33,80
78,34,80
78,35,80
78,36,80
78,37,80
78,38,80
78,39,80
78,40,80
78,41,80
78,42,80
78,43,80
78,44,80
78,45,80
79,46,80
79,47,80
79,48,80
79,49,80
79,50,80
79,51,80
79,52,80
79,53,80
79,54,80
79,55,80
79,56,80
79,57,80
79,58,80
79,59,80
79,60,80
79,61,80
79,62,80
79,63,80
79,64,80
79,65,80
79,66,80
79,67,80
79,68,80
79,69,80
79,70,80
79,71,80
79,72,80
79,73,80
79,74,80
79,75,80
80,76,80
80,77,80
80,78,80
80,79,80
80,80,80
80,81,80
80,82,80
80,83,80
80,84,80
80,85,80
80,86,80
80,87,80
80,88,80
80,89,80
80,90,80
80,91,80
80,92,80
80,93,80
80,94,80
80,95,80
80,96,80
80,97,80
80,98,80
80,99,80
80,100,80
80,101,80
80,102,80
80,103,80
80,104,80
80,105,80
80,106,80
81,107,80
81,108,80
81,109,80
81,110,80
81,111,80
81,112,80
81,113,80
81,114,80
81,115,80
81,116,80
81,117,80
81,118,80
81,119,80
81,120,80
81,121,80
81,122,80
81,123,80
81,124,80
81,125,80
81,126,80
81,127,80
81,128,80
81,129,80
81,130,80
81,131,80
81,132,80
81,133,80
81,134,80
81,135,80
81,136,80
81,137,80
81,138,80
81,139,80
81,140,80
81,141,80
81,142,80
81,143,80
81,144,80
81,145,80
81,146,80
82,147,80
82,148,80
82,149,80
82,150,80
82,151,80
82,152,80
82,153,80
82,154,80
82,155,80
82,156,80
82,157,80
82,158,80
82,159,80
82,160,80
82,161,80
82,162,80
82,163,80
82,164,80
82,165,80
82,166,80
82,167,80
82,168,80
82,169,80
82,170,80
82,171,80
82,172,80
82,173,80
82,174,80
82,175,80
82,176,80
82,177,80
82,178,80
82,179,80
82,180,80
82,181,80
82,182,80
83,183,80
83,184,80
83,185,80
83,186,80
83,187,80
83,188,80
83,189,80
83,190,80
83,191,80
83,192,80
83,193,80
83,194,80
83,195,80
83,196,80
83,197,80
83,198,80
83,199,80
83,200,80
83,201,80
83,202,80
83,203,80
83,204,80
83,205,80
83,206,80
83,207,80
83,208,80
83,209,80
83,210,80
83,211,80
83,212,80
83,213,80
83,214,80
83,215,80
83,216,80
83,217,80
83,218,80
83,219,80
83,220,80
83,221,80
83,222,80
84,223,80
84,224,80
84,225,80
84,226,80
84,227,80
84,228,80
84,229,80
84,230,80
84,231,80
84,232,80
84,233,80
84,234,80
84,235,80
84,236,80
84,237,80
84,238,80
84,239,80
84,0,81
84,1,81
84,2,81
84,3,81
84,4,81
84,5,81
84,6,81
84,7,81
84,8,81
84,9,81
84,10,81
84,11,81
84,12,81
84,13,81
85,14,81
85,15,81
85,16,81
85,17,81
85,18,81
85,19,81
85,20,81
85,21,81
85,22,81
85,23,81
85,24,81
85,25,81
85,26,81
85,27,81
85,28,81
85,29,81
85,30,81
85,31,81
85,32,81
85,33,81
85,34,81
85,35,81
85,36,81
85,37,81
85,38,81
85,39,81
85,40,81
85,41,81
85,42,81
85,43,81
85,44,81
85,45,81
85,46,81
85,47,81
85,48,81
85,49,81
85,50,81
85,51,81
85,52,81
85,53,81
86,54,81
86,55,81
86,56,81
86,57,81
86,58,81
86,59,81
86,60,81
86,61,81
86,62,81
86,63,81
86,64,81
86,65,81
86,66,81
86,67,81
86,68,81
86,69,81
86,70,81
86,71,81
86,72,81
86,73,81
86,74,81
86,75,81
86,76,81
86,77,81
86,78,81
86,79,81
86,80,81
86,81,81
86,82,81
86,83,81
86,84,81
86,85,81
86,86,81
86,87,81
86,88,81
86,89,81
86,90,81
86,91,81
86,92,81
86,93,81
87,94,81
87,95,81
87,96,81
87,97,81
87,98,81
87,99,81
87,100,81
87,101,81
87,102,81
87,103,81
87,104,81
87,105,81
87,106,81
87,107,81
87,108,81
87,109,81
87,110,81
87,111,81
87,112,81
87,113,81
87,114,81
87,115,81
87,116,81
87,117,81
87,118,81
87,119,81
87,120,81
87,121,81
87,122,81
87,123,81
87,124,81
87,125,81
87,126,81
87,127,81
87,128,81
87,129,81
87,130,81
87,131,81
87,132,81
87,133,81
88,134,81
88,135,81
88,136,81
88,137,81
88,138,81
88,139,81
88,140,81
88,141,81
88,142,81
88,143,81
88,144,81
88,145,81
88,146,81
88,147,81
88,148,81
88,149,81
88,150,81
88,151,81
88,152,81
88,153,81
88,154,81
88,155,81
88,156,81
88,157,81
88,158,81
88,159,81
88,160,81
88,161,81
88,162,81
88,163,81
88,164,81
88,165,81
88,166,81
88,167,81
88,168,81
88,169,81
88,170,81
88,171,81
88,172,81
89,173,81
89,174,81
89,175,81
89,176,81
89,177,81
89,178,81
89,179,81
89,180,81
89,181,81
89,182,81
89,183,81
89,184,81
89,185,81
89,186,81
89,187,81
89,188,81
89,189,81
89,190,81
89,191,81
89,192,81
89,193,81
89,194,81
89,195,81
89,196,81
89,197,81
89,198,81
90,199,81
90,200,81
90,201,81
90,202,81
90,203,81
90,204,81
90,205,81
90,206,81
90,207,81
90,208,81
90,209,81
90,210,81
90,211,81
90,212,81
90,213,81
90,214,81
90,215,81
90,216,81
90,217,81
90,218,81
90,219,81
90,220,81
90,221,81
90,222,81
90,223,81
90,224,81
90,225,81
90,226,81
90,227,81
90,228,81
90,229,81
90,230,81
90,231,81
90,232,81
90,233,81
90,234,81
90,235,81
90,236,81
90,237,81
91,238,81
91,239,81
91,0,82
91,1,82
91,2,82
91,3,82
91,4,82
91,5,82
91,6,82
91,7,82
91,8,82
91,9,82
91,10,82
91,11,82
91,12,82
91,13,82
91,14,82
91,15,82
91,16,82
91,17,82
91,18,82
91,19,82
91,20,82
91,21,82
91,22,82
91,23,82
91,24,82
91,25,82
91,26,82
91,27,82
91,28,82
91,29,82
91,30,82
91,31,82
91,32,82
91,33,82
91,34,82
91,35,82
92,36,82
92,37,82
92,38,82
92,39,82
92,40,82
92,41,82
92,42,82
92,43,82
92,44,82
92,45,82
92,46,82
92,47,82
92,48,82
92,49,82
92,50,82
92,51,82
92,52,82
92,53,82
92,54,82
92,55,82
92,56,82
92,57,82
92,58,82
92,59,82
92,60,82
92,61,82
92,62,82
92,63,82
92,64,82
92,65,82
92,66,82
92,67,82
92,68,82
92,69,82
92,70,82
92,71,82
92,72,82
92,73,82
92,74,82
92,75,82
92,76,82
92,77,82
93,78,82
93,79,82
93,80,82
93,81,82
93,82,82
93,83,82
93,84,82
93,85,82
93,86,82
93,87,82
93,88,82
93,89,82
93,90,82
93,91,82
93,92,82
93,93,82
93,94,82
93,95,82
93,96,82
93,97,82
93,98,82
93,99,82
93,100,82
93,101,82
93,102,82
93,103,82
93,104,82
93,105,82
93,106,82
93,107,82
94,108,82
94,109,82
94,110,82
94,111,82
94,112,82
94,113,82
94,114,82
94,115,82
94,116,82
94,117,82
94,118,82
94,119,82
94,120,82
94,121,82
94,122,82
94,123,82
94,124,82
94,125,82
94,126,82
94,127,82
94,128,82
94,129,82
94,130,82
94,131,82
94,132,82
94,133,82
94,134,82
94,135,82
94,136,82
94,137,82
94,138,82
94,139,82
94,140,82
95,141,82
95,142,82
95,143,82
95,144,82
95,145,82
95,146,82
95,147,82
95,148,82
95,149,82
95,150,82
95,151,82
95,152,82
95,153,82
95,154,82
95,155,82
95,156,82
95,157,82
95,158,82
95,159,82
95,160,82
95,161,82
95,162,82
95,163,82
95,164,82
95,165,82
95,166,82
95,167,82
95,168,82
95,169,82
95,170,82
95,171,82
95,172,82
95,173,82
95,174,82
95,175,82
95,176,82
95,177,82
95,178,82
95,179,82
95,180,82
96,181,82
96,182,82
96,183,82
96,184,82
96,185,82
96,186,82
96,187,82
96,188,82
96,189,82
96,190,82
96,191,82
96,192,82
96,193,82
96,194,82
96,195,82
96,196,82
96,197,82
96,198,82
96,199,82
96,200,82
96,201,82
96,202,82
96,203,82
96,204,82
96,205,82
96,206,82
96,207,82
96,208,82
96,209,82
96,210,82
96,211,82
96,212,82
96,213,82
96,214,82
96,215,82
96,216,82
96,217,82
96,218,82
96,219,82
96,220,82
96,221,82
96,222,82
96,223,82
97,224,82
97,225,82
97,226,82
97,227,82
97,228,82
97,229,82
97,230,82
97,231,82
97,232,82
97,233,82
97,234,82
97,235,82
97,236,82
97,237,82
97,238,82
97,239,82
97,0,83
97,1,83
97,2,83
97,3,83
97,4,83
97,5,83
97,6,83
97,7,83
97,8,83
97,9,83
97,10,83
97,11,83
97,12,83
97,13,83
97,14,83
97,15,83
97,16,83
97,17,83
97,18,83
97,19,83
97,20,83
97,21,83
97,22,83
97,23,83
97,24,83
97,25,83
98,26,83
98,27,83
98,28,83
98,29,83
98,30,83
98,31,83
98,32,83
98,33,83
98,34,83
98,35,83
98,36,83
98,37,83
98,38,83
98,39,83
98,40,83
98,41,83
98,42,83
98,43,83
98,44,83
98,45,83
98,46,83
98,47,83
98,48,83
98,49,83
98,50,83
98,51,83
98,52,83
98,53,83
98,54,83
98,55,83
98,56,83
98,57,83
98,58,83
98,59,83
98,60,83
98,61,83
98,62,83
98,63,83
98,64,83
98,65,83
98,66,83
98,67,83
99,68,83
99,69,83
99,70,83
99,71,83
99,72,83
99,73,83
99,74,83
99,75,83
99,76,83
99,77,83
99,78,83
99,79,83
99,80,83
99,81,83
99,82,83
99,83,83
99,84,83
99,85,83
99,86,83
99,87,83
99,88,83
99,89,83
99,90,83
99,91,83
99,92,83
99,93,83
99,94,83
99,95,83
99,96,83
99,97,83
99,98,83
99,99,83
99,100,83
99,101,83
100,102,83
100,103,83
100,104,83
100,105,83
100,106,83
100,107,83
100,108,83
100,109,83
100,110,83
100,111,83
100,112,83
100,113,83
100,114,83
100,115,83
100,116,83
100,117,83
100,118,83
100,119,83
100,120,83
100,121,83
100,122,83
100,123,83
100,124,83
100,125,83
100,126,83
100,127,83
100,128,83
100,129,83
100,130,83
100,131,83
100,132,83
100,133,83
100,134,83
101,135,83
101,136,83
101,137,83
101,138,83
101,139,83
101,140,83
101,141,83
101,142,83
101,143,83
101,144,83
101,145,83
101,146,83
101,147,83
101,148,83
101,149,83
101,150,83
101,151,83
101,152,83
101,153,83
101,154,83
101,155,83
101,156,83
101,157,83
101,158,83
101,159,83
101,160,83
101,161,83
101,162,83
101,163,83
101,164,83
101,165,83
101,166,83
101,167,83
101,168,83
101,169,83
101,170,83
101,171,83
102,172,83
102,173,83
102,174,83
102,175,83
102,176,83
102,177,83
102,178,83
102,179,83
102,180,83
102,181,83
102,182,83
102,183,83
102,184,83
102,185,83
102,186,83
102,187,83
102,188,83
102,189,83
102,190,83
102,191,83
102,192,83
102,193,83
102,194,83
102,195,83
102,196,83
102,197,83
102,198,83
102,199,83
102,200,83
102,201,83
102,202,83
102,203,83
102,204,83
102,205,83
102,206,83
102,207,83
102,208,83
102,209,83
102,210,83
102,211,83
102,212,83
102,213,83
102,214,83
103,215,83
103,216,83
103,217,83
103,218,83
103,219,83
103,220,83
103,221,83
103,222,83
103,223,83
103,224,83
103,225,83
103,226,83
103,227,83
103,228,83
103,229,83
103,230,83
103,231,83
103,232,83
103,233,83
103,234,83
103,235,83
103,236,83
103,237,83
103,238,83
103,239,83
103,0,84
103,1,84
103,2,84
103,3,84
103,4,84
103,5,84
103,6,84
103,7,84
103,8,84
103,9,84
103,10,84
103,11,84
103,12,84
103,13,84
104,14,84
104,15,84
104,16,84
104,17,84
104,18,84
104,19,84
104,20,84
104,21,84
104,22,84
104,23,84
104,24,84
104,25,84
104,26,84
104,27,84
104,28,84
104,29,84
104,30,84
104,31,84
104,32,84
104,33,84
104,34,84
104,35,84
104,36,84
104,37,84
104,38,84
104,39,84
104,40,84
104,41,84
104,42,84
104,43,84
104,44,84
104,45,84
104,46,84
104,47,84
104,48,84
104,49,84
104,50,84
104,51,84
104,52,84
104,53,84
104,54,84
104,55,84
104,56,84
105,57,84
105,58,84
105,59,84
105,60,84
105,61,84
105,62,84
105,63,84
105,64,84
105,65,84
105,66,84
105,67,84
105,68,84
105,69,84
105,70,84
105,71,84
105,72,84
105,73,84
105,74,84
105,75,84
105,76,84
105,77,84
105,78,84
105,79,84
105,80,84
105,81,84
105,82,84
105,83,84
105,84,84
105,85,84
105,86,84
105,87,84
105,88,84
105,89,84
105,90,84
105,91,84
105,92,84
105,93,84
105,94,84
105,95,84
105,96,84
105,97,84
105,98,84
105,99,84
106,100,84
106,101,84
106,102,84
106,103,84
106,104,84
106,105,84
106,106,84
106,107,84
106,108,84
106,109,84
106,110,84
106,111,84
106,112,84
106,113,84
106,114,84
106,115,84
106,116,84
106,117,84
106,118,84
106,119,84
106,120,84
106,121,84
106,122,84
106,123,84
106,124,84
106,125,84
106,126,84
106,127,84
106,128,84
106,129,84
106,130,84
106,131,84
106,132,84
106,133,84
106,134,84
106,135,84
106,136,84
106,137,84
106,138,84
106,139,84
106,140,84
106,141,84
107,142,84
107,143,84
107,144,84
107,145,84
107,146,84
107,147,84
107,148,84
107,149,84
107,150,84
107,151,84
107,152,84
107,153,84
107,154,84
107,155,84
107,156,84
107,157,84
107,158,84
107,159,84
107,160,84
107,161,84
107,162,84
107,163,84
107,164,84
107,165,84
107,166,84
107,167,84
107,168,84
107,169,84
107,170,84
107,171,84
107,172,84
107,173,84
107,174,84
107,175,84
107,176,84
107,177,84
107,178,84
107,179,84
107,180,84
107,181,84
107,182,84
107,183,84
107,184,84
108,185,84
108,186,84
108,187,84
108,188,84
108,189,84
108,190,84
108,191,84
108,192,84
108,193,84
108,194,84
108,195,84
108,196,84
108,197,84
108,198,84
108,199,84
108,200,84
108,201,84
108,202,84
108,203,84
108,204,84
108,205,84
108,206,84
108,207,84
108,208,84
108,209,84
108,210,84
108,211,84
108,212,84
108,213,84
108,214,84
108,215,84
108,216,84
108,217,84
108,218,84
108,219,84
108,220,84
108,221,84
108,222,84
108,223,84
109,224,84
109,225,84
109,226,84
109,227,84
109,228,84
109,229,84
109,230,84
109,231,84
109,232,84
109,233,84
109,234,84
109,235,84
109,236,84
109,237,84
109,238,84
109,239,84
109,0,85
109,1,85
109,2,85
109,3,85
109,4,85
109,5,85
109,6,85
109,7,85
109,8,85
109,9,85
109,10,85
109,11,85
109,12,85
109,13,85
109,14,85
109,15,85
109,16,85
109,17,85
109,18,85
109,19,85
109,20,85
109,21,85
110,22,85
110,23,85
110,24,85
110,25,85
110,26,85
110,27,85
110,28,85
110,29,85
110,30,85
110,31,85
110,32,85
110,33,85
110,34,85
110,35,85
110,36,85
110,37,85
110,38,85
110,39,85
110,40,85
110,41,85
110,42,85
110,43,85
110,44,85
110,45,85
110,46,85
110,47,85
110,48,85
110,49,85
110,50,85
110,51,85
110,52,85
110,53,85
110,54,85
110,55,85
110,56,85
110,57,85
111,58,85
111,59,85
111,60,85
111,61,85
111,62,85
111,63,85
111,64,85
111,65,85
111,66,85
111,67,85
111,68,85
111,69,85
111,70,85
111,71,85
111,72,85
111,73,85
111,74,85
111,75,85
111,76,85
111,77,85
111,78,85
111,79,85
111,80,85
111,81,85
111,82,85
111,83,85
111,84,85
111,85,85
111,86,85
111,87,85
111,88,85
111,89,85
111,90,85
111,91,85
111,92,85
111,93,85
111,94,85
111,95,85
111,96,85
111,97,85
111,98,85
111,99,85
111,100,85
112,101,85
112,102,85
112,103,85
112,104,85
112,105,85
112,106,85
112,107,85
112,108,85
112,109,85
112,110,85
112,111,85
112,112,85
112,113,85
112,114,85
112,115,85
112,116,85
112,117,85
112,118,85
112,119,85
112,120,85
112,121,85
112,122,85
112,123,85
112,124,85
112,125,85
112,126,85
112,127,85
112,128,85
112,129,85
112,130,85
112,131,85
112,132,85
112,133,85
112,134,85
112,135,85
112,136,85
112,137,85
112,138,85
112,139,85
112,140,85
112,141,85
112,142,85
113,143,85
113,144,85
113,145,85
113,146,85
113,147,85
113,148,85
113,149,85
113,150,85
113,151,85
113,152,85
113,153,85
113,154,85
113,155,85
113,156,85
113,157,85
113,158,85
113,159,85
113,160,85
113,161,85
113,162,85
113,163,85
113,164,85
113,165,85
113,166,85
113,167,85
113,168,85
113,169,85
113,170,85
113,171,85
113,172,85
113,173,85
113,174,85
113,175,85
113,176,85
113,177,85
113,178,85
113,179,85
113,180,85
113,181,85
113,182,85
113,183,85
113,184,85
114,185,85
114,186,85
114,187,85
114,188,85
114,189,85
114,190,85
114,191,85
114,192,85
114,193,85
114,194,85
114,195,85
114,196,85
114,197,85
114,198,85
114,199,85
114,200,85
114,201,85
114,202,85
114,203,85
114,204,85
114,205,85
114,206,85
114,207,85
114,208,85
114,209,85
114,210,85
114,211,85
114,212,85
114,213,85
114,214,85
114,215,85
114,216,85
114,217,85
114,218,85
114,219,85
114,220,85
114,221,85
114,222,85
114,223,85
114,224,85
114,225,85
114,226,85
115,227,85
115,228,85
115,229,85
115,230,85
115,231,85
115,232,85
115,233,85
115,234,85
115,235,85
115,236,85
115,237,85
115,238,85
115,239,85
115,0,86
115,1,86
115,2,86
115,3,86
115,4,86
115,5,86
115,6,86
115,7,86
115,8,86
115,9,86
115,10,86
115,11,86
115,12,86
115,13,86
115,14,86
115,15,86
115,16,86
115,17,86
115,18,86
115,19,86
115,20,86
115,21,86
115,22,86
115,23,86
115,24,86
115,25,86
115,26,86
115,27,86
115,28,86
115,29,86
116,30,86
116,31,86
116,32,86
116,33,86
116,34,86
116,35,86
116,36,86
116,37,86
116,38,86
116,39,86
116,40,86
116,41,86
116,42,86
116,43,86
116,44,86
116,45,86
116,46,86
116,47,86
116,48,86
116,49,86
116,50,86
116,51,86
116,52,86
116,53,86
116,54,86
116,55,86
116,56,86
116,57,86
116,58,86
116,59,86
116,60,86
116,61,86
116,62,86
116,63,86
116,64,86
116,65,86
116,66,86
116,67,86
116,68,86
116,69,86
116,70,86
116,71,86
116,72,86
117,73,86
117,74,86
117,75,86
117,76,86
117,77,86
117,78,86
117,79,86
117,80,86
117,81,86
117,82,86
117,83,86
117,84,86
117,85,86
117,86,86
117,87,86
117,88,86
117,89,86
117,90,86
117,91,86
117,92,86
117,93,86
117,94,86
117,95,86
117,96,86
117,97,86
117,98,86
117,99,86
117,100,86
117,101,86
117,102,86
117,103,86
117,104,86
117,105,86
117,106,86
117,107,86
117,108,86
118,109,86
118,110,86
118,111,86
118,112,86
118,113,86
118,114,86
118,115,86
118,116,86
118,117,86
118,118,86
118,119,86
118,120,86
118,121,86
118,122,86
118,123,86
118,124,86
118,125,86
118,126,86
118,127,86
118,128,86
118,129,86
118,130,86
118,131,86
118,132,86
118,133,86
118,134,86
118,135,86
118,136,86
118,137,86
118,138,86
118,139,86
118,140,86
118,141,86
118,142,86
118,143,86
118,144,86
118,145,86
118,146,86
119,147,86
119,148,86
119,149,86
119,150,86
119,151,86
119,152,86
119,153,86
119,154,86
119,155,86
119,156,86
119,157,86
119,158,86
119,159,86
119,160,86
119,161,86
119,162,86
119,163,86
119,164,86
119,165,86
119,166,86
119,167,86
119,168,86
119,169,86
119,170,86
119,171,86
119,172,86
119,173,86
119,174,86
119,175,86
119,176,86
119,177,86
119,178,86
119,179,86
119,180,86
119,181,86
119,182,86
119,183,86
120,184,86
120,185,86
120,186,86
120,187,86
120,188,86
120,189,86
120,190,86
120,191,86
120,192,86
120,193,86
120,194,86
120,195,86
120,196,86
120,197,86
120,198,86
120,199,86
120,200,86
120,201,86
120,202,86
120,203,86
120,204,86
120,205,86
120,206,86
120,207,86
120,208,86
120,209,86
120,210,86
120,211,86
120,212,86
120,213,86
120,214,86
120,215,86
120,216,86
120,217,86
120,218,86
121,219,86
121,220,86
121,221,86
121,222,86
121,223,86
121,224,86
121,225,86
121,226,86
121,227,86
121,228,86
121,229,86
121,230,86
121,231,86
121,232,86
121,233,86
121,234,86
121,235,86
121,236,86
121,237,86
121,238,86
121,239,86
121,0,87
121,1,87
121,2,87
121,3,87
121,4,87
121,5,87
121,6,87
121,7,87
121,8,87
121,9,87
121,10,87
121,11,87
121,12,87
121,13,87
121,14,87
121,15,87
121,16,87
121,17,87
122,18,87
122,19,87
122,20,87
122,21,87
122,22,87
122,23,87
122,24,87
122,25,87
122,26,87
122,27,87
122,28,87
122,29,87
122,30,87
122,31,87
122,32,87
122,33,87
122,34,87
122,35,87
122,36,87
122,37,87
122,38,87
122,39,87
122,40,87
122,41,87
122,42,87
122,43,87
122,44,87
122,45,87
122,46,87
122,47,87
122,48,87
122,49,87
122,50,87
122,51,87
122,52,87
122,53,87
122,54,87
122,55,87
122,56,87
123,57,87
123,58,87
123,59,87
123,60,87
123,61,87
123,62,87
123,63,87
123,64,87
123,65,87
123,66,87
123,67,87
123,68,87
123,69,87
123,70,87
123,71,87
123,72,87
123,73,87
123,74,87
123,75,87
123,76,87
123,77,87
123,78,87
123,79,87
123,80,87
123,81,87
123,82,87
123,83,87
123,84,87
123,85,87
123,86,87
123,87,87
123,88,87
123,89,87
123,90,87
123,91,87
123,92,87
123,93,87
123,94,87
123,95,87
123,96,87
124,97,87
124,98,87
124,99,87
124,100,87
124,101,87
124,102,87
124,103,87
124,104,87
124,105,87
124,106,87
124,107,87
124,108,87
124,109,87
124,110,87
124,111,87
124,112,87
124,113,87
124,114,87
124,115,87
124,116,87
124,117,87
124,118,87
124,119,87
124,120,87
124,121,87
124,122,87
124,123,87
124,124,87
124,125,87
124,126,87
124,127,87
124,128,87
124,129,87
124,130,87
124,131,87
124,132,87
124,133,87
125,134,87
125,135,87
125,136,87
125,137,87
125,138,87
125,139,87
125,140,87
125,141,87
125,142,87
125,143,87
125,144,87
125,145,87
125,146,87
125,147,87
125,148,87
125,149,87
125,150,87
125,151,87
125,152,87
125,153,87
125,154,87
125,155,87
125,156,87
125,157,87
125,158,87
127,159,87
127,160,87
127,161,87
127,162,87
127,163,87
127,164,87
127,165,87
127,166,87
127,167,87
127,168,87
127,169,87
127,170,87
127,171,87
127,172,87
127,173,87
127,174,87
127,175,87
127,176,87
127,177,87
127,178,87
127,179,87
127,180,87
127,181,87
127,182,87
127,183,87
128,184,87
128,185,87
128,186,87
128,187,87
128,188,87
128,189,87
128,190,87
128,191,87
128,192,87
128,193,87
128,194,87
129,195,87
129,196,87
129,197,87
129,198,87
129,199,87
129,200,87
129,201,87
129,202,87
129,203,87
129,204,87
129,205,87
129,206,87
129,207,87
129,208,87
129,209,87
129,210,87
129,211,87
129,212,87
129,213,87
129,214,87
129,215,87
129,216,87
129,217,87
129,218,87
129,219,87
129,220,87
129,221,87
129,222,87
129,223,87
129,224,87
129,225,87
129,226,87
129,227,87
129,228,87
130,229,87
130,230,87
130,231,87
130,232,87
130,233,87
130,234,87
130,235,87
130,236,87
130,237,87
130,238,87
130,239,87
130,0,88
130,1,88
130,2,88
130,3,88
130,4,88
130,5,88
130,6,88
130,7,88
130,8,88
130,9,88
130,10,88
130,11,88
130,12,88
130,13,88
130,14,88
130,15,88
130,16,88
130,17,88
130,18,88
130,19,88
130,20,88
130,21,88
130,22,88
130,23,88
130,24,88
130,25,88
130,26,88
130,27,88
130,28,88
131,29,88
131,30,88
131,31,88
131,32,88
131,33,88
131,34,88
131,35,88
131,36,88
131,37,88
131,38,88
131,39,88
131,40,88
131,41,88
131,42,88
131,43,88
131,44,88
131,45,88
131,46,88
131,47,88
131,48,88
131,49,88
131,50,88
131,51,88
131,52,88
131,53,88
131,54,88
131,55,88
131,56,88
131,57,88
131,58,88
131,59,88
131,60,88
131,61,88
131,62,88
131,63,88
131,64,88
131,65,88
131,66,88
131,67,88
132,68,88
132,69,88
132,70,88
132,71,88
132,72,88
132,73,88
132,74,88
132,75,88
132,76,88
132,77,88
132,78,88
132,79,88
132,80,88
132,81,88
132,82,88
132,83,88
132,84,88
132,85,88
132,86,88
132,87,88
132,88,88
132,89,88
132,90,88
132,91,88
132,92,88
132,93,88
132,94,88
132,95,88
132,96,88
132,97,88
132,98,88
132,99,88
132,100,88
132,101,88
132,102,88
132,103,88
132,104,88
132,105,88
133,106,88
133,107,88
133,108,88
133,109,88
133,110,88
133,111,88
133,112,88
133,113,88
133,114,88
133,115,88
133,116,88
133,117,88
133,118,88
133,119,88
133,120,88
133,121,88
133,122,88
133,123,88
133,124,88
133,125,88
133,126,88
133,127,88
133,128,88
133,129,88
133,130,88
133,131,88
133,132,88
133,133,88
133,134,88
133,135,88
133,136,88
133,137,88
133,138,88
133,139,88
133,140,88
133,141,88
134,142,88
134,143,88
134,144,88
134,145,88
134,146,88
134,147,88
134,148,88
134,149,88
134,150,88
134,151,88
134,152,88
134,153,88
134,154,88
134,155,88
134,156,88
134,157,88
134,158,88
134,159,88
134,160,88
134,161,88
134,162,88
134,163,88
134,164,88
134,165,88
134,166,88
134,167,88
134,168,88
134,169,88
134,170,88
134,171,88
134,172,88
134,173,88
134,174,88
134,175,88
134,176,88
134,177,88
134,178,88
135,179,88
135,180,88
135,181,88
135,182,88
135,183,88
135,184,88
135,185,88
135,186,88
135,187,88
135,188,88
135,189,88
135,190,88
135,191,88
135,192,88
135,193,88
135,194,88
135,195,88
135,196,88
135,197,88
135,198,88
135,199,88
135,200,88
135,201,88
135,202,88
135,203,88
135,204,88
135,205,88
135,206,88
135,207,88
135,208,88
135,209,88
135,210,88
136,211,88
136,212,88
136,213,88
136,214,88
136,215,88
136,216,88
136,217,88
136,218,88
136,219,88
136,220,88
136,221,88
136,222,88
136,223,88
136,224,88
136,225,88
136,226,88
136,227,88
136,228,88
136,229,88
136,230,88
136,231,88
136,232,88
136,233,88
136,234,88
136,235,88
136,236,88
136,237,88
136,238,88
136,239,88
136,0,89
136,1,89
136,2,89
136,3,89
136,4,89
137,5,89
137,6,89
137,7,89
137,8,89
137,9,89
137,10,89
137,11,89
137,12,89
137,13,89
137,14,89
137,15,89
137,16,89
137,17,89
137,18,89
137,19,89
137,20,89
137,21,89
137,22,89
137,23,89
137,24,89
137,25,89
137,26,89
137,27,89
137,28,89
137,29,89
137,30,89
137,31,89
137,32,89
137,33,89
137,34,89
137,35,89
137,36,89
137,37,89
137,38,89
137,39,89
137,40,89
138,41,89
138,42,89
138,43,89
138,44,89
138,45,89
138,46,89
138,47,89
138,48,89
138,49,89
138,50,89
138,51,89
138,52,89
138,53,89
138,54,89
138,55,89
138,56,89
138,57,89
138,58,89
138,59,89
138,60,89
138,61,89
138,62,89
138,63,89
138,64,89
138,65,89
138,66,89
138,67,89
138,68,89
138,69,89
138,70,89
138,71,89
139,72,89
139,73,89
139,74,89
139,75,89
139,76,89
139,77,89
139,78,89
139,79,89
139,80,89
139,81,89
139,82,89
139,83,89
139,84,89
139,85,89
139,86,89
139,87,89
139,88,89
139,89,89
139,90,89
139,91,89
139,92,89
139,93,89
139,94,89
139,95,89
139,96,89
139,97,89
139,98,89
139,99,89
139,100,89
139,101,89
139,102,89
139,103,89
139,104,89
140,105,89
140,106,89
140,107,89
140,108,89
140,109,89
140,110,89
140,111,89
140,112,89
140,113,89
140,114,89
140,115,89
140,116,89
140,117,89
140,118,89
140,119,89
140,120,89
140,121,89
140,122,89
140,123,89
140,124,89
140,125,89
140,126,89
140,127,89
140,128,89
140,129,89
140,130,89
140,131,89
140,132,89
140,133,89
140,134,89
140,135,89
140,136,89
140,137,89
140,138,89
140,139,89
140,140,89
141,141,89
141,142,89
141,143,89
141,144,89
141,145,89
141,146,89
141,147,89
141,148,89
141,149,89
141,150,89
141,151,89
141,152,89
141,153,89
141,154,89
141,155,89
141,156,89
141,157,89
141,158,89
141,159,89
141,160,89
141,161,89
141,162,89
141,163,89
141,164,89
141,165,89
141,166,89
141,167,89
141,168,89
141,169,89
141,170,89
141,171,89
141,172,89
141,173,89
141,174,89
141,175,89
141,176,89
142,177,89
142,178,89
142,179,89
142,180,89
142,181,89
142,182,89
142,183,89
142,184,89
142,185,89
142,186,89
142,187,89
142,188,89
142,189,89
142,190,89
142,191,89
142,192,89
142,193,89
142,194,89
142,195,89
142,196,89
142,197,89
142,198,89
142,199,89
142,200,89
142,201,89
142,202,89
142,203,89
142,204,89
142,205,89
142,206,89
142,207,89
142,208,89
142,209,89
142,210,89
143,211,89
143,212,89
143,213,89
143,214,89
143,215,89
143,216,89
143,217,89
143,218,89
143,219,89
143,220,89
143,221,89
143,222,89
143,223,89
143,224,89
143,225,89
143,226,89
143,227,89
143,228,89
143,229,89
143,230,89
143,231,89
143,232,89
143,233,89
143,234,89
143,235,89
143,236,89
143,237,89
143,238,89
143,239,89
143,0,90
143,1,90
143,2,90
143,3,90
143,4,90
143,5,90
144,6,90
144,7,90
144,8,90
144,9,90
144,10,90
144,11,90
144,12,90
144,13,90
144,14,90
144,15,90
144,16,90
144,17,90
144,18,90
144,19,90
144,20,90
144,21,90
144,22,90
144,23,90
144,24,90
144,25,90
144,26,90
144,27,90
144,28,90
144,29,90
144,30,90
144,31,90
144,32,90
144,33,90
144,34,90
144,35,90
144,36,90
145,37,90
145,38,90
145,39,90
145,40,90
145,41,90
145,42,90
145,43,90
145,44,90
145,45,90
145,46,90
145,47,90
145,48,90
145,49,90
145,50,90
145,51,90
145,52,90
145,53,90
145,54,90
145,55,90
145,56,90
145,57,90
145,58,90
145,59,90
145,60,90
145,61,90
145,62,90
145,63,90
145,64,90
145,65,90
145,66,90
145,67,90
145,68,90
145,69,90
145,70,90
145,71,90
145,72,90
145,73,90
145,74,90
145,75,90
146,76,90
146,77,90
146,78,90
146,79,90
146,80,90
146,81,90
146,82,90
146,83,90
146,84,90
146,85,90
146,86,90
146,87,90
146,88,90
146,89,90
146,90,90
146,91,90
146,92,90
146,93,90
146,94,90
146,95,90
146,96,90
146,97,90
146,98,90
146,99,90
146,100,90
146,101,90
146,102,90
146,103,90
146,104,90
146,105,90
146,106,90
146,107,90
146,108,90
146,109,90
146,110,90
146,111,90
146,112,90
146,113,90
147,114,90
147,115,90
147,116,90
147,117,90
147,118,90
147,119,90
147,120,90
147,121,90
147,122,90
147,123,90
147,124,90
147,125,90
147,126,90
147,127,90
147,128,90
147,129,90
147,130,90
147,131,90
147,132,90
147,133,90
147,134,90
147,135,90
147,136,90
147,137,90
147,138,90
147,139,90
147,140,90
147,141,90
147,142,90
147,143,90
148,144,90
148,145,90
148,146,90
148,147,90
148,148,90
148,149,90
148,150,90
148,151,90
148,152,90
148,153,90
148,154,90
148,155,90
148,156,90
148,157,90
148,158,90
148,159,90
148,160,90
148,161,90
148,162,90
148,163,90
148,164,90
148,165,90
148,166,90
148,167,90
148,168,90
148,169,90
148,170,90
148,171,90
148,172,90
148,173,90
148,174,90
148,175,90
148,176,90
148,177,90
148,178,90
148,179,90
149,180,90
149,181,90
149,182,90
149,183,90
149,184,90
149,185,90
149,186,90
149,187,90
149,188,90
149,189,90
149,190,90
149,191,90
149,192,90
149,193,90
149,194,90
149,195,90
149,196,90
149,197,90
149,198,90
149,199,90
149,200,90
149,201,90
149,202,90
149,203,90
149,204,90
149,205,90
149,206,90
150,207,90
150,208,90
150,209,90
150,210,90
150,211,90
150,212,90
150,213,90
150,214,90
150,215,90
150,216,90
150,217,90
150,218,90
150,219,90
150,220,90
150,221,90
150,222,90
150,223,90
150,224,90
150,225,90
150,226,90
150,227,90
150,228,90
150,229,90
150,230,90
150,231,90
150,232,90
150,233,90
150,234,90
150,235,90
150,236,90
150,237,90
150,238,90
150,239,90
150,0,91
150,1,91
150,2,91
150,3,91
151,4,91
151,5,91
151,6,91
151,7,91
151,8,91
151,9,91
151,10,91
151,11,91
151,12,91
151,13,91
151,14,91
151,15,91
151,16,91
151,17,91
151,18,91
151,19,91
151,20,91
151,21,91
151,22,91
151,23,91
151,24,91
151,25,91
151,26,91
151,27,91
151,28,91
151,29,91
151,30,91
151,31,91
151,32,91
151,33,91
151,34,91
151,35,91
151,36,91
151,37,91
151,38,91
151,39,91
151,40,91
151,41,91
152,42,91
152,43,91
152,44,91
152,45,91
152,46,91
152,47,91
152,48,91
152,49,91
152,50,91
152,51,91
152,52,91
152,53,91
152,54,91
152,55,91
152,56,91
152,57,91
152,58,91
152,59,91
152,60,91
152,61,91
152,62,91
152,63,91
152,64,91
152,65,91
152,66,91
152,67,91
152,68,91
152,69,91
152,70,91
152,71,91
152,72,91
152,73,91
152,74,91
152,75,91
152,76,91
153,77,91
153,78,91
153,79,91
153,80,91
153,81,91
153,82,91
153,83,91
153,84,91
153,85,91
153,86,91
153,87,91
153,88,91
153,89,91
153,90,91
153,91,91
153,92,91
153,93,91
153,94,91
153,95,91
153,96,91
153,97,91
153,98,91
153,99,91
153,100,91
153,101,91
153,102,91
153,103,91
153,104,91
153,105,91
153,106,91
153,107,91
153,108,91
153,109,91
153,110,91
153,111,91
153,112,91
153,113,91
154,114,91
154,115,91
154,116,91
154,117,91
154,118,91
154,119,91
154,120,91
154,121,91
154,122,91
154,123,91
154,124,91
154,125,91
154,126,91
154,127,91
154,128,91
154,129,91
154,130,91
154,131,91
154,132,91
154,133,91
154,134,91
154,135,91
154,136,91
154,137,91
154,138,91
154,139,91
154,140,91
154,141,91
154,142,91
154,143,91
154,144,91
154,145,91
154,146,91
154,147,91
154,148,91
154,149,91
154,150,91
154,151,91
155,152,91
155,153,91
155,154,91
155,155,91
155,156,91
155,157,91
155,158,91
155,159,91
155,160,91
155,161,91
155,162,91
155,163,91
155,164,91
155,165,91
155,166,91
155,167,91
155,168,91
155,169,91
155,170,91
155,171,91
155,172,91
155,173,91
155,174,91
155,175,91
155,176,91
155,177,91
155,178,91
155,179,91
155,180,91
155,181,91
155,182,91
155,183,91
155,184,91
155,185,91
156,186,91
156,187,91
156,188,91
156,189,91
156,190,91
156,191,91
156,192,91
156,193,91
156,194,91
156,195,91
156,196,91
156,197,91
156,198,91
156,199,91
156,200,91
156,201,91
156,202,91
156,203,91
156,204,91
156,205,91
156,206,91
156,207,91
156,208,91
156,209,91
156,210,91
156,211,91
156,212,91
156,213,91
156,214,91
156,215,91
156,216,91
156,217,91
156,218,91
156,219,91
156,220,91
156,221,91
156,222,91
157,223,91
157,224,91
157,225,91
157,226,91
157,227,91
157,228,91
157,229,91
157,230,91
157,231,91
157,232,91
157,233,91
157,234,91
157,235,91
157,236,91
157,237,91
157,238,91
157,239,91
157,0,92
157,1,92
157,2,92
157,3,92
157,4,92
157,5,92
157,6,92
157,7,92
157,8,92
157,9,92
157,10,92
157,11,92
157,12,92
158,13,92
158,14,92
158,15,92
158,16,92
158,17,92
158,18,92
158,19,92
158,20,92
158,21,92
158,22,92
158,23,92
158,24,92
158,25,92
158,26,92
158,27,92
158,28,92
158,29,92
158,30,92
158,31,92
158,32,92
158,33,92
158,34,92
158,35,92
158,36,92
158,37,92
158,38,92
158,39,92
158,40,92
158,41,92
158,42,92
159,43,92
159,44,92
159,45,92
159,46,92
159,47,92
159,48,92
159,49,92
159,50,92
159,51,92
159,52,92
159,53,92
159,54,92
159,55,92
159,56,92
159,57,92
159,58,92
159,59,92
159,60,92
159,61,92
159,62,92
159,63,92
159,64,92
159,65,92
159,66,92
159,67,92
159,68,92
159,69,92
159,70,92
159,71,92
159,72,92
159,73,92
159,74,92
159,75,92
159,76,92
159,77,92
159,78,92
159,79,92
159,80,92
160,81,92
160,82,92
160,83,92
160,84,92
160,85,92
160,86,92
160,87,92
160,88,92
160,89,92
160,90,92
160,91,92
160,92,92
160,93,92
160,94,92
160,95,92
160,96,92
160,97,92
160,98,92
160,99,92
160,100,92
160,101,92
160,102,92
160,103,92
160,104,92
160,105,92
160,106,92
160,107,92
160,108,92
160,109,92
160,110,92
160,111,92
160,112,92
160,113,92
160,114,92
160,115,92
160,116,92
160,117,92
160,118,92
160,119,92
161,120,92
161,121,92
161,122,92
161,123,92
161,124,92
161,125,92
161,126,92
161,127,92
161,128,92
161,129,92
161,130,92
161,131,92
161,132,92
161,133,92
161,134,92
161,135,92
161,136,92
161,137,92
161,138,92
161,139,92
161,140,92
161,141,92
161,142,92
161,143,92
161,144,92
161,145,92
161,146,92
161,147,92
161,148,92
161,149,92
161,150,92
161,151,92
161,152,92
161,153,92
161,154,92
162,155,92
162,156,92
162,157,92
162,158,92
162,159,92
162,160,92
162,161,92
162,162,92
162,163,92
162,164,92
162,165,92
162,166,92
162,167,92
162,168,92
162,169,92
162,170,92
162,171,92
162,172,92
162,173,92
162,174,92
162,175,92
162,176,92
162,177,92
162,178,92
162,179,92
162,180,92
162,181,92
162,182,92
162,183,92
162,184,92
162,185,92
162,186,92
162,187,92
162,188,92
163,189,92
163,190,92
163,191,92
163,192,92
163,193,92
163,194,92
163,195,92
163,196,92
163,197,92
163,198,92
163,199,92
163,200,92
163,201,92
163,202,92
163,203,92
163,204,92
163,205,92
163,206,92
163,207,92
163,208,92
163,209,92
163,210,92
163,211,92
163,212,92
163,213,92
163,214,92
163,215,92
163,216,92
163,217,92
163,218,92
163,219,92
163,220,92
163,221,92
163,222,92
163,223,92
163,224,92
163,225,92
163,226,92
163,227,92
163,228,92
164,229,92
164,230,92
164,231,92
164,232,92
164,233,92
164,234,92
164,235,92
164,236,92
164,237,92
164,238,92
164,239,92
164,0,93
164,1,93
164,2,93
164,3,93
164,4,93
164,5,93
164,6,93
164,7,93
164,8,93
164,9,93
164,10,93
164,11,93
164,12,93
164,13,93
164,14,93
164,15,93
164,16,93
164,17,93
164,18,93
164,19,93
164,20,93
164,21,93
164,22,93
164,23,93
164,24,93
164,25,93
164,26,93
164,27,93
165,28,93
165,29,93
165,30,93
165,31,93
165,32,93
165,33,93
165,34,93
165,35,93
165,36,93
165,37,93
165,38,93
165,39,93
165,40,93
165,41,93
165,42,93
165,43,93
165,44,93
165,45,93
165,46,93
165,47,93
165,48,93
165,49,93
165,50,93
165,51,93
165,52,93
165,53,93
165,54,93
165,55,93
165,56,93
165,57,93
165,58,93
165,59,93
165,60,93
165,61,93
165,62,93
165,63,93
165,64,93
165,65,93
165,66,93
165,67,93
166,68,93
166,69,93
166,70,93
166,71,93
166,72,93
166,73,93
166,74,93
166,75,93
166,76,93
166,77,93
166,78,93
166,79,93
166,80,93
166,81,93
166,82,93
166,83,93
166,84,93
166,85,93
166,86,93
166,87,93
166,88,93
166,89,93
166,90,93
166,91,93
166,92,93
166,93,93
166,94,93
166,95,93
166,96,93
166,97,93
166,98,93
166,99,93
166,100,93
166,101,93
166,102,93
166,103,93
166,104,93
166,105,93
167,106,93
167,107,93
167,108,93
167,109,93
167,110,93
167,111,93
167,112,93
167,113,93
167,114,93
167,115,93
167,116,93
167,117,93
167,118,93
167,119,93
167,120,93
167,121,93
167,122,93
167,123,93
167,124,93
167,125,93
167,126,93
167,127,93
167,128,93
167,129,93
167,130,93
167,131,93
167,132,93
167,133,93
167,134,93
167,135,93
167,136,93
167,137,93
167,138,93
167,139,93
167,140,93
167,141,93
167,142,93
167,143,93
167,144,93
168,145,93
168,146,93
168,147,93
168,148,93
168,149,93
168,150,93
168,151,93
168,152,93
168,153,93
168,154,93
168,155,93
168,156,93
168,157,93
168,158,93
168,159,93
168,160,93
168,161,93
168,162,93
168,163,93
168,164,93
168,165,93
168,166,93
168,167,93
168,168,93
168,169,93
168,170,93
168,171,93
168,172,93
168,173,93
168,174,93
168,175,93
168,176,93
168,177,93
168,178,93
168,179,93
168,180,93
168,181,93
168,182,93
168,183,93
168,184,93
169,185,93
169,186,93
169,187,93
169,188,93
169,189,93
169,190,93
169,191,93
169,192,93
169,193,93
169,194,93
169,195,93
169,196,93
169,197,93
169,198,93
169,199,93
169,200,93
169,201,93
169,202,93
169,203,93
169,204,93
169,205,93
169,206,93
169,207,93
169,208,93
169,209,93
169,210,93
169,211,93
169,212,93
169,213,93
169,214,93
169,215,93
169,216,93
169,217,93
169,218,93
169,219,93
169,220,93
169,221,93
169,222,93
169,223,93
169,224,93
169,225,93
169,226,93
170,227,93
170,228,93
170,229,93
170,230,93
170,231,93
170,232,93
170,233,93
170,234,93
170,235,93
170,236,93
170,237,93
170,238,93
170,239,93
170,0,94
170,1,94
170,2,94
170,3,94
170,4,94
170,5,94
170,6,94
170,7,94
170,8,94
170,9,94
170,10,94
170,11,94
170,12,94
170,13,94
170,14,94
170,15,94
170,16,94
170,17,94
170,18,94
170,19,94
170,20,94
170,21,94
170,22,94
170,23,94
170,24,94
170,25,94
170,26,94
170,27,94
170,28,94
171,29,94
171,30,94
171,31,94
171,32,94
171,33,94
171,34,94
171,35,94
171,36,94
171,37,94
171,38,94
171,39,94
171,40,94
171,41,94
171,42,94
171,43,94
171,44,94
171,45,94
171,46,94
171,47,94
171,48,94
171,49,94
171,50,94
171,51,94
171,52,94
171,53,94
171,54,94
171,55,94
171,56,94
171,57,94
171,58,94
171,59,94
171,60,94
171,61,94
171,62,94
171,63,94
171,64,94
171,65,94
171,66,94
171,67,94
172,68,94
172,69,94
172,70,94
172,71,94
172,72,94
172,73,94
172,74,94
172,75,94
172,76,94
172,77,94
172,78,94
172,79,94
172,80,94
172,81,94
172,82,94
172,83,94
172,84,94
172,85,94
172,86,94
172,87,94
172,88,94
172,89,94
172,90,94
172,91,94
172,92,94
172,93,94
172,94,94
172,95,94
172,96,94
172,97,94
172,98,94
172,99,94
172,100,94
172,101,94
172,102,94
172,103,94
172,104,94
172,105,94
172,106,94
172,107,94
172,108,94
172,109,94
172,110,94
173,111,94
173,112,94
173,113,94
173,114,94
173,115,94
173,116,94
173,117,94
173,118,94
173,119,94
173,120,94
173,121,94
173,122,94
173,123,94
173,124,94
173,125,94
173,126,94
173,127,94
173,128,94
173,129,94
173,130,94
173,131,94
173,132,94
173,133,94
173,134,94
173,135,94
173,136,94
173,137,94
173,138,94
173,139,94
174,140,94
174,141,94
174,142,94
174,143,94
174,144,94
174,145,94
174,146,94
174,147,94
174,148,94
174,149,94
174,150,94
174,151,94
174,152,94
174,153,94
174,154,94
174,155,94
174,156,94
174,157,94
174,158,94
174,159,94
174,160,94
174,161,94
174,162,94
174,163,94
174,164,94
174,165,94
174,166,94
174,167,94
174,168,94
174,169,94
174,170,94
174,171,94
174,172,94
174,173,94
174,174,94
174,175,94
174,176,94
174,177,94
174,178,94
174,179,94
174,180,94
174,181,94
174,182,94
175,183,94
175,184,94
175,185,94
175,186,94
175,187,94
175,188,94
175,189,94
175,190,94
175,191,94
175,192,94
175,193,94
175,194,94
175,195,94
175,196,94
175,197,94
175,198,94
175,199,94
175,200,94
175,201,94
175,202,94
175,203,94
175,204,94
175,205,94
175,206,94
175,207,94
175,208,94
175,209,94
175,210,94
175,211,94
175,212,94
175,213,94
175,214,94
175,215,94
175,216,94
175,217,94
175,218,94
175,219,94
175,220,94
175,221,94
175,222,94
175,223,94
176,224,94
176,225,94
176,226,94
176,227,94
176,228,94
176,229,94
176,230,94
176,231,94
176,232,94
176,233,94
176,234,94
176,235,94
176,236,94
176,237,94
176,238,94
176,239,94
176,0,95
176,1,95
176,2,95
176,3,95
176,4,95
176,5,95
176,6,95
176,7,95
176,8,95
176,9,95
176,10,95
176,11,95
176,12,95
176,13,95
176,14,95
176,15,95
176,16,95
176,17,95
176,18,95
176,19,95
176,20,95
176,21,95
176,22,95
176,23,95
176,24,95
176,25,95
176,26,95
177,27,95
177,28,95
177,29,95
177,30,95
177,31,95
177,32,95
177,33,95
177,34,95
177,35,95
177,36,95
177,37,95
177,38,95
177,39,95
177,40,95
177,41,95
177,42,95
177,43,95
177,44,95
177,45,95
177,46,95
177,47,95
177,48,95
177,49,95
177,50,95
177,51,95
177,52,95
177,53,95
177,54,95
177,55,95
177,56,95
177,57,95
177,58,95
177,59,95
177,60,95
177,61,95
177,62,95
177,63,95
177,64,95
177,65,95
177,66,95
177,67,95
177,68,95
177,69,95
178,70,95
178,71,95
178,72,95
178,73,95
178,74,95
178,75,95
178,76,95
178,77,95
178,78,95
178,79,95
178,80,95
178,81,95
178,82,95
178,83,95
178,84,95
178,85,95
178,86,95
178,87,95
178,88,95
178,89,95
178,90,95
178,91,95
178,92,95
178,93,95
178,94,95
178,95,95
178,96,95
178,97,95
178,98,95
178,99,95
178,100,95
178,101,95
178,102,95
178,103,95
178,104,95
178,105,95
178,106,95
178,107,95
178,108,95
178,109,95
179,110,95
179,111,95
179,112,95
179,113,95
179,114,95
179,115,95
179,116,95
179,117,95
179,118,95
179,119,95
179,120,95
179,121,95
179,122,95
179,123,95
179,124,95
179,125,95
179,126,95
179,127,95
179,128,95
179,129,95
179,130,95
179,131,95
179,132,95
179,133,95
179,134,95
179,135,95
179,136,95
179,137,95
179,138,95
179,139,95
179,140,95
179,141,95
179,142,95
179,143,95
179,144,95
179,145,95
179,146,95
179,147,95
180,148,95
180,149,95
180,150,95
180,151,95
180,152,95
180,153,95
180,154,95
180,155,95
180,156,95
180,157,95
180,158,95
180,159,95
180,160,95
180,161,95
180,162,95
180,163,95
180,164,95
180,165,95
180,166,95
180,167,95
180,168,95
180,169,95
180,170,95
180,171,95
180,172,95
180,173,95
180,174,95
180,175,95
180,176,95
180,177,95
180,178,95
180,179,95
180,180,95
180,181,95
180,182,95
180,183,95
180,184,95
180,185,95
180,186,95
181,187,95
181,188,95
181,189,95
181,190,95
181,191,95
181,192,95
181,193,95
181,194,95
181,195,95
181,196,95
181,197,95
181,198,95
181,199,95
181,200,95
181,201,95
181,202,95
181,203,95
181,204,95
181,205,95
181,206,95
181,207,95
181,208,95
181,209,95
181,210,95
181,211,95
181,212,95
181,213,95
181,214,95
181,215,95
181,216,95
181,217,95
181,218,95
181,219,95
181,220,95
181,221,95
181,222,95
181,223,95
182,224,95
182,225,95
182,226,95
182,227,95
182,228,95
182,229,95
182,230,95
182,231,95
182,232,95
182,233,95
182,234,95
182,235,95
182,236,95
182,237,95
182,238,95
182,239,95
182,0,96
182,1,96
182,2,96
182,3,96
182,4,96
182,5,96
182,6,96
182,7,96
182,8,96
182,9,96
182,10,96
182,11,96
182,12,96
182,13,96
182,14,96
182,15,96
182,16,96
182,17,96
182,18,96
182,19,96
182,20,96
182,21,96
182,22,96
182,23,96
182,24,96
182,25,96
182,26,96
183,27,96
183,28,96
183,29,96
183,30,96
183,31,96
183,32,96
183,33,96
183,34,96
183,35,96
183,36,96
183,37,96
183,38,96
183,39,96
183,40,96
183,41,96
183,42,96
183,43,96
183,44,96
183,45,96
183,46,96
183,47,96
183,48,96
183,49,96
183,50,96
183,51,96
183,52,96
183,53,96
183,54,96
183,55,96
183,56,96
183,57,96
183,58,96
183,59,96
183,60,96
183,61,96
183,62,96
183,63,96
183,64,96
183,65,96
183,66,96
183,67,96
183,68,96
183,69,96
184,70,96
184,71,96
184,72,96
184,73,96
184,74,96
184,75,96
184,76,96
184,77,96
184,78,96
184,79,96
184,80,96
184,81,96
184,82,96
184,83,96
184,84,96
184,85,96
184,86,96
184,87,96
184,88,96
184,89,96
184,90,96
184,91,96
184,92,96
184,93,96
184,94,96
184,95,96
184,96,96
184,97,96
184,98,96
184,99,96
184,100,96
184,101,96
184,102,96
184,103,96
184,104,96
184,105,96
184,106,96
184,107,96
184,108,96
184,109,96
184,110,96
184,111,96
185,112,96
185,113,96
185,114,96
185,115,96
185,116,96
185,117,96
185,118,96
185,119,96
185,120,96
185,121,96
185,122,96
185,123,96
185,124,96
185,125,96
185,126,96
185,127,96
185,128,96
185,129,96
185,130,96
185,131,96
185,132,96
185,133,96
185,134,96
185,135,96
185,136,96
185,137,96
185,138,96
185,139,96
185,140,96
185,141,96
185,142,96
185,143,96
185,144,96
185,145,96
185,146,96
185,147,96
185,148,96
185,149,96
185,150,96
185,151,96
185,152,96
185,153,96
186,154,96
186,155,96
186,156,96
186,157,96
186,158,96
186,159,96
186,160,96
186,161,96
186,162,96
186,163,96
186,164,96
186,165,96
186,166,96
186,167,96
186,168,96
186,169,96
186,170,96
186,171,96
186,172,96
186,173,96
186,174,96
186,175,96
186,176,96
186,177,96
186,178,96
186,179,96
186,180,96
186,181,96
186,182,96
186,183,96
186,184,96
186,185,96
186,186,96
186,187,96
186,188,96
186,189,96
186,190,96
186,191,96
186,192,96
186,193,96
186,194,96
186,195,96
187,196,96
187,197,96
187,198,96
187,199,96
187,200,96
187,201,96
187,202,96
187,203,96
187,204,96
187,205,96
187,206,96
187,207,96
187,208,96
187,209,96
187,210,96
187,211,96
187,212,96
187,213,96
187,214,96
187,215,96
187,216,96
187,217,96
187,218,96
187,219,96
187,220,96
187,221,96
187,222,96
187,223,96
187,224,96
187,225,96
187,226,96
187,227,96
187,228,96
187,229,96
187,230,96
187,231,96
187,232,96
187,233,96
187,234,96
187,235,96
187,236,96
187,237,96
187,238,96
188,239,96
188,0,97
188,1,97
188,2,97
188,3,97
188,4,97
188,5,97
188,6,97
188,7,97
188,8,97
188,9,97
188,10,97
188,11,97
188,12,97
188,13,97
188,14,97
188,15,97
188,16,97
188,17,97
188,18,97
188,19,97
188,20,97
188,21,97
188,22,97
188,23,97
188,24,97
188,25,97
188,26,97
188,27,97
188,28,97
188,29,97
188,30,97
188,31,97
188,32,97
188,33,97
188,34,97
188,35,97
188,36,97
188,37,97
188,38,97
188,39,97
189,40,97
189,41,97
189,42,97
189,43,97
189,44,97
189,45,97
189,46,97
189,47,97
189,48,97
189,49,97
189,50,97
189,51,97
189,52,97
189,53,97
189,54,97
189,55,97
189,56,97
189,57,97
189,58,97
189,59,97
189,60,97
189,61,97
189,62,97
189,63,97
189,64,97
189,65,97
189,66,97
189,67,97
189,68,97
189,69,97
189,70,97
189,71,97
189,72,97
189,73,97
189,74,97
189,75,97
190,76,97
190,77,97
190,78,97
190,79,97
190,80,97
190,81,97
190,82,97
190,83,97
190,84,97
190,85,97
190,86,97
190,87,97
190,88,97
190,89,97
190,90,97
190,91,97
190,92,97
190,93,97
190,94,97
190,95,97
190,96,97
190,97,97
190,98,97
190,99,97
190,100,97
190,101,97
190,102,97
190,103,97
190,104,97
190,105,97
190,106,97
190,107,97
190,108,97
190,109,97
190,110,97
190,111,97
191,112,97
191,113,97
191,114,97
191,115,97
191,116,97
191,117,97
191,118,97
191,119,97
191,120,97
191,121,97
191,122,97
191,123,97
191,124,97
191,125,97
191,126,97
191,127,97
191,128,97
191,129,97
191,130,97
191,131,97
191,132,97
191,133,97
191,134,97
191,135,97
191,136,97
191,137,97
191,138,97
191,139,97
191,140,97
191,141,97
191,142,97
191,143,97
191,144,97
191,145,97
191,146,97
191,147,97
191,148,97
191,149,97
191,150,97
191,151,97
191,152,97
191,153,97
192,154,97
192,155,97
192,156,97
192,157,97
192,158,97
192,159,97
192,160,97
192,161,97
192,162,97
192,163,97
192,164,97
192,165,97
192,166,97
192,167,97
192,168,97
192,169,97
192,170,97
192,171,97
192,172,97
192,173,97
192,174,97
192,175,97
192,176,97
192,177,97
192,178,97
192,179,97
192,180,97
192,181,97
192,182,97
192,183,97
192,184,97
192,185,97
192,186,97
192,187,97
192,188,97
192,189,97
192,190,97
192,191,97
192,192,97
192,193,97
192,194,97
192,195,97
193,196,97
193,197,97
193,198,97
193,199,97
193,200,97
193,201,97
193,202,97
193,203,97
193,204,97
193,205,97
193,206,97
193,207,97
193,208,97
193,209,97
193,210,97
193,211,97
193,212,97
193,213,97
193,214,97
193,215,97
193,216,97
193,217,97
193,218,97
193,219,97
193,220,97
193,221,97
193,222,97
193,223,97
193,224,97
193,225,97
193,226,97
193,227,97
193,228,97
193,229,97
193,230,97
193,231,97
193,232,97
193,233,97
193,234,97
193,235,97
193,236,97
193,237,97
193,238,97
194,239,97
194,0,98
194,1,98
194,2,98
194,3,98
194,4,98
194,5,98
194,6,98
194,7,98
194,8,98
194,9,98
194,10,98
194,11,98
194,12,98
194,13,98
194,14,98
194,15,98
194,16,98
194,17,98
194,18,98
194,19,98
194,20,98
194,21,98
194,22,98
194,23,98
194,24,98
194,25,98
194,26,98
194,27,98
194,28,98
194,29,98
194,30,98
194,31,98
194,32,98
194,33,98
194,34,98
194,35,98
194,36,98
194,37,98
194,38,98
194,39,98
195,40,98
195,41,98
195,42,98
195,43,98
195,44,98
195,45,98
195,46,98
195,47,98
195,48,98
195,49,98
195,50,98
195,51,98
195,52,98
195,53,98
195,54,98
195,55,98
195,56,98
195,57,98
195,58,98
195,59,98
195,60,98
195,61,98
195,62,98
195,63,98
195,64,98
195,65,98
195,66,98
195,67,98
195,68,98
195,69,98
195,70,98
195,71,98
195,72,98
195,73,98
195,74,98
195,75,98
195,76,98
195,77,98
195,78,98
195,79,98
195,80,98
195,81,98
195,82,98
196,83,98
196,84,98
196,85,98
196,86,98
196,87,98
196,88,98
196,89,98
196,90,98
196,91,98
196,92,98
196,93,98
196,94,98
196,95,98
196,96,98
196,97,98
196,98,98
196,99,98
196,100,98
196,101,98
196,102,98
196,103,98
196,104,98
196,105,98
196,106,98
196,107,98
196,108,98
196,109,98
196,110,98
196,111,98
196,112,98
196,113,98
196,114,98
196,115,98
196,116,98
196,117,98
196,118,98
196,119,98
196,120,98
196,121,98
196,122,98
196,123,98
196,124,98
197,125,98
197,126,98
197,127,98
197,128,98
197,129,98
197,130,98
197,131,98
197,132,98
197,133,98
197,134,98
197,135,98
197,136,98
197,137,98
197,138,98
197,139,98
197,140,98
197,141,98
197,142,98
197,143,98
197,144,98
197,145,98
197,146,98
197,147,98
197,148,98
197,149,98
197,150,98
197,151,98
197,152,98
197,153,98
197,154,98
197,155,98
197,156,98
197,157,98
197,158,98
197,159,98
197,160,98
197,161,98
197,162,98
197,163,98
197,164,98
197,165,98
198,166,98
198,167,98
198,168,98
198,169,98
198,170,98
198,171,98
198,172,98
198,173,98
198,174,98
198,175,98
198,176,98
198,177,98
198,178,98
198,179,98
198,180,98
198,181,98
198,182,98
198,183,98
198,184,98
198,185,98
198,186,98
198,187,98
198,188,98
198,189,98
198,190,98
198,191,98
198,192,98
198,193,98
198,194,98
198,195,98
198,196,98
198,197,98
198,198,98
198,199,98
198,200,98
198,201,98
198,202,98
198,203,98
198,204,98
198,205,98
198,206,98
199,207,98
199,208,98
199,209,98
199,210,98
199,211,98
199,212,98
199,213,98
199,214,98
199,215,98
199,216,98
199,217,98
199,218,98
199,219,98
199,220,98
199,221,98
199,222,98
199,223,98
199,224,98
199,225,98
199,226,98
199,227,98
199,228,98
199,229,98
199,230,98
199,231,98
199,232,98
199,233,98
199,234,98
199,235,98
199,236,98
199,237,98
199,238,98
199,239,98
199,0,99
199,1,99
199,2,99
200,3,99
200,4,99
200,5,99
200,6,99
200,7,99
200,8,99
200,9,99
200,10,99
200,11,99
200,12,99
200,13,99
200,14,99
200,15,99
200,16,99
200,17,99
200,18,99
200,19,99
200,20,99
200,21,99
200,22,99
200,23,99
200,24,99
200,25,99
200,26,99
200,27,99
200,28,99
200,29,99
200,30,99
200,31,99
200,32,99
200,33,99
200,34,99
200,35,99
200,36,99
200,37,99
200,38,99
200,39,99
200,40,99
200,41,99
200,42,99
200,43,99
201,44,99
201,45,99
201,46,99
201,47,99
201,48,99
201,49,99
201,50,99
201,51,99
201,52,99
201,53,99
201,54,99
201,55,99
201,56,99
201,57,99
201,58,99
201,59,99
201,60,99
201,61,99
201,62,99
201,63,99
201,64,99
201,65,99
201,66,99
201,67,99
201,68,99
201,69,99
201,70,99
201,71,99
201,72,99
201,73,99
201,74,99
201,75,99
201,76,99
201,77,99
201,78,99
201,79,99
201,80,99
201,81,99
201,82,99
201,83,99
201,84,99
201,85,99
202,86,99
202,87,99
202,88,99
202,89,99
202,90,99
202,91,99
202,92,99
202,93,99
202,94,99
202,95,99
202,96,99
202,97,99
202,98,99
202,99,99
202,100,99
202,101,99
202,102,99
202,103,99
202,104,99
202,105,99
202,106,99
202,107,99
202,108,99
202,109,99
202,110,99
202,111,99
202,112,99
202,113,99
202,114,99
202,115,99
202,116,99
202,117,99
202,118,99
202,119,99
202,120,99
202,121,99
202,122,99
202,123,99
202,124,99
202,125,99
202,126,99
202,127,99
202,128,99
203,129,99
203,130,99
203,131,99
203,132,99
203,133,99
203,134,99
203,135,99
203,136,99
203,137,99
203,138,99
203,139,99
203,140,99
203,141,99
203,142,99
203,143,99
203,144,99
203,145,99
203,146,99
203,147,99
203,148,99
203,149,99
203,150,99
203,151,99
203,152,99
203,153,99
203,154,99
203,155,99
203,156,99
203,157,99
203,158,99
203,159,99
203,160,99
203,161,99
203,162,99
203,163,99
203,164,99
203,165,99
203,166,99
203,167,99
203,168,99
203,169,99
203,170,99
204,171,99
204,172,99
204,173,99
204,174,99
204,175,99
204,176,99
204,177,99
204,178,99
204,179,99
204,180,99
204,181,99
204,182,99
204,183,99
204,184,99
204,185,99
204,186,99
204,187,99
204,188,99
204,189,99
204,190,99
204,191,99
204,192,99
204,193,99
204,194,99
204,195,99
204,196,99
204,197,99
204,198,99
204,199,99
204,200,99
204,201,99
204,202,99
204,203,99
204,204,99
204,205,99
204,206,99
204,207,99
204,208,99
204,209,99
204,210,99
204,211,99
204,212,99
205,213,99
205,214,99
205,215,99
205,216,99
205,217,99
205,218,99
205,219,99
205,220,99
205,221,99
205,222,99
205,223,99
205,224,99
205,225,99
205,226,99
205,227,99
205,228,99
205,229,99
205,230,99
205,231,99
205,232,99
205,233,99
205,234,99
205,235,99
205,236,99
205,237,99
205,238,99
205,239,99
205,0,100
205,1,100
205,2,100
205,3,100
205,4,100
205,5,100
205,6,100
205,7,100
205,8,100
205,9,100
205,10,100
205,11,100
205,12,100
205,13,100
206,14,100
206,15,100
206,16,100
206,17,100
206,18,100
206,19,100
206,20,100
206,21,100
206,22,100
206,23,100
206,24,100
206,25,100
206,26,100
206,27,100
206,28,100
206,29,100
206,30,100
206,31,100
206,32,100
206,33,100
206,34,100
206,35,100
206,36,100
206,37,100
206,38,100
206,39,100
206,40,100
206,41,100
206,42,100
206,43,100
206,44,100
206,45,100
206,46,100
206,47,100
206,48,100
206,49,100
206,50,100
206,51,100
206,52,100
206,53,100
206,54,100
207,55,100
207,56,100
207,57,100
207,58,100
207,59,100
207,60,100
207,61,100
207,62,100
207,63,100
207,64,100
207,65,100
207,66,100
207,67,100
207,68,100
207,69,100
207,70,100
207,71,100
207,72,100
207,73,100
207,74,100
207,75,100
207,76,100
207,77,100
207,78,100
207,79,100
207,80,100
207,81,100
207,82,100
207,83,100
207,84,100
207,85,100
207,86,100
207,87,100
207,88,100
207,89,100
207,90,100
207,91,100
207,92,100
207,93,100
207,94,100
207,95,100
207,96,100
208,97,100
208,98,100
208,99,100
208,100,100
208,101,100
208,102,100
208,103,100
208,104,100
208,105,100
208,106,100
208,107,100
208,108,100
208,109,100
208,110,100
208,111,100
208,112,100
208,113,100
208,114,100
208,115,100
208,116,100
208,117,100
208,118,100
208,119,100
208,120,100
208,121,100
208,122,100
208,123,100
208,124,100
208,125,100
208,126,100
208,127,100
208,128,100
208,129,100
208,130,100
208,131,100
208,132,100
208,133,100
208,134,100
208,135,100
208,136,100
209,137,100
209,138,100
209,139,100
209,140,100
209,141,100
209,142,100
209,143,100
209,144,100
209,145,100
209,146,100
209,147,100
209,148,100
209,149,100
209,150,100
209,151,100
209,152,100
209,153,100
209,154,100
209,155,100
209,156,100
209,157,100
209,158,100
209,159,100
209,160,100
209,161,100
209,162,100
209,163,100
209,164,100
209,165,100
209,166,100
209,167,100
209,168,100
209,169,100
209,170,100
209,171,100
209,172,100
209,173,100
209,174,100
209,175,100
209,176,100
209,177,100
210,178,100
210,179,100
210,180,100
210,181,100
210,182,100
210,183,100
210,184,100
210,185,100
210,186,100
210,187,100
210,188,100
210,189,100
210,190,100
210,191,100
210,192,100
210,193,100
210,194,100
210,195,100
210,196,100
210,197,100
210,198,100
210,199,100
210,200,100
210,201,100
210,202,100
210,203,100
210,204,100
210,205,100
210,206,100
210,207,100
210,208,100
210,209,100
210,210,100
210,211,100
210,212,100
210,213,100
210,214,100
210,215,100
210,216,100
210,217,100
210,218,100
210,219,100
211,220,100
211,221,100
211,222,100
211,223,100
211,224,100
211,225,100
211,226,100
211,227,100
211,228,100
211,229,100
211,230,100
211,231,100
211,232,100
211,233,100
211,234,100
211,235,100
211,236,100
211,237,100
211,238,100
211,239,100
211,0,101
211,1,101
211,2,101
211,3,101
211,4,101
211,5,101
211,6,101
211,7,101
211,8,101
211,9,101
211,10,101
211,11,101
211,12,101
211,13,101
211,14,101
211,15,101
211,16,101
211,17,101
211,18,101
211,19,101
211,20,101
211,21,101
211,22,101
212,23,101
212,24,101
212,25,101
212,26,101
212,27,101
212,28,101
212,29,101
212,30,101
212,31,101
212,32,101
212,33,101
212,34,101
212,35,101
212,36,101
212,37,101
212,38,101
212,39,101
212,40,101
212,41,101
212,42,101
212,43,101
212,44,101
212,45,101
212,46,101
212,47,101
212,48,101
212,49,101
212,50,101
212,51,101
212,52,101
212,53,101
212,54,101
212,55,101
212,56,101
212,57,101
212,58,101
212,59,101
212,60,101
212,61,101
212,62,101
212,63,101
213,64,101
213,65,101
213,66,101
213,67,101
213,68,101
213,69,101
213,70,101
213,71,101
213,72,101
213,73,101
213,74,101
213,75,101
213,76,101
213,77,101
213,78,101
213,79,101
213,80,101
213,81,101
213,82,101
213,83,101
213,84,101
213,85,101
213,86,101
213,87,101
213,88,101
213,89,101
213,90,101
213,91,101
213,92,101
213,93,101
213,94,101
213,95,101
213,96,101
213,97,101
213,98,101
213,99,101
213,100,101
213,101,101
213,102,101
213,103,101
213,104,101
213,105,101
213,106,101
214,107,101
214,108,101
214,109,101
214,110,101
214,111,101
214,112,101
214,113,101
214,114,101
214,115,101
214,116,101
214,117,101
214,118,101
214,119,101
214,120,101
214,121,101
214,122,101
214,123,101
214,124,101
214,125,101
214,126,101
214,127,101
214,128,101
214,129,101
214,130,101
214,131,101
214,132,101
214,133,101
214,134,101
214,135,101
214,136,101
214,137,101
214,138,101
214,139,101
214,140,101
214,141,101
214,142,101
214,143,101
214,144,101
214,145,101
214,146,101
214,147,101
214,148,101
215,149,101
215,150,101
215,151,101
215,152,101
215,153,101
215,154,101
215,155,101
215,156,101
215,157,101
215,158,101
215,159,101
215,160,101
215,161,101
215,162,101
215,163,101
215,164,101
215,165,101
215,166,101
215,167,101
215,168,101
215,169,101
215,170,101
215,171,101
215,172,101
215,173,101
215,174,101
215,175,101
215,176,101
215,177,101
215,178,101
215,179,101
215,180,101
215,181,101
215,182,101
215,183,101
215,184,101
215,185,101
215,186,101
215,187,101
215,188,101
215,189,101
215,190,101
216,191,101
216,192,101
216,193,101
216,194,101
216,195,101
216,196,101
216,197,101
216,198,101
216,199,101
216,200,101
216,201,101
216,202,101
216,203,101
216,204,101
216,205,101
216,206,101
216,207,101
216,208,101
216,209,101
216,210,101
216,211,101
216,212,101
216,213,101
216,214,101
216,215,101
216,216,101
216,217,101
216,218,101
216,219,101
216,220,101
216,221,101
216,222,101
216,223,101
216,224,101
216,225,101
216,226,101
216,227,101
216,228,101
216,229,101
216,230,101
216,231,101
216,232,101
217,233,101
217,234,101
217,235,101
217,236,101
217,237,101
217,238,101
217,239,101
217,0,102
217,1,102
217,2,102
217,3,102
217,4,102
217,5,102
217,6,102
217,7,102
217,8,102
217,9,102
217,10,102
217,11,102
217,12,102
217,13,102
217,14,102
217,15,102
217,16,102
217,17,102
217,18,102
217,19,102
217,20,102
217,21,102
217,22,102
217,23,102
217,24,102
217,25,102
217,26,102
217,27,102
217,28,102
217,29,102
217,30,102
217,31,102
217,32,102
217,33,102
217,34,102
218,35,102
218,36,102
218,37,102
218,38,102
218,39,102
218,40,102
218,41,102
218,42,102
218,43,102
218,44,102
218,45,102
218,46,102
218,47,102
218,48,102
218,49,102
218,50,102
218,51,102
218,52,102
218,53,102
218,54,102
218,55,102
218,56,102
218,57,102
218,58,102
218,59,102
218,60,102
218,61,102
218,62,102
218,63,102
218,64,102
218,65,102
218,66,102
218,67,102
218,68,102
218,69,102
218,70,102
218,71,102
218,72,102
218,73,102
218,74,102
218,75,102
218,76,102
219,77,102
219,78,102
219,79,102
219,80,102
219,81,102
219,82,102
219,83,102
219,84,102
219,85,102
219,86,102
219,87,102
219,88,102
219,89,102
219,90,102
219,91,102
219,92,102
219,93,102
219,94,102
219,95,102
219,96,102
219,97,102
219,98,102
219,99,102
219,100,102
219,101,102
219,102,102
219,103,102
219,104,102
219,105,102
219,106,102
219,107,102
219,108,102
219,109,102
219,110,102
219,111,102
219,112,102
219,113,102
219,114,102
219,115,102
220,116,102
220,117,102
220,118,102
220,119,102
220,120,102
220,121,102
220,122,102
220,123,102
220,124,102
220,125,102
220,126,102
220,127,102
220,128,102
220,129,102
220,130,102
220,131,102
220,132,102
220,133,102
220,134,102
220,135,102
220,136,102
220,137,102
220,138,102
220,139,102
220,140,102
220,141,102
220,142,102
220,143,102
220,144,102
220,145,102
220,146,102
220,147,102
220,148,102
220,149,102
220,150,102
220,151,102
220,152,102
220,153,102
221,154,102
221,155,102
221,156,102
221,157,102
221,158,102
221,159,102
221,160,102
221,161,102
221,162,102
221,163,102
221,164,102
221,165,102
221,166,102
221,167,102
221,168,102
221,169,102
221,170,102
221,171,102
221,172,102
221,173,102
221,174,102
221,175,102
221,176,102
221,177,102
221,178,102
221,179,102
221,180,102
221,181,102
221,182,102
221,183,102
221,184,102
221,185,102
221,186,102
221,187,102
221,188,102
221,189,102
221,190,102
221,191,102
221,192,102
221,193,102
221,194,102
221,195,102
222,196,102
222,197,102
222,198,102
222,199,102
222,200,102
222,201,102
222,202,102
222,203,102
222,204,102
222,205,102
222,206,102
222,207,102
222,208,102
222,209,102
222,210,102
222,211,102
222,212,102
222,213,102
222,214,102
222,215,102
222,216,102
222,217,102
222,218,102
222,219,102
222,220,102
222,221,102
222,222,102
222,223,102
222,224,102
222,225,102
222,226,102
222,227,102
222,228,102
222,229,102
222,230,102
222,231,102
222,232,102
222,233,102
222,234,102
222,235,102
222,236,102
222,237,102
223,238,102
223,239,102
223,0,103
223,1,103
223,2,103
223,3,103
223,4,103
223,5,103
223,6,103
223,7,103
223,8,103
223,9,103
223,10,103
223,11,103
223,12,103
223,13,103
223,14,103
223,15,103
223,16,103
223,17,103
223,18,103
223,19,103
223,20,103
223,21,103
223,22,103
223,23,103
223,24,103
223,25,103
223,26,103
223,27,103
223,28,103
223,29,103
223,30,103
223,31,103
223,32,103
223,33,103
223,34,103
223,35,103
223,36,103
223,37,103
223,38,103
223,39,103
223,40,103
224,41,103
224,42,103
224,43,103
224,44,103
224,45,103
224,46,103
224,47,103
224,48,103
224,49,103
224,50,103
224,51,103
224,52,103
224,53,103
224,54,103
224,55,103
224,56,103
224,57,103
224,58,103
224,59,103
224,60,103
224,61,103
224,62,103
224,63,103
224,64,103
224,65,103
224,66,103
224,67,103
224,68,103
224,69,103
224,70,103
224,71,103
224,72,103
224,73,103
224,74,103
224,75,103
224,76,103
225,77,103
225,78,103
225,79,103
225,80,103
225,81,103
225,82,103
225,83,103
225,84,103
225,85,103
225,86,103
225,87,103
225,88,103
225,89,103
225,90,103
225,91,103
225,92,103
225,93,103
225,94,103
225,95,103
225,96,103
225,97,103
225,98,103
225,99,103
225,100,103
225,101,103
225,102,103
225,103,103
225,104,103
225,105,103
225,106,103
225,107,103
225,108,103
225,109,103
225,110,103
225,111,103
225,112,103
225,113,103
225,114,103
225,115,103
225,116,103
225,117,103
225,118,103
225,119,103
226,120,103
226,121,103
226,122,103
226,123,103
226,124,103
226,125,103
226,126,103
226,127,103
226,128,103
226,129,103
226,130,103
226,131,103
226,132,103
226,133,103
226,134,103
226,135,103
226,136,103
226,137,103
226,138,103
226,139,103
226,140,103
226,141,103
226,142,103
226,143,103
226,144,103
226,145,103
226,146,103
226,147,103
226,148,103
226,149,103
226,150,103
226,151,103
226,152,103
226,153,103
226,154,103
226,155,103
226,156,103
226,157,103
226,158,103
226,159,103
226,160,103
226,161,103
227,162,103
227,163,103
227,164,103
227,165,103
227,166,103
227,167,103
227,168,103
227,169,103
227,170,103
227,171,103
227,172,103
227,173,103
227,174,103
227,175,103
227,176,103
227,177,103
227,178,103
227,179,103
227,180,103
227,181,103
227,182,103
227,183,103
227,184,103
227,185,103
227,186,103
227,187,103
227,188,103
227,189,103
227,190,103
227,191,103
227,192,103
227,193,103
227,194,103
227,195,103
227,196,103
227,197,103
227,198,103
227,199,103
227,200,103
227,201,103
227,202,103
227,203,103
227,204,103
228,205,103
228,206,103
228,207,103
228,208,103
228,209,103
228,210,103
228,211,103
228,212,103
228,213,103
228,214,103
228,215,103
228,216,103
228,217,103
228,218,103
228,219,103
228,220,103
228,221,103
228,222,103
228,223,103
228,224,103
228,225,103
228,226,103
228,227,103
228,228,103
228,229,103
228,230,103
228,231,103
228,232,103
228,233,103
228,234,103
228,235,103
228,236,103
228,237,103
228,238,103
228,239,103
228,0,104
228,1,104
228,2,104
228,3,104
228,4,104
229,5,104
229,6,104
229,7,104
229,8,104
229,9,104
229,10,104
229,11,104
229,12,104
229,13,104
229,14,104
229,15,104
229,16,104
229,17,104
229,18,104
229,19,104
229,20,104
229,21,104
229,22,104
229,23,104
229,24,104
229,25,104
229,26,104
229,27,104
229,28,104
229,29,104
229,30,104
229,31,104
229,32,104
229,33,104
229,34,104
229,35,104
229,36,104
229,37,104
229,38,104
229,39,104
229,40,104
229,41,104
229,42,104
229,43,104
229,44,104
229,45,104
230,46,104
230,47,104
230,48,104
230,49,104
230,50,104
230,51,104
230,52,104
230,53,104
230,54,104
230,55,104
230,56,104
230,57,104
230,58,104
230,59,104
230,60,104
230,61,104
230,62,104
230,63,104
230,64,104
230,65,104
230,66,104
230,67,104
230,68,104
230,69,104
230,70,104
230,71,104
230,72,104
230,73,104
230,74,104
230,75,104
230,76,104
230,77,104
230,78,104
230,79,104
230,80,104
230,81,104
230,82,104
230,83,104
230,84,104
230,85,104
230,86,104
231,87,104
231,88,104
231,89,104
231,90,104
231,91,104
231,92,104
231,93,104
231,94,104
231,95,104
231,96,104
231,97,104
231,98,104
231,99,104
231,100,104
231,101,104
231,102,104
231,103,104
231,104,104
231,105,104
231,106,104
231,107,104
231,108,104
231,109,104
231,110,104
231,111,104
231,112,104
231,113,104
231,114,104
231,115,104
231,116,104
231,117,104
231,118,104
231,119,104
231,120,104
231,121,104
231,122,104
231,123,104
231,124,104
231,125,104
231,126,104
231,127,104
231,128,104
232,129,104
232,130,104
232,131,104
232,132,104
232,133,104
232,134,104
232,135,104
232,136,104
232,137,104
232,138,104
232,139,104
232,140,104
232,141,104
232,142,104
232,143,104
232,144,104
232,145,104
232,146,104
232,147,104
232,148,104
232,149,104
232,150,104
232,151,104
232,152,104
232,153,104
232,154,104
232,155,104
232,156,104
232,157,104
232,158,104
232,159,104
232,160,104
232,161,104
232,162,104
232,163,104
232,164,104
232,165,104
232,166,104
232,167,104
232,168,104
232,169,104
232,170,104
232,171,104
233,172,104
233,173,104
233,174,104
233,175,104
233,176,104
233,177,104
233,178,104
233,179,104
233,180,104
233,181,104
233,182,104
233,183,104
233,184,104
233,185,104
233,186,104
233,187,104
233,188,104
233,189,104
233,190,104
233,191,104
233,192,104
233,193,104
233,194,104
233,195,104
233,196,104
233,197,104
233,198,104
233,199,104
233,200,104
233,201,104
233,202,104
233,203,104
233,204,104
233,205,104
233,206,104
233,207,104
233,208,104
233,209,104
233,210,104
233,211,104
233,212,104
233,213,104
234,214,104
234,215,104
234,216,104
234,217,104
234,218,104
234,219,104
234,220,104
234,221,104
234,222,104
234,223,104
234,224,104
234,225,104
234,226,104
234,227,104
234,228,104
234,229,104
234,230,104
234,231,104
234,232,104
234,233,104
234,234,104
234,235,104
234,236,104
234,237,104
234,238,104
234,239,104
234,0,105
234,1,105
234,2,105
234,3,105
234,4,105
234,5,105
234,6,105
234,7,105
234,8,105
234,9,105
234,10,105
234,11,105
234,12,105
234,13,105
234,14,105
234,15,105
235,16,105
235,17,105
235,18,105
235,19,105
235,20,105
235,21,105
235,22,105
235,23,105
235,24,105
235,25,105
235,26,105
235,27,105
235,28,105
235,29,105
235,30,105
235,31,105
235,32,105
235,33,105
235,34,105
235,35,105
235,36,105
235,37,105
235,38,105
235,39,105
235,40,105
235,41,105
235,42,105
235,43,105
235,44,105
235,45,105
235,46,105
235,47,105
235,48,105
235,49,105
235,50,105
235,51,105
235,52,105
235,53,105
235,54,105
235,55,105
235,56,105
235,57,105
235,58,105
236,59,105
236,60,105
236,61,105
236,62,105
236,63,105
236,64,105
236,65,105
236,66,105
236,67,105
236,68,105
236,69,105
236,70,105
236,71,105
236,72,105
236,73,105
236,74,105
236,75,105
236,76,105
236,77,105
237,78,105
237,79,105
237,80,105
237,81,105
237,82,105
237,83,105
237,84,105
237,85,105
237,86,105
237,87,105
237,88,105
237,89,105
237,90,105
237,91,105
237,92,105
237,93,105
237,94,105
237,95,105
237,96,105
237,97,105
237,98,105
237,99,105
237,100,105
237,101,105
237,102,105
237,103,105
237,104,105
237,105,105
237,106,105
237,107,105
237,108,105
237,109,105
237,110,105
237,111,105
237,112,105
237,113,105
237,114,105
237,115,105
237,116,105
237,117,105
238,118,105
238,119,105
238,120,105
238,121,105
238,122,105
238,123,105
238,124,105
238,125,105
238,126,105
238,127,105
238,128,105
238,129,105
238,130,105
238,131,105
238,132,105
238,133,105
238,134,105
238,135,105
238,136,105
238,137,105
238,138,105
238,139,105
238,140,105
238,141,105
238,142,105
238,143,105
238,144,105
238,145,105
238,146,105
238,147,105
238,148,105
238,149,105
238,150,105
238,151,105
239,152,105
239,153,105
239,154,105
239,155,105
239,156,105
239,157,105
239,158,105
239,159,105
239,160,105
239,161,105
239,162,105
239,163,105
239,164,105
239,165,105
239,166,105
239,167,105
239,168,105
239,169,105
239,170,105
239,171,105
239,172,105
239,173,105
239,174,105
239,175,105
239,176,105
239,177,105
239,178,105
239,179,105
239,180,105
239,181,105
239,182,105
239,183,105
239,184,105
239,185,105
239,186,105
240,187,105
240,188,105
240,189,105
240,190,105
240,191,105
240,192,105
240,193,105
240,194,105
240,195,105
240,196,105
240,197,105
240,198,105
240,199,105
240,200,105
240,201,105
240,202,105
240,203,105
240,204,105
240,205,105
240,206,105
240,207,105
240,208,105
240,209,105
240,210,105
240,211,105
240,212,105
240,213,105
240,214,105
240,215,105
240,216,105
240,217,105
240,218,105
240,219,105
240,220,105
240,221,105
240,222,105
240,223,105
240,224,105
240,225,105
241,226,105
241,227,105
241,228,105
241,229,105
241,230,105
241,231,105
241,232,105
241,233,105
241,234,105
241,235,105
241,236,105
241,237,105
241,238,105
241,239,105
241,0,106
241,1,106
241,2,106
241,3,106
241,4,106
241,5,106
241,6,106
241,7,106
241,8,106
241,9,106
241,10,106
241,11,106
241,12,106
241,13,106
241,14,106
241,15,106
241,16,106
241,17,106
241,18,106
241,19,106
241,20,106
241,21,106
241,22,106
241,23,106
241,24,106
242,25,106
242,26,106
242,27,106
242,28,106
242,29,106
242,30,106
242,31,106
242,32,106
242,33,106
242,34,106
242,35,106
242,36,106
242,37,106
242,38,106
242,39,106
242,40,106
242,41,106
242,42,106
242,43,106
242,44,106
242,45,106
242,46,106
242,47,106
242,48,106
242,49,106
242,50,106
242,51,106
242,52,106
242,53,106
242,54,106
242,55,106
242,56,106
242,57,106
242,58,106
242,59,106
242,60,106
242,61,106
242,62,106
242,63,106
242,64,106
243,65,106
243,66,106
243,67,106
243,68,106
243,69,106
243,70,106
243,71,106
243,72,106
243,73,106
243,74,106
243,75,106
243,76,106
243,77,106
243,78,106
243,79,106
243,80,106
243,81,106
243,82,106
243,83,106
243,84,106
243,85,106
243,86,106
243,87,106
243,88,106
243,89,106
243,90,106
243,91,106
243,92,106
243,93,106
243,94,106
243,95,106
243,96,106
243,97,106
243,98,106
243,99,106
243,100,106
243,101,106
243,102,106
243,103,106
244,104,106
244,105,106
244,106,106
244,107,106
244,108,106
244,109,106
244,110,106
244,111,106
244,112,106
244,113,106
244,114,106
244,115,106
244,116,106
244,117,106
244,118,106
244,119,106
244,120,106
244,121,106
244,122,106
244,123,106
244,124,106
244,125,106
244,126,106
244,127,106
244,128,106
244,129,106
244,130,106
244,131,106
244,132,106
244,133,106
244,134,106
244,135,106
244,136,106
244,137,106
244,138,106
244,139,106
244,140,106
244,141,106
244,142,106
245,143,106
245,144,106
245,145,106
245,146,106
245,147,106
245,148,106
245,149,106
245,150,106
245,151,106
245,152,106
245,153,106
245,154,106
245,155,106
245,156,106
245,157,106
245,158,106
245,159,106
245,160,106
245,161,106
245,162,106
245,163,106
245,164,106
245,165,106
245,166,106
245,167,106
245,168,106
245,169,106
245,170,106
245,171,106
245,172,106
245,173,106
245,174,106
245,175,106
245,176,106
245,177,106
245,178,106
245,179,106
245,180,106
245,181,106
245,182,106
246,183,106
246,184,106
246,185,106
246,186,106
246,187,106
246,188,106
246,189,106
246,190,106
246,191,106
246,192,106
246,193,106
246,194,106
246,195,106
246,196,106
246,197,106
246,198,106
246,199,106
246,200,106
246,201,106
246,202,106
246,203,106
246,204,106
246,205,106
246,206,106
246,207,106
246,208,106
246,209,106
246,210,106
246,211,106
246,212,106
246,213,106
246,214,106
246,215,106
246,216,106
246,217,106
246,218,106
246,219,106
246,220,106
246,221,106
246,222,106
247,223,106
247,224,106
247,225,106
247,226,106
247,227,106
247,228,106
247,229,106
247,230,106
247,231,106
247,232,106
247,233,106
247,234,106
247,235,106
247,236,106
247,237,106
247,238,106
247,239,106
247,0,107
247,1,107
247,2,107
247,3,107
247,4,107
247,5,107
247,6,107
247,7,107
247,8,107
247,9,107
247,10,107
247,11,107
247,12,107
247,13,107
247,14,107
247,15,107
247,16,107
247,17,107
247,18,107
247,19,107
247,20,107
247,21,107
247,22,107
247,23,107
247,24,107
247,25,107
248,26,107
248,27,107
248,28,107
248,29,107
248,30,107
248,31,107
248,32,107
248,33,107
248,34,107
248,35,107
248,36,107
248,37,107
248,38,107
248,39,107
248,40,107
248,41,107
248,42,107
248,43,107
248,44,107
248,45,107
248,46,107
248,47,107
248,48,107
248,49,107
248,50,107
248,51,107
248,52,107
248,53,107
248,54,107
248,55,107
248,56,107
248,57,107
248,58,107
248,59,107
248,60,107
248,61,107
248,62,107
248,63,107
248,64,107
249,65,107
249,66,107
249,67,107
249,68,107
249,69,107
249,70,107
249,71,107
249,72,107
249,73,107
249,74,107
249,75,107
249,76,107
249,77,107
249,78,107
249,79,107
249,80,107
249,81,107
249,82,107
249,83,107
249,84,107
249,85,107
249,86,107
249,87,107
249,88,107
249,89,107
249,90,107
249,91,107
249,92,107
249,93,107
249,94,107
249,95,107
249,96,107
249,97,107
249,98,107
249,99,107
249,100,107
249,101,107
249,102,107
249,103,107
249,104,107
250,105,107
250,106,107
250,107,107
250,108,107
250,109,107
250,110,107
250,111,107
250,112,107
250,113,107
250,114,107
250,115,107
250,116,107
250,117,107
250,118,107
250,119,107
250,120,107
250,121,107
250,122,107
250,123,107
250,124,107
250,125,107
250,126,107
250,127,107
250,128,107
250,129,107
250,130,107
250,131,107
250,132,107
250,133,107
250,134,107
250,135,107
250,136,107
250,137,107
250,138,107
250,139,107
250,140,107
250,141,107
250,142,107
250,143,107
250,144,107
250,145,107
250,146,107
251,147,107
251,148,107
251,149,107
251,150,107
251,151,107
251,152,107
251,153,107
251,154,107
251,155,107
251,156,107
251,157,107
251,158,107
251,159,107
251,160,107
251,161,107
251,162,107
251,163,107
251,164,107
251,165,107
251,166,107
251,167,107
251,168,107
251,169,107
251,170,107
251,171,107
251,172,107
251,173,107
251,174,107
251,175,107
251,176,107
251,177,107
251,178,107
251,179,107
251,180,107
251,181,107
251,182,107
251,183,107
251,184,107
251,185,107
251,186,107
251,187,107
252,188,107
252,189,107
252,190,107
252,191,107
252,192,107
252,193,107
252,194,107
252,195,107
252,196,107
252,197,107
252,198,107
252,199,107
252,200,107
252,201,107
252,202,107
252,203,107
252,204,107
252,205,107
252,206,107
252,207,107
252,208,107
252,209,107
252,210,107
252,211,107
252,212,107
252,213,107
252,214,107
252,215,107
252,216,107
252,217,107
252,218,107
252,219,107
252,220,107
252,221,107
252,222,107
252,223,107
252,224,107
252,225,107
252,226,107
252,227,107
252,228,107
253,229,107
253,230,107
253,231,107
253,232,107
253,233,107
253,234,107
253,235,107
253,236,107
253,237,107
253,238,107
253,239,107
253,0,108
253,1,108
253,2,108
253,3,108
253,4,108
253,5,108
253,6,108
253,7,108
253,8,108
253,9,108
253,10,108
253,11,108
253,12,108
253,13,108
253,14,108
253,15,108
253,16,108
253,17,108
253,18,108
253,19,108
253,20,108
253,21,108
253,22,108
253,23,108
253,24,108
253,25,108
253,26,108
253,27,108
253,28,108
253,29,108
253,30,108
254,31,108
254,32,108
254,33,108
254,34,108
254,35,108
254,36,108
254,37,108
254,38,108
254,39,108
254,40,108
254,41,108
254,42,108
254,43,108
254,44,108
254,45,108
254,46,108
254,47,108
254,48,108
254,49,108
254,50,108
254,51,108
254,52,108
254,53,108
254,54,108
254,55,108
254,56,108
254,57,108
254,58,108
254,59,108
254,60,108
254,61,108
254,62,108
254,63,108
254,64,108
254,65,108
254,66,108
254,67,108
254,68,108
254,69,108
254,70,108
254,71,108
254,72,108
254,73,108
255,74,108
255,75,108
255,76,108
255,77,108
255,78,108
255,79,108
255,80,108
255,81,108
255,82,108
255,83,108
255,84,108
255,85,108
255,86,108
255,87,108
255,88,108
255,89,108
255,90,108
255,91,108
255,92,108
255,93,108
255,94,108
255,95,108
255,96,108
255,97,108
255,98,108
255,99,108
255,100,108
255,101,108
255,102,108
255,103,108
255,104,108
255,105,108
255,106,108
255,107,108
255,108,108
255,109,108
255,110,108
255,111,108
255,112,108
255,113,108
255,114,108
255,115,108
255,116,108
256,117,108
256,118,108
256,119,108
256,120,108
256,121,108
256,122,108
256,123,108
256,124,108
256,125,108
256,126,108
256,127,108
256,128,108
256,129,108
256,130,108
256,131,108
256,132,108
256,133,108
256,134,108
256,135,108
256,136,108
256,137,108
256,138,108
256,139,108
256,140,108
256,141,108
256,142,108
256,143,108
256,144,108
256,145,108
256,146,108
256,147,108
256,148,108
256,149,108
256,150,108
256,151,108
256,152,108
256,153,108
256,154,108
256,155,108
256,156,108
256,157,108
257,158,108
257,159,108
257,160,108
257,161,108
257,162,108
257,163,108
257,164,108
257,165,108
257,166,108
257,167,108
257,168,108
257,169,108
257,170,108
257,171,108
257,172,108
257,173,108
257,174,108
257,175,108
257,176,108
257,177,108
257,178,108
257,179,108
257,180,108
257,181,108
257,182,108
257,183,108
257,184,108
257,185,108
257,186,108
257,187,108
257,188,108
257,189,108
257,190,108
257,191,108
257,192,108
257,193,108
257,194,108
257,195,108
257,196,108
257,197,108
257,198,108
258,199,108
258,200,108
258,201,108
258,202,108
258,203,108
258,204,108
258,205,108
258,206,108
258,207,108
258,208,108
258,209,108
258,210,108
258,211,108
258,212,108
258,213,108
258,214,108
258,215,108
258,216,108
258,217,108
258,218,108
258,219,108
258,220,108
258,221,108
258,222,108
258,223,108
258,224,108
258,225,108
258,226,108
258,227,108
258,228,108
258,229,108
258,230,108
258,231,108
258,232,108
258,233,108
258,234,108
258,235,108
258,236,108
258,237,108
258,238,108
258,239,108
258,0,109
258,1,109
259,2,109
259,3,109
259,4,109
259,5,109
259,6,109
259,7,109
259,8,109
259,9,109
259,10,109
259,11,109
259,12,109
259,13,109
259,14,109
259,15,109
259,16,109
259,17,109
259,18,109
259,19,109
259,20,109
259,21,109
259,22,109
259,23,109
259,24,109
259,25,109
259,26,109
259,27,109
259,28,109
259,29,109
259,30,109
259,31,109
259,32,109
259,33,109
259,34,109
259,35,109
259,36,109
259,37,109
260,38,109
260,39,109
260,40,109
260,41,109
260,42,109
260,43,109
260,44,109
260,45,109
260,46,109
260,47,109
260,48,109
260,49,109
260,50,109
260,51,109
260,52,109
260,53,109
260,54,109
260,55,109
260,56,109
260,57,109
260,58,109
260,59,109
260,60,109
260,61,109
260,62,109
260,63,109
260,64,109
260,65,109
260,66,109
260,67,109
260,68,109
260,69,109
260,70,109
260,71,109
260,72,109
260,73,109
260,74,109
260,75,109
260,76,109
261,77,109
261,78,109
261,79,109
261,80,109
261,81,109
261,82,109
261,83,109
261,84,109
261,85,109
261,86,109
261,87,109
261,88,109
261,89,109
261,90,109
261,91,109
261,92,109
261,93,109
261,94,109
261,95,109
261,96,109
261,97,109
261,98,109
261,99,109
261,100,109
261,101,109
261,102,109
261,103,109
261,104,109
261,105,109
261,106,109
261,107,109
261,108,109
261,109,109
261,110,109
261,111,109
261,112,109
261,113,109
261,114,109
261,115,109
261,116,109
261,117,109
261,118,109
261,119,109
262,120,109
262,121,109
262,122,109
262,123,109
262,124,109
262,125,109
262,126,109
262,127,109
262,128,109
262,129,109
262,130,109
262,131,109
262,132,109
262,133,109
262,134,109
262,135,109
262,136,109
262,137,109
262,138,109
262,139,109
262,140,109
262,141,109
262,142,109
262,143,109
262,144,109
262,145,109
262,146,109
262,147,109
262,148,109
262,149,109
262,150,109
262,151,109
262,152,109
262,153,109
262,154,109
262,155,109
262,156,109
262,157,109
262,158,109
262,159,109
262,160,109
262,161,109
263,162,109
263,163,109
263,164,109
263,165,109
263,166,109
263,167,109
263,168,109
263,169,109
263,170,109
263,171,109
263,172,109
263,173,109
263,174,109
263,175,109
263,176,109
263,177,109
263,178,109
263,179,109
263,180,109
263,181,109
263,182,109
263,183,109
263,184,109
263,185,109
263,186,109
263,187,109
263,188,109
263,189,109
263,190,109
263,191,109
263,192,109
263,193,109
263,194,109
263,195,109
263,196,109
263,197,109
263,198,109
263,199,109
263,200,109
263,201,109
263,202,109
263,203,109
263,204,109
264,205,109
264,206,109
264,207,109
264,208,109
264,209,109
264,210,109
264,211,109
264,212,109
264,213,109
264,214,109
264,215,109
264,216,109
264,217,109
264,218,109
264,219,109
264,220,109
264,221,109
264,222,109
264,223,109
264,224,109
264,225,109
264,226,109
264,227,109
264,228,109
264,229,109
264,230,109
264,231,109
264,232,109
264,233,109
264,234,109
264,235,109
264,236,109
264,237,109
264,238,109
264,239,109
264,0,110
264,1,110
264,2,110
264,3,110
264,4,110
264,5,110
264,6,110
265,7,110
265,8,110
265,9,110
265,10,110
265,11,110
265,12,110
265,13,110
265,14,110
265,15,110
265,16,110
265,17,110
265,18,110
265,19,110
265,20,110
265,21,110
265,22,110
265,23,110
265,24,110
265,25,110
265,26,110
265,27,110
265,28,110
265,29,110
265,30,110
265,31,110
265,32,110
265,33,110
265,34,110
265,35,110
265,36,110
265,37,110
265,38,110
265,39,110
265,40,110
265,41,110
265,42,110
265,43,110
265,44,110
265,45,110
265,46,110
265,47,110
266,48,110
266,49,110
266,50,110
266,51,110
266,52,110
266,53,110
266,54,110
266,55,110
266,56,110
266,57,110
266,58,110
266,59,110
266,60,110
266,61,110
266,62,110
266,63,110
266,64,110
266,65,110
266,66,110
266,67,110
266,68,110
266,69,110
266,70,110
266,71,110
266,72,110
266,73,110
266,74,110
266,75,110
266,76,110
266,77,110
266,78,110
266,79,110
266,80,110
266,81,110
266,82,110
266,83,110
266,84,110
266,85,110
266,86,110
266,87,110
266,88,110
266,89,110
266,90,110
267,91,110
267,92,110
267,93,110
267,94,110
267,95,110
267,96,110
267,97,110
267,98,110
267,99,110
267,100,110
267,101,110
267,102,110
267,103,110
267,104,110
267,105,110
267,106,110
267,107,110
267,108,110
267,109,110
267,110,110
267,111,110
267,112,110
267,113,110
267,114,110
267,115,110
267,116,110
267,117,110
267,118,110
267,119,110
267,120,110
267,121,110
267,122,110
267,123,110
267,124,110
267,125,110
268,126,110
268,127,110
268,128,110
268,129,110
268,130,110
268,131,110
268,132,110
268,133,110
268,134,110
268,135,110
268,136,110
268,137,110
268,138,110
268,139,110
268,140,110
268,141,110
268,142,110
268,143,110
268,144,110
268,145,110
268,146,110
268,147,110
268,148,110
268,149,110
268,150,110
268,151,110
268,152,110
268,153,110
268,154,110
268,155,110
268,156,110
268,157,110
268,158,110
269,159,110
269,160,110
269,161,110
269,162,110
269,163,110
269,164,110
269,165,110
269,166,110
269,167,110
269,168,110
269,169,110
269,170,110
269,171,110
269,172,110
269,173,110
269,174,110
269,175,110
269,176,110
269,177,110
269,178,110
269,179,110
269,180,110
269,181,110
269,182,110
269,183,110
269,184,110
269,185,110
269,186,110
269,187,110
269,188,110
269,189,110
269,190,110
270,191,110
270,192,110
270,193,110
270,194,110
270,195,110
270,196,110
270,197,110
270,198,110
270,199,110
270,200,110
270,201,110
270,202,110
270,203,110
270,204,110
270,205,110
270,206,110
270,207,110
270,208,110
270,209,110
270,210,110
270,211,110
270,212,110
270,213,110
270,214,110
270,215,110
270,216,110
270,217,110
270,218,110
270,219,110
270,220,110
270,221,110
270,222,110
270,223,110
270,224,110
270,225,110
270,226,110
270,227,110
270,228,110
270,229,110
270,230,110
270,231,110
270,232,110
271,233,110
271,234,110
271,235,110
271,236,110
271,237,110
271,238,110
271,239,110
271,0,111
271,1,111
271,2,111
271,3,111
271,4,111
271,5,111
271,6,111
271,7,111
271,8,111
271,9,111
271,10,111
271,11,111
271,12,111
271,13,111
271,14,111
271,15,111
271,16,111
271,17,111
271,18,111
271,19,111
271,20,111
271,21,111
271,22,111
271,23,111
271,24,111
271,25,111
271,26,111
271,27,111
271,28,111
271,29,111
271,30,111
271,31,111
271,32,111
271,33,111
271,34,111
271,35,111
272,36,111
272,37,111
272,38,111
272,39,111
272,40,111
272,41,111
272,42,111
272,43,111
272,44,111
272,45,111
272,46,111
272,47,111
272,48,111
272,49,111
272,50,111
272,51,111
272,52,111
272,53,111
272,54,111
272,55,111
272,56,111
272,57,111
272,58,111
272,59,111
272,60,111
272,61,111
272,62,111
272,63,111
272,64,111
272,65,111
272,66,111
272,67,111
272,68,111
272,69,111
272,70,111
272,71,111
272,72,111
272,73,111
272,74,111
272,75,111
272,76,111
272,77,111
273,78,111
273,79,111
273,80,111
273,81,111
273,82,111
273,83,111
273,84,111
273,85,111
273,86,111
273,87,111
273,88,111
273,89,111
273,90,111
273,91,111
273,92,111
273,93,111
273,94,111
273,95,111
273,96,111
273,97,111
273,98,111
273,99,111
273,100,111
273,101,111
273,102,111
273,103,111
273,104,111
273,105,111
273,106,111
273,107,111
273,108,111
273,109,111
273,110,111
273,111,111
273,112,111
273,113,111
273,114,111
273,115,111
273,116,111
273,117,111
273,118,111
273,119,111
273,120,111
274,121,111
274,122,111
274,123,111
274,124,111
274,125,111
274,126,111
274,127,111
274,128,111
274,129,111
274,130,111
274,131,111
274,132,111
274,133,111
274,134,111
274,135,111
274,136,111
274,137,111
274,138,111
274,139,111
274,140,111
274,141,111
274,142,111
274,143,111
274,144,111
274,145,111
274,146,111
274,147,111
274,148,111
274,149,111
274,150,111
274,151,111
274,152,111
274,153,111
274,154,111
274,155,111
274,156,111
274,157,111
274,158,111
274,159,111
274,160,111
274,161,111
275,162,111
275,163,111
275,164,111
275,165,111
275,166,111
275,167,111
275,168,111
275,169,111
275,170,111
275,171,111
275,172,111
275,173,111
275,174,111
275,175,111
275,176,111
275,177,111
275,178,111
275,179,111
275,180,111
275,181,111
275,182,111
275,183,111
275,184,111
275,185,111
275,186,111
275,187,111
275,188,111
275,189,111
275,190,111
275,191,111
275,192,111
275,193,111
275,194,111
275,195,111
275,196,111
275,197,111
275,198,111
275,199,111
275,200,111
275,201,111
275,202,111
275,203,111
276,204,111
276,205,111
276,206,111
276,207,111
276,208,111
276,209,111
276,210,111
276,211,111
276,212,111
276,213,111
276,214,111
276,215,111
276,216,111
276,217,111
276,218,111
276,219,111
276,220,111
276,221,111
276,222,111
276,223,111
276,224,111
276,225,111
276,226,111
276,227,111
276,228,111
276,229,111
276,230,111
276,231,111
276,232,111
276,233,111
276,234,111
276,235,111
276,236,111
276,237,111
276,238,111
276,239,111
276,0,112
276,1,112
276,2,112
276,3,112
276,4,112
276,5,112
277,6,112
277,7,112
277,8,112
277,9,112
277,10,112
277,11,112
277,12,112
277,13,112
277,14,112
277,15,112
277,16,112
277,17,112
277,18,112
277,19,112
277,20,112
277,21,112
277,22,112
277,23,112
277,24,112
277,25,112
277,26,112
277,27,112
277,28,112
277,29,112
277,30,112
277,31,112
277,32,112
277,33,112
277,34,112
277,35,112
277,36,112
277,37,112
277,38,112
277,39,112
277,40,112
277,41,112
277,42,112
277,43,112
277,44,112
277,45,112
277,46,112
277,47,112
278,48,112
278,49,112
278,50,112
278,51,112
278,52,112
278,53,112
278,54,112
278,55,112
278,56,112
278,57,112
278,58,112
278,59,112
278,60,112
278,61,112
278,62,112
278,63,112
278,64,112
278,65,112
278,66,112
278,67,112
278,68,112
278,69,112
278,70,112
278,71,112
278,72,112
278,73,112
278,74,112
278,75,112
278,76,112
278,77,112
278,78,112
278,79,112
278,80,112
278,81,112
278,82,112
278,83,112
278,84,112
278,85,112
278,86,112
278,87,112
278,88,112
278,89,112
279,90,112
279,91,112
279,92,112
279,93,112
279,94,112
279,95,112
279,96,112
279,97,112
279,98,112
279,99,112
279,100,112
279,101,112
279,102,112
279,103,112
279,104,112
279,105,112
279,106,112
279,107,112
279,108,112
279,109,112
279,110,112
279,111,112
279,112,112
279,113,112
279,114,112
279,115,112
279,116,112
279,117,112
279,118,112
279,119,112
279,120,112
279,121,112
279,122,112
279,123,112
279,124,112
279,125,112
279,126,112
279,127,112
280,128,112
280,129,112
280,130,112
280,131,112
280,132,112
280,133,112
280,134,112
280,135,112
280,136,112
280,137,112
280,138,112
280,139,112
280,140,112
280,141,112
280,142,112
280,143,112
280,144,112
280,145,112
280,146,112
280,147,112
280,148,112
280,149,112
280,150,112
280,151,112
280,152,112
280,153,112
280,154,112
280,155,112
280,156,112
280,157,112
280,158,112
280,159,112
280,160,112
280,161,112
280,162,112
280,163,112
280,164,112
280,165,112
280,166,112
281,167,112
281,168,112
281,169,112
281,170,112
281,171,112
281,172,112
281,173,112
281,174,112
281,175,112
281,176,112
281,177,112
281,178,112
281,179,112
281,180,112
281,181,112
281,182,112
281,183,112
281,184,112
281,185,112
281,186,112
281,187,112
281,188,112
281,189,112
281,190,112
281,191,112
281,192,112
281,193,112
281,194,112
281,195,112
281,196,112
281,197,112
281,198,112
281,199,112
281,200,112
281,201,112
281,202,112
281,203,112
281,204,112
281,205,112
281,206,112
281,207,112
281,208,112
281,209,112
282,210,112
282,211,112
282,212,112
282,213,112
282,214,112
282,215,112
282,216,112
282,217,112
282,218,112
282,219,112
282,220,112
282,221,112
282,222,112
282,223,112
282,224,112
282,225,112
282,226,112
282,227,112
282,228,112
282,229,112
282,230,112
282,231,112
282,232,112
282,233,112
282,234,112
282,235,112
282,236,112
282,237,112
282,238,112
282,239,112
282,0,113
282,1,113
282,2,113
282,3,113
282,4,113
282,5,113
282,6,113
282,7,113
283,8,113
283,9,113
283,10,113
283,11,113
283,12,113
283,13,113
283,14,113
283,15,113
283,16,113
283,17,113
283,18,113
283,19,113
283,20,113
283,21,113
283,22,113
283,23,113
283,24,113
283,25,113
283,26,113
283,27,113
283,28,113
283,29,113
283,30,113
283,31,113
283,32,113
283,33,113
283,34,113
283,35,113
283,36,113
283,37,113
283,38,113
283,39,113
283,40,113
283,41,113
283,42,113
283,43,113
284,44,113
284,45,113
284,46,113
284,47,113
284,48,113
284,49,113
284,50,113
284,51,113
284,52,113
284,53,113
284,54,113
284,55,113
284,56,113
284,57,113
284,58,113
284,59,113
284,60,113
284,61,113
284,62,113
284,63,113
284,64,113
284,65,113
284,66,113
284,67,113
284,68,113
284,69,113
284,70,113
284,71,113
284,72,113
284,73,113
284,74,113
284,75,113
284,76,113
284,77,113
284,78,113
284,79,113
284,80,113
284,81,113
284,82,113
284,83,113
284,84,113
284,85,113
285,86,113
285,87,113
285,88,113
285,89,113
285,90,113
285,91,113
285,92,113
285,93,113
285,94,113
285,95,113
285,96,113
285,97,113
285,98,113
285,99,113
285,100,113
285,101,113
285,102,113
285,103,113
285,104,113
285,105,113
285,106,113
285,107,113
285,108,113
285,109,113
285,110,113
285,111,113
285,112,113
285,113,113
285,114,113
285,115,113
285,116,113
285,117,113
285,118,113
285,119,113
285,120,113
285,121,113
285,122,113
285,123,113
285,124,113
285,125,113
285,126,113
285,127,113
285,128,113
286,129,113
286,130,113
286,131,113
286,132,113
286,133,113
286,134,113
286,135,113
286,136,113
286,137,113
286,138,113
286,139,113
286,140,113
286,141,113
286,142,113
286,143,113
286,144,113
286,145,113
286,146,113
286,147,113
286,148,113
286,149,113
286,150,113
286,151,113
286,152,113
286,153,113
286,154,113
286,155,113
286,156,113
286,157,113
286,158,113
286,159,113
286,160,113
286,161,113
286,162,113
286,163,113
286,164,113
286,165,113
286,166,113
286,167,113
286,168,113
287,169,113
287,170,113
287,171,113
287,172,113
287,173,113
287,174,113
287,175,113
287,176,113
287,177,113
287,178,113
287,179,113
287,180,113
287,181,113
287,182,113
287,183,113
287,184,113
287,185,113
287,186,113
287,187,113
287,188,113
287,189,113
287,190,113
287,191,113
287,192,113
287,193,113
287,194,113
287,195,113
287,196,113
287,197,113
287,198,113
287,199,113
287,200,113
287,201,113
287,202,113
287,203,113
287,204,113
287,205,113
287,206,113
287,207,113
287,208,113
287,209,113
287,210,113
287,211,113
288,212,113
288,213,113
288,214,113
288,215,113
288,216,113
288,217,113
288,218,113
288,219,113
288,220,113
288,221,113
288,222,113
288,223,113
288,224,113
288,225,113
288,226,113
288,227,113
288,228,113
288,229,113
288,230,113
288,231,113
288,232,113
288,233,113
288,234,113
288,235,113
288,236,113
288,237,113
288,238,113
288,239,113
288,0,114
288,1,114
288,2,114
288,3,114
288,4,114
288,5,114
288,6,114
288,7,114
288,8,114
288,9,114
288,10,114
288,11,114
288,12,114
289,13,114
289,14,114
289,15,114
289,16,114
289,17,114
289,18,114
289,19,114
289,20,114
289,21,114
289,22,114
289,23,114
289,24,114
289,25,114
289,26,114
289,27,114
289,28,114
289,29,114
289,30,114
289,31,114
289,32,114
289,33,114
289,34,114
289,35,114
289,36,114
289,37,114
289,38,114
289,39,114
289,40,114
289,41,114
289,42,114
289,43,114
289,44,114
289,45,114
289,46,114
289,47,114
290,48,114
290,49,114
290,50,114
290,51,114
290,52,114
290,53,114
290,54,114
290,55,114
290,56,114
290,57,114
290,58,114
290,59,114
290,60,114
290,61,114
290,62,114
290,63,114
290,64,114
290,65,114
290,66,114
290,67,114
290,68,114
290,69,114
290,70,114
290,71,114
290,72,114
290,73,114
290,74,114
290,75,114
290,76,114
290,77,114
290,78,114
290,79,114
290,80,114
290,81,114
290,82,114
290,83,114
290,84,114
290,85,114
290,86,114
290,87,114
290,88,114
290,89,114
291,90,114
291,91,114
291,92,114
291,93,114
291,94,114
291,95,114
291,96,114
291,97,114
291,98,114
291,99,114
291,100,114
291,101,114
291,102,114
291,103,114
291,104,114
291,105,114
291,106,114
291,107,114
291,108,114
291,109,114
291,110,114
291,111,114
291,112,114
291,113,114
291,114,114
291,115,114
291,116,114
291,117,114
291,118,114
291,119,114
291,120,114
291,121,114
291,122,114
291,123,114
291,124,114
291,125,114
291,126,114
291,127,114
291,128,114
291,129,114
291,130,114
291,131,114
291,132,114
292,133,114
292,134,114
292,135,114
292,136,114
292,137,114
292,138,114
292,139,114
292,140,114
292,141,114
292,142,114
292,143,114
292,144,114
292,145,114
292,146,114
292,147,114
292,148,114
292,149,114
292,150,114
292,151,114
292,152,114
292,153,114
292,154,114
292,155,114
292,156,114
292,157,114
292,158,114
292,159,114
292,160,114
292,161,114
292,162,114
292,163,114
292,164,114
292,165,114
292,166,114
292,167,114
292,168,114
292,169,114
292,170,114
292,171,114
292,172,114
292,173,114
293,174,114
293,175,114
293,176,114
293,177,114
293,178,114
293,179,114
293,180,114
293,181,114
293,182,114
293,183,114
293,184,114
293,185,114
293,186,114
293,187,114
293,188,114
293,189,114
293,190,114
293,191,114
293,192,114
293,193,114
293,194,114
293,195,114
293,196,114
293,197,114
293,198,114
293,199,114
293,200,114
293,201,114
293,202,114
293,203,114
293,204,114
293,205,114
293,206,114
293,207,114
293,208,114
293,209,114
293,210,114
293,211,114
293,212,114
293,213,114
293,214,114
293,215,114
294,216,114
294,217,114
294,218,114
294,219,114
294,220,114
294,221,114
294,222,114
294,223,114
294,224,114
294,225,114
294,226,114
294,227,114
294,228,114
294,229,114
294,230,114
294,231,114
294,232,114
294,233,114
294,234,114
294,235,114
294,236,114
294,237,114
294,238,114
294,239,114
294,0,115
294,1,115
294,2,115
294,3,115
294,4,115
294,5,115
294,6,115
294,7,115
294,8,115
294,9,115
294,10,115
294,11,115
294,12,115
294,13,115
294,14,115
294,15,115
294,16,115
294,17,115
295,18,115
295,19,115
295,20,115
295,21,115
295,22,115
295,23,115
295,24,115
295,25,115
295,26,115
295,27,115
295,28,115
295,29,115
295,30,115
295,31,115
295,32,115
295,33,115
295,34,115
295,35,115
295,36,115
295,37,115
295,38,115
295,39,115
295,40,115
295,41,115
295,42,115
295,43,115
295,44,115
295,45,115
295,46,115
295,47,115
295,48,115
295,49,115
295,50,115
295,51,115
295,52,115
295,53,115
295,54,115
295,55,115
295,56,115
295,57,115
295,58,115
296,59,115
296,60,115
296,61,115
296,62,115
296,63,115
296,64,115
296,65,115
296,66,115
296,67,115
296,68,115
296,69,115
296,70,115
296,71,115
296,72,115
296,73,115
296,74,115
296,75,115
296,76,115
296,77,115
296,78,115
296,79,115
296,80,115
296,81,115
296,82,115
296,83,115
296,84,115
296,85,115
296,86,115
296,87,115
296,88,115
296,89,115
296,90,115
296,91,115
296,92,115
296,93,115
296,94,115
296,95,115
296,96,115
296,97,115
296,98,115
296,99,115
296,100,115
296,101,115
297,102,115
297,103,115
297,104,115
297,105,115
297,106,115
297,107,115
297,108,115
297,109,115
297,110,115
297,111,115
297,112,115
297,113,115
297,114,115
297,115,115
297,116,115
297,117,115
297,118,115
297,119,115
297,120,115
297,121,115
297,122,115
297,123,115
297,124,115
297,125,115
297,126,115
297,127,115
297,128,115
297,129,115
297,130,115
297,131,115
297,132,115
297,133,115
297,134,115
297,135,115
297,136,115
297,137,115
297,138,115
297,139,115
297,140,115
297,141,115
297,142,115
297,143,115
298,144,115
298,145,115
298,146,115
298,147,115
298,148,115
298,149,115
298,150,115
298,151,115
298,152,115
298,153,115
298,154,115
298,155,115
298,156,115
298,157,115
298,158,115
298,159,115
298,160,115
298,161,115
298,162,115
298,163,115
298,164,115
298,165,115
298,166,115
298,167,115
298,168,115
298,169,115
298,170,115
298,171,115
298,172,115
298,173,115
298,174,115
298,175,115
298,176,115
298,177,115
298,178,115
298,179,115
298,180,115
298,181,115
298,182,115
298,183,115
298,184,115
299,185,115
299,186,115
299,187,115
299,188,115
299,189,115
299,190,115
299,191,115
299,192,115
299,193,115
299,194,115
299,195,115
299,196,115
299,197,115
299,198,115
299,199,115
299,200,115
299,201,115
299,202,115
299,203,115
299,204,115
299,205,115
299,206,115
299,207,115
299,208,115
299,209,115
299,210,115
299,211,115
299,212,115
299,213,115
299,214,115
299,215,115
299,216,115
300,217,115
300,218,115
300,219,115
300,220,115
300,221,115
300,222,115
300,223,115
300,224,115
300,225,115
300,226,115
300,227,115
300,228,115
300,229,115
300,230,115
300,231,115
300,232,115
300,233,115
300,234,115
300,235,115
300,236,115
300,237,115
300,238,115
300,239,115
300,0,116
300,1,116
300,2,116
300,3,116
300,4,116
300,5,116
300,6,116
300,7,116
300,8,116
300,9,116
300,10,116
300,11,116
300,12,116
300,13,116
301,14,116
301,15,116
301,16,116
301,17,116
301,18,116
301,19,116
301,20,116
301,21,116
301,22,116
301,23,116
301,24,116
301,25,116
301,26,116
301,27,116
301,28,116
301,29,116
301,30,116
301,31,116
301,32,116
301,33,116
301,34,116
301,35,116
301,36,116
301,37,116
301,38,116
301,39,116
301,40,116
301,41,116
301,42,116
301,43,116
301,44,116
301,45,116
301,46,116
301,47,116
301,48,116
301,49,116
301,50,116
301,51,116
301,52,116
301,53,116
301,54,116
301,55,116
302,56,116
302,57,116
302,58,116
302,59,116
302,60,116
302,61,116
302,62,116
302,63,116
302,64,116
302,65,116
302,66,116
302,67,116
302,68,116
302,69,116
302,70,116
302,71,116
302,72,116
302,73,116
302,74,116
302,75,116
302,76,116
302,77,116
302,78,116
302,79,116
302,80,116
302,81,116
302,82,116
302,83,116
302,84,116
302,85,116
302,86,116
302,87,116
302,88,116
302,89,116
302,90,116
302,91,116
302,92,116
302,93,116
302,94,116
302,95,116
302,96,116
302,97,116
302,98,116
303,99,116
303,100,116
303,101,116
303,102,116
303,103,116
303,104,116
303,105,116
303,106,116
303,107,116
303,108,116
303,109,116
303,110,116
303,111,116
303,112,116
303,113,116
303,114,116
303,115,116
303,116,116
303,117,116
303,118,116
303,119,116
303,120,116
303,121,116
303,122,116
303,123,116
303,124,116
303,125,116
303,126,116
303,127,116
303,128,116
303,129,116
303,130,116
303,131,116
303,132,116
303,133,116
303,134,116
303,135,116
303,136,116
303,137,116
303,138,116
303,139,116
303,140,116
303,141,116
304,142,116
304,143,116
304,144,116
304,145,116
304,146,116
304,147,116
304,148,116
304,149,116
304,150,116
304,151,116
304,152,116
304,153,116
304,154,116
304,155,116
304,156,116
304,157,116
304,158,116
304,159,116
304,160,116
304,161,116
304,162,116
304,163,116
304,164,116
304,165,116
304,166,116
304,167,116
304,168,116
304,169,116
304,170,116
304,171,116
304,172,116
304,173,116
304,174,116
304,175,116
304,176,116
304,177,116
304,178,116
304,179,116
304,180,116
304,181,116
304,182,116
304,183,116
305,184,116
305,185,116
305,186,116
305,187,116
305,188,116
305,189,116
305,190,116
305,191,116
305,192,116
305,193,116
305,194,116
305,195,116
305,196,116
305,197,116
305,198,116
305,199,116
305,200,116
305,201,116
305,202,116
305,203,116
305,204,116
305,205,116
305,206,116
305,207,116
305,208,116
305,209,116
305,210,116
305,211,116
305,212,116
305,213,116
305,214,116
305,215,116
305,216,116
305,217,116
305,218,116
305,219,116
305,220,116
305,221,116
305,222,116
305,223,116
305,224,116
305,225,116
306,226,116
306,227,116
306,228,116
306,229,116
306,230,116
306,231,116
306,232,116
306,233,116
306,234,116
306,235,116
306,236,116
306,237,116
306,238,116
306,239,116
306,0,117
306,1,117
306,2,117
306,3,117
306,4,117
306,5,117
306,6,117
306,7,117
306,8,117
306,9,117
306,10,117
306,11,117
306,12,117
306,13,117
306,14,117
306,15,117
306,16,117
306,17,117
306,18,117
306,19,117
306,20,117
306,21,117
306,22,117
306,23,117
306,24,117
306,25,117
306,26,117
306,27,117
307,28,117
307,29,117
307,30,117
307,31,117
307,32,117
307,33,117
307,34,117
307,35,117
307,36,117
307,37,117
307,38,117
307,39,117
307,40,117
307,41,117
307,42,117
307,43,117
307,44,117
307,45,117
307,46,117
307,47,117
307,48,117
307,49,117
307,50,117
307,51,117
307,52,117
307,53,117
307,54,117
307,55,117
307,56,117
307,57,117
307,58,117
307,59,117
307,60,117
307,61,117
307,62,117
307,63,117
307,64,117
307,65,117
307,66,117
307,67,117
307,68,117
307,69,117
308,70,117
308,71,117
308,72,117
308,73,117
308,74,117
308,75,117
308,76,117
308,77,117
308,78,117
308,79,117
308,80,117
308,81,117
308,82,117
308,83,117
308,84,117
308,85,117
308,86,117
308,87,117
308,88,117
308,89,117
308,90,117
308,91,117
308,92,117
308,93,117
308,94,117
308,95,117
308,96,117
308,97,117
308,98,117
308,99,117
308,100,117
308,101,117
308,102,117
308,103,117
308,104,117
308,105,117
308,106,117
308,107,117
308,108,117
308,109,117
308,110,117
308,111,117
309,112,117
309,113,117
309,114,117
309,115,117
309,116,117
309,117,117
309,118,117
309,119,117
309,120,117
309,121,117
309,122,117
309,123,117
309,124,117
309,125,117
309,126,117
309,127,117
309,128,117
309,129,117
309,130,117
309,131,117
309,132,117
309,133,117
309,134,117
309,135,117
309,136,117
309,137,117
309,138,117
309,139,117
309,140,117
309,141,117
309,142,117
309,143,117
309,144,117
309,145,117
309,146,117
309,147,117
309,148,117
309,149,117
309,150,117
309,151,117
310,152,117
310,153,117
310,154,117
310,155,117
310,156,117
310,157,117
310,158,117
310,159,117
310,160,117
310,161,117
310,162,117
310,163,117
310,164,117
310,165,117
310,166,117
310,167,117
310,168,117
310,169,117
310,170,117
310,171,117
310,172,117
310,173,117
310,174,117
310,175,117
310,176,117
310,177,117
310,178,117
310,179,117
310,180,117
310,181,117
310,182,117
310,183,117
310,184,117
310,185,117
310,186,117
310,187,117
310,188,117
310,189,117
310,190,117
310,191,117
310,192,117
310,193,117
310,194,117
311,195,117
311,196,117
311,197,117
311,198,117
311,199,117
311,200,117
311,201,117
311,202,117
311,203,117
311,204,117
311,205,117
311,206,117
311,207,117
311,208,117
311,209,117
311,210,117
311,211,117
311,212,117
311,213,117
311,214,117
311,215,117
311,216,117
311,217,117
311,218,117
311,219,117
311,220,117
311,221,117
311,222,117
311,223,117
311,224,117
311,225,117
311,226,117
311,227,117
311,228,117
311,229,117
311,230,117
311,231,117
311,232,117
311,233,117
311,234,117
311,235,117
311,236,117
311,237,117
312,238,117
312,239,117
312,0,118
312,1,118
312,2,118
312,3,118
312,4,118
312,5,118
312,6,118
312,7,118
312,8,118
312,9,118
312,10,118
312,11,118
312,12,118
312,13,118
312,14,118
312,15,118
312,16,118
312,17,118
312,18,118
312,19,118
312,20,118
312,21,118
312,22,118
312,23,118
312,24,118
312,25,118
312,26,118
312,27,118
312,28,118
312,29,118
312,30,118
312,31,118
312,32,118
312,33,118
312,34,118
312,35,118
312,36,118
312,37,118
312,38,118
313,39,118
313,40,118
313,41,118
313,42,118
313,43,118
313,44,118
313,45,118
313,46,118
313,47,118
313,48,118
313,49,118
313,50,118
313,51,118
313,52,118
313,53,118
313,54,118
313,55,118
313,56,118
313,57,118
313,58,118
313,59,118
313,60,118
313,61,118
313,62,118
313,63,118
313,64,118
313,65,118
313,66,118
313,67,118
313,68,118
313,69,118
313,70,118
313,71,118
313,72,118
313,73,118
313,74,118
313,75,118
313,76,118
313,77,118
313,78,118
313,79,118
313,80,118
314,81,118
314,82,118
314,83,118
314,84,118
314,85,118
314,86,118
314,87,118
314,88,118
314,89,118
314,90,118
314,91,118
314,92,118
314,93,118
314,94,118
314,95,118
314,96,118
314,97,118
314,98,118
314,99,118
314,100,118
314,101,118
314,102,118
314,103,118
314,104,118
314,105,118
314,106,118
314,107,118
314,108,118
314,109,118
314,110,118
314,111,118
314,112,118
314,113,118
315,114,118
315,115,118
315,116,118
315,117,118
315,118,118
315,119,118
315,120,118
315,121,118
315,122,118
315,123,118
315,124,118
315,125,118
315,126,118
315,127,118
315,128,118
315,129,118
315,130,118
315,131,118
315,132,118
315,133,118
315,134,118
315,135,118
315,136,118
315,137,118
315,138,118
315,139,118
315,140,118
315,141,118
315,142,118
315,143,118
315,144,118
315,145,118
315,146,118
315,147,118
315,148,118
316,149,118
316,150,118
316,151,118
316,152,118
316,153,118
316,154,118
316,155,118
316,156,118
316,157,118
316,158,118
316,159,118
316,160,118
316,161,118
316,162,118
316,163,118
316,164,118
316,165,118
316,166,118
316,167,118
316,168,118
316,169,118
316,170,118
316,171,118
316,172,118
316,173,118
316,174,118
316,175,118
316,176,118
316,177,118
316,178,118
316,179,118
316,180,118
316,181,118
316,182,118
316,183,118
316,184,118
316,185,118
316,186,118
316,187,118
316,188,118
316,189,118
316,190,118
317,191,118
317,192,118
317,193,118
317,194,118
317,195,118
317,196,118
317,197,118
317,198,118
317,199,118
317,200,118
317,201,118
317,202,118
317,203,118
317,204,118
317,205,118
317,206,118
317,207,118
317,208,118
317,209,118
317,210,118
317,211,118
317,212,118
317,213,118
317,214,118
317,215,118
317,216,118
317,217,118
317,218,118
317,219,118
317,220,118
317,221,118
317,222,118
317,223,118
317,224,118
317,225,118
317,226,118
317,227,118
317,228,118
317,229,118
317,230,118
317,231,118
317,232,118
317,233,118
318,234,118
318,235,118
318,236,118
318,237,118
318,238,118
318,239,118
318,0,119
318,1,119
318,2,119
318,3,119
318,4,119
318,5,119
318,6,119
318,7,119
318,8,119
318,9,119
318,10,119
318,11,119
318,12,119
318,13,119
318,14,119
318,15,119
318,16,119
318,17,119
318,18,119
318,19,119
318,20,119
318,21,119
318,22,119
318,23,119
318,24,119
318,25,119
318,26,119
318,27,119
318,28,119
318,29,119
318,30,119
318,31,119
318,32,119
318,33,119
319,34,119
319,35,119
319,36,119
319,37,119
319,38,119
319,39,119
319,40,119
319,41,119
319,42,119
319,43,119
319,44,119
319,45,119
319,46,119
319,47,119
319,48,119
319,49,119
319,50,119
319,51,119
319,52,119
319,53,119
319,54,119
319,55,119
319,56,119
319,57,119
319,58,119
319,59,119
319,60,119
319,61,119
319,62,119
319,63,119
319,64,119
319,65,119
319,66,119
319,67,119
319,68,119
319,69,119
319,70,119
320,71,119
320,72,119
320,73,119
320,74,119
320,75,119
320,76,119
320,77,119
320,78,119
320,79,119
320,80,119
320,81,119
320,82,119
320,83,119
320,84,119
320,85,119
320,86,119
320,87,119
320,88,119
320,89,119
320,90,119
320,91,119
320,92,119
320,93,119
320,94,119
320,95,119
320,96,119
320,97,119
320,98,119
320,99,119
320,100,119
320,101,119
320,102,119
320,103,119
320,104,119
320,105,119
320,106,119
320,107,119
320,108,119
321,109,119
321,110,119
321,111,119
321,112,119
321,113,119
321,114,119
321,115,119
321,116,119
321,117,119
321,118,119
321,119,119
321,120,119
321,121,119
321,122,119
321,123,119
321,124,119
321,125,119
321,126,119
321,127,119
321,128,119
321,129,119
321,130,119
321,131,119
321,132,119
321,133,119
321,134,119
321,135,119
321,136,119
321,137,119
321,138,119
321,139,119
321,140,119
321,141,119
321,142,119
322,143,119
322,144,119
322,145,119
322,146,119
322,147,119
322,148,119
322,149,119
322,150,119
322,151,119
322,152,119
322,153,119
322,154,119
322,155,119
322,156,119
322,157,119
322,158,119
322,159,119
322,160,119
322,161,119
322,162,119
322,163,119
322,164,119
322,165,119
322,166,119
322,167,119
322,168,119
322,169,119
322,170,119
322,171,119
322,172,119
322,173,119
322,174,119
322,175,119
322,176,119
322,177,119
322,178,119
322,179,119
322,180,119
322,181,119
322,182,119
322,183,119
322,184,119
323,185,119
323,186,119
323,187,119
323,188,119
323,189,119
323,190,119
323,191,119
323,192,119
323,193,119
323,194,119
323,195,119
323,196,119
323,197,119
323,198,119
323,199,119
323,200,119
323,201,119
323,202,119
323,203,119
323,204,119
323,205,119
323,206,119
323,207,119
323,208,119
323,209,119
323,210,119
323,211,119
323,212,119
323,213,119
323,214,119
323,215,119
323,216,119
323,217,119
323,218,119
323,219,119
323,220,119
323,221,119
323,222,119
323,223,119
323,224,119
323,225,119
323,226,119
323,227,119
324,228,119
324,229,119
324,230,119
324,231,119
324,232,119
324,233,119
324,234,119
324,235,119
324,236,119
324,237,119
324,238,119
324,239,119
324,0,120
324,1,120
324,2,120
324,3,120
324,4,120
324,5,120
324,6,120
324,7,120
324,8,120
324,9,120
324,10,120
324,11,120
324,12,120
324,13,120
324,14,120
324,15,120
324,16,120
324,17,120
324,18,120
324,19,120
324,20,120
324,21,120
324,22,120
324,23,120
324,24,120
324,25,120
324,26,120
324,27,120
324,28,120
325,29,120
325,30,120
325,31,120
325,32,120
325,33,120
325,34,120
325,35,120
325,36,120
325,37,120
325,38,120
325,39,120
325,40,120
325,41,120
325,42,120
325,43,120
325,44,120
325,45,120
325,46,120
325,47,120
325,48,120
325,49,120
325,50,120
325,51,120
325,52,120
325,53,120
325,54,120
325,55,120
325,56,120
325,57,120
325,58,120
325,59,120
325,60,120
325,61,120
325,62,120
325,63,120
325,64,120
325,65,120
325,66,120
325,67,120
325,68,120
325,69,120
325,70,120
325,71,120
326,72,120
326,73,120
326,74,120
326,75,120
326,76,120
326,77,120
326,78,120
326,79,120
326,80,120
326,81,120
326,82,120
326,83,120
326,84,120
326,85,120
326,86,120
326,87,120
326,88,120
326,89,120
326,90,120
326,91,120
326,92,120
326,93,120
326,94,120
326,95,120
326,96,120
326,97,120
326,98,120
326,99,120
326,100,120
326,101,120
326,102,120
326,103,120
326,104,120
326,105,120
326,106,120
326,107,120
326,108,120
326,109,120
326,110,120
326,111,120
326,112,120
326,113,120
327,114,120
327,115,120
327,116,120
327,117,120
327,118,120
327,119,120
327,120,120
327,121,120
327,122,120
327,123,120
327,124,120
327,125,120
327,126,120
327,127,120
327,128,120
327,129,120
327,130,120
327,131,120
327,132,120
327,133,120
327,134,120
327,135,120
327,136,120
327,137,120
327,138,120
327,139,120
327,140,120
327,141,120
327,142,120
327,143,120
327,144,120
327,145,120
327,146,120
327,147,120
327,148,120
327,149,120
327,150,120
327,151,120
327,152,120
327,153,120
327,154,120
327,155,120
328,156,120
328,157,120
328,158,120
328,159,120
328,160,120
328,161,120
328,162,120
328,163,120
328,164,120
328,165,120
328,166,120
328,167,120
328,168,120
328,169,120
328,170,120
328,171,120
328,172,120
328,173,120
328,174,120
328,175,120
328,176,120
328,177,120
328,178,120
328,179,120
328,180,120
328,181,120
328,182,120
328,183,120
328,184,120
328,185,120
328,186,120
328,187,120
328,188,120
328,189,120
328,190,120
328,191,120
328,192,120
328,193,120
328,194,120
328,195,120
329,196,120
329,197,120
329,198,120
329,199,120
329,200,120
329,201,120
329,202,120
329,203,120
329,204,120
329,205,120
329,206,120
329,207,120
329,208,120
329,209,120
329,210,120
329,211,120
329,212,120
329,213,120
329,214,120
329,215,120
329,216,120
329,217,120
329,218,120
329,219,120
329,220,120
329,221,120
329,222,120
329,223,120
329,224,120
329,225,120
329,226,120
329,227,120
329,228,120
329,229,120
329,230,120
329,231,120
329,232,120
329,233,120
329,234,120
329,235,120
329,236,120
330,237,120
330,238,120
330,239,120
330,0,121
330,1,121
330,2,121
330,3,121
330,4,121
330,5,121
330,6,121
330,7,121
330,8,121
330,9,121
330,10,121
330,11,121
330,12,121
330,13,121
330,14,121
330,15,121
330,16,121
330,17,121
330,18,121
330,19,121
330,20,121
330,21,121
330,22,121
330,23,121
330,24,121
330,25,121
330,26,121
330,27,121
330,28,121
330,29,121
330,30,121
330,31,121
330,32,121
331,33,121
331,34,121
331,35,121
331,36,121
331,37,121
331,38,121
331,39,121
331,40,121
331,41,121
331,42,121
331,43,121
331,44,121
331,45,121
331,46,121
331,47,121
331,48,121
331,49,121
331,50,121
331,51,121
331,52,121
331,53,121
331,54,121
331,55,121
331,56,121
331,57,121
331,58,121
331,59,121
331,60,121
331,61,121
331,62,121
331,63,121
331,64,121
331,65,121
331,66,121
331,67,121
331,68,121
331,69,121
331,70,121
331,71,121
331,72,121
331,73,121
331,74,121
331,75,121
332,76,121
332,77,121
332,78,121
332,79,121
332,80,121
332,81,121
332,82,121
332,83,121
332,84,121
332,85,121
332,86,121
332,87,121
332,88,121
332,89,121
332,90,121
332,91,121
332,92,121
332,93,121
332,94,121
332,95,121
332,96,121
332,97,121
332,98,121
332,99,121
332,100,121
332,101,121
332,102,121
332,103,121
332,104,121
332,105,121
332,106,121
332,107,121
332,108,121
332,109,121
332,110,121
332,111,121
332,112,121
332,113,121
332,114,121
332,115,121
332,116,121
332,117,121
332,118,121
333,119,121
333,120,121
333,121,121
333,122,121
333,123,121
333,124,121
333,125,121
333,126,121
333,127,121
333,128,121
333,129,121
333,130,121
333,131,121
333,132,121
333,133,121
333,134,121
333,135,121
333,136,121
333,137,121
333,138,121
333,139,121
333,140,121
333,141,121
333,142,121
333,143,121
333,144,121
333,145,121
333,146,121
333,147,121
333,148,121
333,149,121
333,150,121
333,151,121
333,152,121
333,153,121
333,154,121
333,155,121
333,156,121
333,157,121
333,158,121
333,159,121
333,160,121
334,161,121
334,162,121
334,163,121
334,164,121
334,165,121
334,166,121
334,167,121
334,168,121
334,169,121
334,170,121
334,171,121
334,172,121
334,173,121
334,174,121
334,175,121
334,176,121
334,177,121
334,178,121
334,179,121
334,180,121
334,181,121
334,182,121
334,183,121
334,184,121
334,185,121
334,186,121
334,187,121
334,188,121
334,189,121
334,190,121
334,191,121
334,192,121
334,193,121
334,194,121
334,195,121
334,196,121
334,197,121
334,198,121
334,199,121
334,200,121
334,201,121
335,202,121
335,203,121
335,204,121
335,205,121
335,206,121
335,207,121
335,208,121
335,209,121
335,210,121
335,211,121
335,212,121
335,213,121
335,214,121
335,215,121
335,216,121
335,217,121
335,218,121
335,219,121
335,220,121
335,221,121
335,222,121
335,223,121
335,224,121
335,225,121
335,226,121
335,227,121
335,228,121
335,229,121
335,230,121
335,231,121
335,232,121
335,233,121
335,234,121
335,235,121
335,236,121
335,237,121
335,238,121
335,239,121
335,0,122
335,1,122
335,2,122
335,3,122
336,4,122
336,5,122
336,6,122
336,7,122
336,8,122
336,9,122
336,10,122
336,11,122
336,12,122
336,13,122
336,14,122
336,15,122
336,16,122
336,17,122
336,18,122
336,19,122
336,20,122
336,21,122
336,22,122
336,23,122
336,24,122
336,25,122
336,26,122
336,27,122
336,28,122
336,29,122
336,30,122
336,31,122
336,32,122
336,33,122
336,34,122
336,35,122
336,36,122
336,37,122
336,38,122
336,39,122
336,40,122
336,41,122
336,42,122
336,43,122
336,44,122
336,45,122
336,46,122
337,47,122
337,48,122
337,49,122
337,50,122
337,51,122
337,52,122
337,53,122
337,54,122
337,55,122
337,56,122
337,57,122
337,58,122
337,59,122
337,60,122
337,61,122
337,62,122
337,63,122
337,64,122
337,65,122
337,66,122
337,67,122
337,68,122
337,69,122
337,70,122
337,71,122
337,72,122
337,73,122
337,74,122
337,75,122
337,76,122
337,77,122
337,78,122
337,79,122
337,80,122
337,81,122
337,82,122
337,83,122
337,84,122
337,85,122
337,86,122
337,87,122
338,88,122
338,89,122
338,90,122
338,91,122
338,92,122
338,93,122
338,94,122
338,95,122
338,96,122
338,97,122
338,98,122
338,99,122
338,100,122
338,101,122
338,102,122
338,103,122
338,104,122
338,105,122
338,106,122
338,107,122
338,108,122
338,109,122
338,110,122
338,111,122
338,112,122
338,113,122
338,114,122
338,115,122
338,116,122
338,117,122
338,118,122
338,119,122
338,120,122
338,121,122
338,122,122
338,123,122
338,124,122
338,125,122
338,126,122
338,127,122
338,128,122
338,129,122
339,130,122
339,131,122
339,132,122
339,133,122
339,134,122
339,135,122
339,136,122
339,137,122
339,138,122
339,139,122
339,140,122
339,141,122
339,142,122
339,143,122
339,144,122
339,145,122
339,146,122
339,147,122
339,148,122
339,149,122
339,150,122
339,151,122
339,152,122
339,153,122
339,154,122
339,155,122
339,156,122
339,157,122
339,158,122
339,159,122
339,160,122
339,161,122
339,162,122
339,163,122
339,164,122
339,165,122
339,166,122
339,167,122
340,168,122
340,169,122
340,170,122
340,171,122
340,172,122
340,173,122
340,174,122
340,175,122
340,176,122
340,177,122
340,178,122
340,179,122
340,180,122
340,181,122
340,182,122
340,183,122
340,184,122
340,185,122
340,186,122
340,187,122
340,188,122
340,189,122
340,190,122
340,191,122
340,192,122
340,193,122
340,194,122
340,195,122
340,196,122
340,197,122
340,198,122
340,199,122
340,200,122
340,201,122
340,202,122
340,203,122
340,204,122
340,205,122
340,206,122
340,207,122
341,208,122
341,209,122
341,210,122
341,211,122
341,212,122
341,213,122
341,214,122
341,215,122
341,216,122
341,217,122
341,218,122
341,219,122
341,220,122
341,221,122
341,222,122
341,223,122
341,224,122
341,225,122
341,226,122
341,227,122
341,228,122
341,229,122
341,230,122
341,231,122
341,232,122
341,233,122
341,234,122
341,235,122
341,236,122
341,237,122
341,238,122
341,239,122
341,0,123
341,1,123
341,2,123
341,3,123
341,4,123
341,5,123
341,6,123
341,7,123
341,8,123
341,9,123
342,10,123
342,11,123
342,12,123
342,13,123
342,14,123
342,15,123
342,16,123
342,17,123
342,18,123
342,19,123
342,20,123
342,21,123
342,22,123
342,23,123
342,24,123
342,25,123
342,26,123
342,27,123
342,28,123
342,29,123
342,30,123
342,31,123
342,32,123
342,33,123
342,34,123
342,35,123
342,36,123
342,37,123
342,38,123
342,39,123
342,40,123
342,41,123
342,42,123
342,43,123
342,44,123
342,45,123
342,46,123
342,47,123
342,48,123
342,49,123
342,50,123
342,51,123
342,52,123
343,53,123
343,54,123
343,55,123
343,56,123
343,57,123
343,58,123
343,59,123
343,60,123
343,61,123
343,62,123
343,63,123
343,64,123
343,65,123
343,66,123
343,67,123
343,68,123
343,69,123
343,70,123
343,71,123
343,72,123
343,73,123
343,74,123
343,75,123
343,76,123
343,77,123
343,78,123
343,79,123
343,80,123
343,81,123
343,82,123
343,83,123
343,84,123
343,85,123
343,86,123
343,87,123
343,88,123
343,89,123
343,90,123
343,91,123
343,92,123
343,93,123
344,94,123
344,95,123
344,96,123
344,97,123
344,98,123
344,99,123
344,100,123
344,101,123
344,102,123
344,103,123
344,104,123
344,105,123
344,106,123
344,107,123
344,108,123
344,109,123
344,110,123
344,111,123
344,112,123
344,113,123
344,114,123
344,115,123
344,116,123
344,117,123
344,118,123
344,119,123
344,120,123
344,121,123
344,122,123
344,123,123
344,124,123
344,125,123
344,126,123
344,127,123
344,128,123
344,129,123
344,130,123
344,131,123
344,132,123
344,133,123
344,134,123
345,135,123
345,136,123
345,137,123
345,138,123
345,139,123
345,140,123
345,141,123
345,142,123
345,143,123
345,144,123
345,145,123
345,146,123
345,147,123
345,148,123
345,149,123
345,150,123
345,151,123
345,152,123
345,153,123
345,154,123
345,155,123
345,156,123
345,157,123
345,158,123
345,159,123
345,160,123
345,161,123
345,162,123
345,163,123
345,164,123
345,165,123
345,166,123
345,167,123
345,168,123
345,169,123
345,170,123
345,171,123
345,172,123
345,173,123
345,174,123
345,175,123
345,176,123
345,177,123
346,178,123
346,179,123
346,180,123
346,181,123
346,182,123
346,183,123
346,184,123
346,185,123
346,186,123
346,187,123
346,188,123
346,189,123
346,190,123
346,191,123
346,192,123
346,193,123
346,194,123
346,195,123
346,196,123
346,197,123
346,198,123
346,199,123
346,200,123
346,201,123
346,202,123
346,203,123
346,204,123
346,205,123
346,206,123
346,207,123
346,208,123
346,209,123
346,210,123
346,211,123
346,212,123
346,213,123
346,214,123
346,215,123
346,216,123
346,217,123
347,218,123
347,219,123
347,220,123
347,221,123
347,222,123
347,223,123
347,224,123
347,225,123
347,226,123
347,227,123
347,228,123
347,229,123
347,230,123
347,231,123
347,232,123
347,233,123
347,234,123
347,235,123
347,236,123
347,237,123
347,238,123
347,239,123
347,0,124
347,1,124
347,2,124
347,3,124
347,4,124
347,5,124
347,6,124
347,7,124
347,8,124
347,9,124
347,10,124
347,11,124
347,12,124
347,13,124
347,14,124
347,15,124
347,16,124
347,17,124
347,18,124
347,19,124
348,20,124
348,21,124
348,22,124
348,23,124
348,24,124
348,25,124
348,26,124
348,27,124
348,28,124
348,29,124
348,30,124
348,31,124
348,32,124
348,33,124
348,34,124
348,35,124
348,36,124
348,37,124
348,38,124
348,39,124
348,40,124
348,41,124
348,42,124
348,43,124
348,44,124
348,45,124
348,46,124
348,47,124
348,48,124
348,49,124
348,50,124
348,51,124
348,52,124
348,53,124
348,54,124
348,55,124
348,56,124
348,57,124
348,58,124
348,59,124
348,60,124
349,61,124
349,62,124
349,63,124
349,64,124
349,65,124
349,66,124
349,67,124
349,68,124
349,69,124
349,70,124
349,71,124
349,72,124
349,73,124
349,74,124
349,75,124
349,76,124
349,77,124
349,78,124
349,79,124
349,80,124
349,81,124
349,82,124
349,83,124
349,84,124
349,85,124
349,86,124
349,87,124
349,88,124
349,89,124
349,90,124
349,91,124
349,92,124
349,93,124
349,94,124
349,95,124
349,96,124
349,97,124
349,98,124
349,99,124
349,100,124
349,101,124
350,102,124
350,103,124
350,104,124
350,105,124
350,106,124
350,107,124
350,108,124
350,109,124
350,110,124
350,111,124
350,112,124
350,113,124
350,114,124
350,115,124
350,116,124
350,117,124
350,118,124
350,119,124
350,120,124
350,121,124
350,122,124
350,123,124
350,124,124
350,125,124
350,126,124
350,127,124
350,128,124
350,129,124
350,130,124
350,131,124
350,132,124
350,133,124
350,134,124
350,135,124
350,136,124
350,137,124
350,138,124
350,139,124
350,140,124
350,141,124
350,142,124
350,143,124
351,144,124
351,145,124
351,146,124
351,147,124
351,148,124
351,149,124
351,150,124
351,151,124
351,152,124
351,153,124
351,154,124
351,155,124
351,156,124
351,157,124
351,158,124
351,159,124
351,160,124
351,161,124
351,162,124
351,163,124
351,164,124
351,165,124
351,166,124
351,167,124
351,168,124
351,169,124
351,170,124
351,171,124
351,172,124
351,173,124
351,174,124
351,175,124
351,176,124
351,177,124
351,178,124
351,179,124
351,180,124
351,181,124
351,182,124
351,183,124
351,184,124
351,185,124
351,186,124
352,187,124
352,188,124
352,189,124
352,190,124
352,191,124
352,192,124
352,193,124
352,194,124
352,195,124
352,196,124
352,197,124
352,198,124
352,199,124
352,200,124
352,201,124
352,202,124
352,203,124
352,204,124
352,205,124
352,206,124
352,207,124
352,208,124
352,209,124
352,210,124
352,211,124
352,212,124
352,213,124
352,214,124
352,215,124
352,216,124
352,217,124
352,218,124
352,219,124
352,220,124
352,221,124
352,222,124
352,223,124
352,224,124
352,225,124
352,226,124
353,227,124
353,228,124
353,229,124
353,230,124
353,231,124
353,232,124
353,233,124
353,234,124
353,235,124
353,236,124
353,237,124
353,238,124
353,239,124
353,0,125
353,1,125
353,2,125
353,3,125
353,4,125
353,5,125
353,6,125
353,7,125
353,8,125
353,9,125
353,10,125
353,11,125
353,12,125
353,13,125
353,14,125
353,15,125
353,16,125
353,17,125
353,18,125
353,19,125
353,20,125
353,21,125
353,22,125
353,23,125
353,24,125
353,25,125
353,26,125
353,27,125
353,28,125
353,29,125
354,30,125
354,31,125
354,32,125
354,33,125
354,34,125
354,35,125
354,36,125
354,37,125
354,38,125
354,39,125
354,40,125
354,41,125
354,42,125
354,43,125
354,44,125
354,45,125
354,46,125
354,47,125
354,48,125
354,49,125
354,50,125
354,51,125
354,52,125
354,53,125
354,54,125
354,55,125
354,56,125
354,57,125
354,58,125
354,59,125
354,60,125
354,61,125
354,62,125
354,63,125
354,64,125
354,65,125
354,66,125
354,67,125
354,68,125
354,69,125
354,70,125
354,71,125
355,72,125
355,73,125
355,74,125
355,75,125
355,76,125
355,77,125
355,78,125
355,79,125
355,80,125
355,81,125
355,82,125
355,83,125
355,84,125
355,85,125
355,86,125
355,87,125
355,88,125
355,89,125
355,90,125
355,91,125
355,92,125
355,93,125
355,94,125
355,95,125
355,96,125
355,97,125
355,98,125
355,99,125
355,100,125
355,101,125
355,102,125
355,103,125
355,104,125
355,105,125
355,106,125
355,107,125
355,108,125
355,109,125
355,110,125
356,111,125
356,112,125
356,113,125
356,114,125
356,115,125
356,116,125
356,117,125
356,118,125
356,119,125
356,120,125
356,121,125
356,122,125
356,123,125
356,124,125
356,125,125
356,126,125
356,127,125
356,128,125
356,129,125
356,130,125
356,131,125
356,132,125
356,133,125
356,134,125
356,135,125
356,136,125
356,137,125
356,138,125
356,139,125
356,140,125
356,141,125
356,142,125
356,143,125
356,144,125
356,145,125
356,146,125
356,147,125
356,148,125
356,149,125
356,150,125
357,151,125
357,152,125
357,153,125
357,154,125
357,155,125
357,156,125
357,157,125
357,158,125
357,159,125
357,160,125
357,161,125
357,162,125
357,163,125
357,164,125
357,165,125
357,166,125
357,167,125
357,168,125
357,169,125
357,170,125
357,171,125
357,172,125
357,173,125
357,174,125
357,175,125
357,176,125
357,177,125
357,178,125
357,179,125
357,180,125
357,181,125
357,182,125
357,183,125
357,184,125
357,185,125
357,186,125
357,187,125
357,188,125
357,189,125
357,190,125
357,191,125
357,192,125
358,193,125
358,194,125
358,195,125
358,196,125
358,197,125
358,198,125
358,199,125
358,200,125
358,201,125
358,202,125
358,203,125
358,204,125
358,205,125
358,206,125
358,207,125
358,208,125
358,209,125
358,210,125
358,211,125
358,212,125
358,213,125
358,214,125
358,215,125
358,216,125
358,217,125
358,218,125
358,219,125
358,220,125
358,221,125
358,222,125
358,223,125
358,224,125
358,225,125
358,226,125
358,227,125
358,228,125
358,229,125
358,230,125
358,231,125
358,232,125
358,233,125
359,234,125
359,235,125
359,236,125
359,237,125
359,238,125
359,239,125
359,0,126
359,1,126
359,2,126
359,3,126
359,4,126
359,5,126
359,6,126
359,7,126
359,8,126
359,9,126
359,10,126
359,11,126
359,12,126
359,13,126
359,14,126
359,15,126
359,16,126
359,17,126
359,18,126
359,19,126
359,20,126
359,21,126
359,22,126
359,23,126
359,24,126
359,25,126
360,26,126
360,27,126
360,28,126
360,29,126
360,30,126
360,31,126
360,32,126
360,33,126
360,34,126
360,35,126
360,36,126
360,37,126
360,38,126
360,39,126
360,40,126
360,41,126
360,42,126
360,43,126
360,44,126
360,45,126
360,46,126
360,47,126
360,48,126
360,49,126
360,50,126
360,51,126
360,52,126
360,53,126
360,54,126
360,55,126
360,56,126
360,57,126
360,58,126
360,59,126
360,60,126
360,61,126
360,62,126
360,63,126
360,64,126
361,65,126
361,66,126
361,67,126
361,68,126
361,69,126
361,70,126
361,71,126
361,72,126
361,73,126
361,74,126
361,75,126
361,76,126
361,77,126
361,78,126
361,79,126
361,80,126
361,81,126
361,82,126
361,83,126
361,84,126
361,85,126
361,86,126
361,87,126
361,88,126
361,89,126
361,90,126
361,91,126
361,92,126
361,93,126
361,94,126
361,95,126
361,96,126
361,97,126
361,98,126
361,99,126
362,100,126
362,101,126
362,102,126
362,103,126
362,104,126
362,105,126
362,106,126
362,107,126
362,108,126
362,109,126
362,110,126
362,111,126
362,112,126
362,113,126
362,114,126
362,115,126
362,116,126
362,117,126
362,118,126
362,119,126
362,120,126
362,121,126
362,122,126
362,123,126
362,124,126
362,125,126
362,126,126
362,127,126
362,128,126
362,129,126
362,130,126
362,131,126
362,132,126
362,133,126
362,134,126
362,135,126
362,136,126
362,137,126
362,138,126
363,139,126
363,140,126
363,141,126
363,142,126
363,143,126
363,144,126
363,145,126
363,146,126
363,147,126
363,148,126
363,149,126
363,150,126
363,151,126
363,152,126
363,153,126
363,154,126
363,155,126
363,156,126
363,157,126
363,158,126
363,159,126
363,160,126
363,161,126
363,162,126
363,163,126
363,164,126
363,165,126
363,166,126
363,167,126
363,168,126
363,169,126
363,170,126
363,171,126
363,172,126
363,173,126
363,174,126
363,175,126
363,176,126
363,177,126
363,178,126
364,179,126
364,180,126
364,181,126
364,182,126
364,183,126
364,184,126
364,185,126
364,186,126
364,187,126
364,188,126
364,189,126
364,190,126
364,191,126
364,192,126
364,193,126
364,194,126
364,195,126
364,196,126
364,197,126
364,198,126
364,199,126
364,200,126
364,201,126
364,202,126
364,203,126
364,204,126
364,205,126
364,206,126
364,207,126
364,208,126
364,209,126
364,210,126
364,211,126
364,212,126
364,213,126
364,214,126
364,215,126
364,216,126
364,217,126
364,218,126
364,219,126
364,220,126
365,221,126
365,222,126
365,223,126
365,224,126
365,225,126
365,226,126
365,227,126
365,228,126
365,229,126
365,230,126
365,231,126
365,232,126
365,233,126
365,234,126
365,235,126
365,236,126
365,237,126
365,238,126
365,239,126
365,0,127
365,1,127
365,2,127
365,3,127
365,4,127
365,5,127
365,6,127
365,7,127
365,8,127
365,9,127
365,10,127
365,11,127
365,12,127
365,13,127
365,14,127
365,15,127
365,16,127
365,17,127
365,18,127
365,19,127
365,20,127
365,21,127
365,22,127
366,23,127
366,24,127
366,25,127
366,26,127
366,27,127
366,28,127
366,29,127
366,30,127
366,31,127
366,32,127
366,33,127
366,34,127
366,35,127
366,36,127
366,37,127
366,38,127
366,39,127
366,40,127
366,41,127
366,42,127
366,43,127
366,44,127
366,45,127
366,46,127
366,47,127
366,48,127
366,49,127
366,50,127
366,51,127
366,52,127
366,53,127
366,54,127
366,55,127
366,56,127
366,57,127
366,58,127
366,59,127
366,60,127
366,61,127
366,62,127
366,63,127
366,64,127
366,65,127
367,66,127
367,67,127
367,68,127
367,69,127
367,70,127
367,71,127
367,72,127
367,73,127
367,74,127
367,75,127
367,76,127
367,77,127
367,78,127
367,79,127
367,80,127
367,81,127
367,82,127
367,83,127
367,84,127
367,85,127
367,86,127
367,87,127
367,88,127
367,89,127
367,90,127
367,91,127
367,92,127
367,93,127
367,94,127
367,95,127
367,96,127
367,97,127
367,98,127
367,99,127
367,100,127
367,101,127
367,102,127
367,103,127
367,104,127
367,105,127
367,106,127
367,107,127
368,108,127
368,109,127
368,110,127
368,111,127
368,112,127
368,113,127
368,114,127
368,115,127
368,116,127
368,117,127
368,118,127
368,119,127
368,120,127
368,121,127
368,122,127
368,123,127
368,124,127
368,125,127
368,126,127
368,127,127
368,128,127
368,129,127
368,130,127
368,131,127
368,132,127
368,133,127
368,134,127
368,135,127
368,136,127
368,137,127
368,138,127
368,139,127
368,140,127
368,141,127
368,142,127
368,143,127
368,144,127
368,145,127
368,146,127
368,147,127
368,148,127
368,149,127
369,150,127
369,151,127
369,152,127
369,153,127
369,154,127
369,155,127
369,156,127
369,157,127
369,158,127
369,159,127
369,160,127
369,161,127
369,162,127
369,163,127
369,164,127
369,165,127
369,166,127
369,167,127
369,168,127
369,169,127
369,170,127
369,171,127
369,172,127
369,173,127
369,174,127
369,175,127
369,176,127
369,177,127
369,178,127
369,179,127
369,180,127
369,181,127
369,182,127
369,183,127
369,184,127
369,185,127
369,186,127
369,187,127
369,188,127
369,189,127
369,190,127
369,191,127
370,192,127
370,193,127
370,194,127
370,195,127
370,196,127
370,197,127
370,198,127
370,199,127
370,200,127
370,201,127
370,202,127
370,203,127
370,204,127
370,205,127
370,206,127
370,207,127
370,208,127
370,209,127
370,210,127
370,211,127
370,212,127
370,213,127
370,214,127
370,215,127
370,216,127
370,217,127
370,218,127
370,219,127
370,220,127
370,221,127
370,222,127
370,223,127
370,224,127
370,225,127
370,226,127
370,227,127
370,228,127
370,229,127
370,230,127
370,231,127
371,232,127
371,233,127
371,234,127
371,235,127
371,236,127
371,237,127
371,238,127
371,239,127
371,0,128
371,1,128
371,2,128
371,3,128
371,4,128
371,5,128
371,6,128
371,7,128
371,8,128
371,9,128
371,10,128
371,11,128
371,12,128
371,13,128
371,14,128
371,15,128
371,16,128
371,17,128
371,18,128
371,19,128
371,20,128
371,21,128
371,22,128
371,23,128
371,24,128
371,25,128
371,26,128
371,27,128
371,28,128
371,29,128
371,30,128
371,31,128
371,32,128
371,33,128
371,34,128
372,35,128
372,36,128
372,37,128
372,38,128
372,39,128
372,40,128
372,41,128
372,42,128
372,43,128
372,44,128
372,45,128
372,46,128
372,47,128
372,48,128
372,49,128
372,50,128
372,51,128
372,52,128
372,53,128
372,54,128
372,55,128
372,56,128
372,57,128
372,58,128
372,59,128
372,60,128
372,61,128
372,62,128
372,63,128
372,64,128
372,65,128
372,66,128
372,67,128
372,68,128
372,69,128
372,70,128
372,71,128
372,72,128
372,73,128
372,74,128
372,75,128
373,76,128
373,77,128
373,78,128
373,79,128
373,80,128
373,81,128
373,82,128
373,83,128
373,84,128
373,85,128
373,86,128
373,87,128
373,88,128
373,89,128
373,90,128
373,91,128
373,92,128
373,93,128
373,94,128
373,95,128
373,96,128
373,97,128
373,98,128
373,99,128
373,100,128
373,101,128
373,102,128
373,103,128
373,104,128
373,105,128
373,106,128
373,107,128
373,108,128
373,109,128
373,110,128
373,111,128
373,112,128
373,113,128
373,114,128
373,115,128
373,116,128
373,117,128
374,118,128
374,119,128
374,120,128
374,121,128
374,122,128
374,123,128
374,124,128
374,125,128
374,126,128
374,127,128
374,128,128
374,129,128
374,130,128
374,131,128
374,132,128
374,133,128
374,134,128
374,135,128
374,136,128
374,137,128
374,138,128
374,139,128
374,140,128
374,141,128
374,142,128
374,143,128
374,144,128
374,145,128
374,146,128
374,147,128
374,148,128
374,149,128
374,150,128
374,151,128
374,152,128
374,153,128
374,154,128
374,155,128
374,156,128
374,157,128
374,158,128
375,159,128
375,160,128
375,161,128
375,162,128
375,163,128
375,164,128
375,165,128
375,166,128
375,167,128
375,168,128
375,169,128
375,170,128
375,171,128
375,172,128
375,173,128
375,174,128
375,175,128
375,176,128
375,177,128
375,178,128
375,179,128
375,180,128
375,181,128
375,182,128
375,183,128
375,184,128
375,185,128
375,186,128
375,187,128
375,188,128
375,189,128
375,190,128
375,191,128
375,192,128
375,193,128
375,194,128
375,195,128
375,196,128
375,197,128
375,198,128
375,199,128
375,200,128
376,201,128
376,202,128
376,203,128
376,204,128
376,205,128
376,206,128
376,207,128
376,208,128
376,209,128
376,210,128
376,211,128
376,212,128
376,213,128
376,214,128
376,215,128
376,216,128
376,217,128
376,218,128
376,219,128
376,220,128
376,221,128
376,222,128
376,223,128
376,224,128
376,225,128
376,226,128
376,227,128
376,228,128
376,229,128
376,230,128
376,231,128
376,232,128
376,233,128
376,234,128
376,235,128
376,236,128
376,237,128
376,238,128
376,239,128
376,0,129
376,1,129
377,2,129
377,3,129
377,4,129
377,5,129
377,6,129
377,7,129
377,8,129
377,9,129
377,10,129
377,11,129
377,12,129
377,13,129
377,14,129
377,15,129
377,16,129
377,17,129
377,18,129
377,19,129
377,20,129
377,21,129
377,22,129
377,23,129
377,24,129
377,25,129
377,26,129
377,27,129
377,28,129
377,29,129
377,30,129
377,31,129
377,32,129
377,33,129
377,34,129
378,35,129
378,36,129
378,37,129
378,38,129
378,39,129
378,40,129
378,41,129
378,42,129
378,43,129
378,44,129
378,45,129
378,46,129
378,47,129
378,48,129
378,49,129
378,50,129
378,51,129
378,52,129
378,53,129
378,54,129
378,55,129
378,56,129
378,57,129
378,58,129
378,59,129
378,60,129
378,61,129
378,62,129
378,63,129
378,64,129
378,65,129
378,66,129
378,67,129
378,68,129
378,69,129
378,70,129
378,71,129
378,72,129
378,73,129
378,74,129
379,75,129
379,76,129
379,77,129
379,78,129
379,79,129
379,80,129
379,81,129
379,82,129
379,83,129
379,84,129
379,85,129
379,86,129
379,87,129
379,88,129
379,89,129
379,90,129
379,91,129
379,92,129
379,93,129
379,94,129
379,95,129
379,96,129
379,97,129
379,98,129
379,99,129
379,100,129
379,101,129
380,102,129
380,103,129
380,104,129
380,105,129
380,106,129
380,107,129
380,108,129
380,109,129
380,110,129
380,111,129
380,112,129
380,113,129
380,114,129
380,115,129
380,116,129
380,117,129
380,118,129
380,119,129
380,120,129
380,121,129
380,122,129
380,123,129
380,124,129
380,125,129
380,126,129
380,127,129
380,128,129
380,129,129
380,130,129
380,131,129
380,132,129
380,133,129
380,134,129
380,135,129
380,136,129
380,137,129
380,138,129
381,139,129
381,140,129
381,141,129
381,142,129
381,143,129
381,144,129
381,145,129
381,146,129
381,147,129
381,148,129
381,149,129
381,150,129
381,151,129
381,152,129
381,153,129
381,154,129
381,155,129
381,156,129
381,157,129
381,158,129
381,159,129
381,160,129
381,161,129
381,162,129
381,163,129
381,164,129
381,165,129
381,166,129
381,167,129
381,168,129
381,169,129
381,170,129
381,171,129
381,172,129
381,173,129
381,174,129
381,175,129
381,176,129
381,177,129
381,178,129
381,179,129
381,180,129
382,181,129
382,182,129
382,183,129
382,184,129
382,185,129
382,186,129
382,187,129
382,188,129
382,189,129
382,190,129
382,191,129
382,192,129
382,193,129
382,194,129
382,195,129
382,196,129
382,197,129
382,198,129
382,199,129
382,200,129
382,201,129
382,202,129
382,203,129
382,204,129
382,205,129
382,206,129
382,207,129
382,208,129
382,209,129
382,210,129
382,211,129
382,212,129
382,213,129
382,214,129
382,215,129
382,216,129
382,217,129
383,218,129
383,219,129
383,220,129
383,221,129
383,222,129
383,223,129
383,224,129
383,225,129
383,226,129
383,227,129
383,228,129
383,229,129
383,230,129
383,231,129
383,232,129
383,233,129
383,234,129
383,235,129
383,236,129
383,237,129
383,238,129
383,239,129
383,0,130
383,1,130
383,2,130
383,3,130
383,4,130
383,5,130
383,6,130
383,7,130
383,8,130
383,9,130
383,10,130
383,11,130
383,12,130
383,13,130
383,14,130
383,15,130
383,16,130
384,17,130
384,18,130
384,19,130
384,20,130
384,21,130
384,22,130
384,23,130
384,24,130
384,25,130
384,26,130
384,27,130
384,28,130
384,29,130
384,30,130
384,31,130
384,32,130
384,33,130
384,34,130
384,35,130
384,36,130
384,37,130
384,38,130
384,39,130
384,40,130
384,41,130
384,42,130
384,43,130
384,44,130
384,45,130
384,46,130
384,47,130
384,48,130
384,49,130
384,50,130
384,51,130
384,52,130
384,53,130
384,54,130
384,55,130
384,56,130
384,57,130
384,58,130
385,59,130
385,60,130
385,61,130
385,62,130
385,63,130
385,64,130
385,65,130
385,66,130
385,67,130
385,68,130
385,69,130
385,70,130
385,71,130
385,72,130
385,73,130
385,74,130
385,75,130
385,76,130
385,77,130
385,78,130
385,79,130
385,80,130
385,81,130
385,82,130
385,83,130
385,84,130
385,85,130
385,86,130
385,87,130
385,88,130
385,89,130
385,90,130
385,91,130
385,92,130
385,93,130
385,94,130
385,95,130
385,96,130
385,97,130
385,98,130
385,99,130
385,100,130
386,101,130
386,102,130
386,103,130
386,104,130
386,105,130
386,106,130
386,107,130
386,108,130
386,109,130
386,110,130
386,111,130
386,112,130
386,113,130
386,114,130
386,115,130
386,116,130
386,117,130
386,118,130
386,119,130
386,120,130
386,121,130
386,122,130
386,123,130
386,124,130
386,125,130
386,126,130
386,127,130
386,128,130
386,129,130
386,130,130
386,131,130
386,132,130
386,133,130
386,134,130
386,135,130
386,136,130
386,137,130
386,138,130
386,139,130
386,140,130
386,141,130
386,142,130
387,143,130
387,144,130
387,145,130
387,146,130
387,147,130
387,148,130
387,149,130
387,150,130
387,151,130
387,152,130
387,153,130
387,154,130
387,155,130
387,156,130
387,157,130
387,158,130
387,159,130
387,160,130
387,161,130
387,162,130
387,163,130
387,164,130
387,165,130
387,166,130
387,167,130
387,168,130
387,169,130
387,170,130
387,171,130
387,172,130
387,173,130
387,174,130
387,175,130
387,176,130
387,177,130
387,178,130
387,179,130
387,180,130
388,181,130
388,182,130
388,183,130
388,184,130
388,185,130
388,186,130
388,187,130
388,188,130
388,189,130
388,190,130
388,191,130
388,192,130
388,193,130
388,194,130
388,195,130
388,196,130
388,197,130
388,198,130
388,199,130
388,200,130
388,201,130
388,202,130
388,203,130
388,204,130
388,205,130
388,206,130
388,207,130
388,208,130
388,209,130
388,210,130
388,211,130
388,212,130
388,213,130
388,214,130
388,215,130
388,216,130
388,217,130
388,218,130
388,219,130
388,220,130
389,221,130
389,222,130
389,223,130
389,224,130
389,225,130
389,226,130
389,227,130
389,228,130
389,229,130
389,230,130
389,231,130
389,232,130
389,233,130
389,234,130
389,235,130
389,236,130
389,237,130
389,238,130
389,239,130
389,0,131
389,1,131
389,2,131
389,3,131
389,4,131
389,5,131
389,6,131
389,7,131
389,8,131
389,9,131
389,10,131
389,11,131
389,12,131
389,13,131
389,14,131
389,15,131
389,16,131
389,17,131
389,18,131
389,19,131
389,20,131
390,21,131
390,22,131
390,23,131
390,24,131
390,25,131
390,26,131
390,27,131
390,28,131
390,29,131
390,30,131
390,31,131
390,32,131
390,33,131
390,34,131
390,35,131
390,36,131
390,37,131
390,38,131
390,39,131
390,40,131
390,41,131
390,42,131
390,43,131
390,44,131
390,45,131
390,46,131
390,47,131
390,48,131
390,49,131
390,50,131
390,51,131
390,52,131
390,53,131
390,54,131
390,55,131
390,56,131
390,57,131
390,58,131
390,59,131
390,60,131
390,61,131
390,62,131
391,63,131
391,64,131
391,65,131
391,66,131
391,67,131
391,68,131
391,69,131
391,70,131
391,71,131
391,72,131
391,73,131
391,74,131
391,75,131
391,76,131
391,77,131
391,78,131
391,79,131
391,80,131
391,81,131
391,82,131
391,83,131
391,84,131
391,85,131
391,86,131
391,87,131
391,88,131
391,89,131
391,90,131
391,91,131
391,92,131
391,93,131
391,94,131
391,95,131
391,96,131
391,97,131
391,98,131
391,99,131
391,100,131
391,101,131
391,102,131
391,103,131
392,104,131
392,105,131
392,106,131
392,107,131
392,108,131
392,109,131
392,110,131
392,111,131
392,112,131
392,113,131
392,114,131
392,115,131
392,116,131
392,117,131
392,118,131
392,119,131
392,120,131
392,121,131
392,122,131
392,123,131
392,124,131
392,125,131
392,126,131
392,127,131
392,128,131
392,129,131
392,130,131
392,131,131
392,132,131
392,133,131
392,134,131
392,135,131
392,136,131
392,137,131
392,138,131
393,139,131
393,140,131
393,141,131
393,142,131
393,143,131
393,144,131
393,145,131
393,146,131
393,147,131
393,148,131
393,149,131
393,150,131
393,151,131
393,152,131
393,153,131
393,154,131
393,155,131
393,156,131
393,157,131
393,158,131
393,159,131
393,160,131
393,161,131
393,162,131
393,163,131
394,164,131
394,165,131
394,166,131
394,167,131
394,168,131
394,169,131
394,170,131
394,171,131
394,172,131
394,173,131
394,174,131
394,175,131
394,176,131
394,177,131
394,178,131
394,179,131
394,180,131
394,181,131
394,182,131
394,183,131
394,184,131
394,185,131
394,186,131
394,187,131
394,188,131
394,189,131
394,190,131
394,191,131
394,192,131
394,193,131
394,194,131
394,195,131
394,196,131
394,197,131
394,198,131
394,199,131
394,200,131
394,201,131
394,202,131
394,203,131
395,204,131
395,205,131
395,206,131
395,207,131
395,208,131
395,209,131
395,210,131
395,211,131
395,212,131
395,213,131
395,214,131
395,215,131
395,216,131
395,217,131
395,218,131
395,219,131
395,220,131
395,221,131
395,222,131
395,223,131
395,224,131
395,225,131
395,226,131
395,227,131
395,228,131
395,229,131
395,230,131
395,231,131
395,232,131
395,233,131
395,234,131
395,235,131
395,236,131
395,237,131
395,238,131
395,239,131
395,0,132
395,1,132
395,2,132
395,3,132
395,4,132
396,5,132
396,6,132
396,7,132
396,8,132
396,9,132
396,10,132
396,11,132
396,12,132
396,13,132
396,14,132
396,15,132
396,16,132
396,17,132
396,18,132
396,19,132
396,20,132
396,21,132
396,22,132
396,23,132
396,24,132
396,25,132
396,26,132
396,27,132
396,28,132
396,29,132
396,30,132
396,31,132
396,32,132
396,33,132
396,34,132
396,35,132
396,36,132
396,37,132
396,38,132
396,39,132
396,40,132
396,41,132
396,42,132
396,43,132
396,44,132
397,45,132
397,46,132
397,47,132
397,48,132
397,49,132
397,50,132
397,51,132
397,52,132
397,53,132
397,54,132
397,55,132
397,56,132
397,57,132
397,58,132
397,59,132
397,60,132
397,61,132
397,62,132
397,63,132
397,64,132
397,65,132
397,66,132
397,67,132
397,68,132
397,69,132
397,70,132
397,71,132
397,72,132
397,73,132
397,74,132
397,75,132
397,76,132
397,77,132
397,78,132
397,79,132
397,80,132
397,81,132
397,82,132
398,83,132
398,84,132
398,85,132
398,86,132
398,87,132
398,88,132
398,89,132
398,90,132
398,91,132
398,92,132
398,93,132
398,94,132
398,95,132
398,96,132
398,97,132
398,98,132
398,99,132
398,100,132
398,101,132
398,102,132
398,103,132
398,104,132
398,105,132
398,106,132
398,107,132
398,108,132
398,109,132
398,110,132
398,111,132
398,112,132
398,113,132
398,114,132
398,115,132
398,116,132
398,117,132
398,118,132
398,119,132
398,120,132
398,121,132
398,122,132
399,123,132
399,124,132
399,125,132
399,126,132
399,127,132
399,128,132
399,129,132
399,130,132
399,131,132
399,132,132
399,133,132
399,134,132
399,135,132
399,136,132
399,137,132
399,138,132
399,139,132
399,140,132
399,141,132
399,142,132
399,143,132
399,144,132
399,145,132
399,146,132
399,147,132
399,148,132
399,149,132
399,150,132
399,151,132
399,152,132
399,153,132
399,154,132
400,155,132
400,156,132
400,157,132
400,158,132
400,159,132
400,160,132
400,161,132
400,162,132
400,163,132
400,164,132
400,165,132
400,166,132
400,167,132
400,168,132
400,169,132
400,170,132
400,171,132
400,172,132
400,173,132
400,174,132
400,175,132
400,176,132
400,177,132
400,178,132
400,179,132
400,180,132
400,181,132
400,182,132
400,183,132
400,184,132
400,185,132
400,186,132
400,187,132
400,188,132
400,189,132
400,190,132
400,191,132
400,192,132
401,193,132
401,194,132
401,195,132
401,196,132
401,197,132
401,198,132
401,199,132
401,200,132
401,201,132
401,202,132
401,203,132
401,204,132
401,205,132
401,206,132
401,207,132
401,208,132
401,209,132
401,210,132
401,211,132
401,212,132
401,213,132
401,214,132
401,215,132
401,216,132
401,217,132
401,218,132
401,219,132
401,220,132
401,221,132
401,222,132
401,223,132
401,224,132
401,225,132
401,226,132
401,227,132
401,228,132
401,229,132
401,230,132
401,231,132
401,232,132
401,233,132
402,234,132
402,235,132
402,236,132
402,237,132
402,238,132
402,239,132
402,0,133
402,1,133
402,2,133
402,3,133
402,4,133
402,5,133
402,6,133
402,7,133
402,8,133
402,9,133
402,10,133
402,11,133
402,12,133
402,13,133
402,14,133
402,15,133
402,16,133
402,17,133
402,18,133
402,19,133
402,20,133
402,21,133
402,22,133
402,23,133
402,24,133
402,25,133
402,26,133
402,27,133
402,28,133
402,29,133
402,30,133
403,31,133
403,32,133
403,33,133
403,34,133
403,35,133
403,36,133
403,37,133
403,38,133
403,39,133
403,40,133
403,41,133
403,42,133
403,43,133
403,44,133
403,45,133
403,46,133
403,47,133
403,48,133
403,49,133
403,50,133
403,51,133
403,52,133
403,53,133
403,54,133
403,55,133
403,56,133
403,57,133
403,58,133
403,59,133
403,60,133
403,61,133
403,62,133
403,63,133
403,64,133
403,65,133
403,66,133
403,67,133
403,68,133
403,69,133
403,70,133
403,71,133
404,72,133
404,73,133
404,74,133
404,75,133
404,76,133
404,77,133
404,78,133
404,79,133
404,80,133
404,81,133
404,82,133
404,83,133
404,84,133
404,85,133
404,86,133
404,87,133
404,88,133
404,89,133
404,90,133
404,91,133
404,92,133
404,93,133
404,94,133
404,95,133
404,96,133
404,97,133
404,98,133
404,99,133
404,100,133
404,101,133
404,102,133
404,103,133
404,104,133
404,105,133
404,106,133
404,107,133
404,108,133
404,109,133
404,110,133
404,111,133
405,112,133
405,113,133
405,114,133
405,115,133
405,116,133
405,117,133
405,118,133
405,119,133
405,120,133
405,121,133
405,122,133
405,123,133
405,124,133
405,125,133
405,126,133
405,127,133
405,128,133
405,129,133
405,130,133
405,131,133
405,132,133
405,133,133
405,134,133
405,135,133
405,136,133
405,137,133
405,138,133
405,139,133
405,140,133
405,141,133
405,142,133
405,143,133
405,144,133
405,145,133
405,146,133
405,147,133
405,148,133
405,149,133
405,150,133
405,151,133
405,152,133
406,153,133
406,154,133
406,155,133
406,156,133
406,157,133
406,158,133
406,159,133
406,160,133
406,161,133
406,162,133
406,163,133
406,164,133
406,165,133
406,166,133
406,167,133
406,168,133
406,169,133
406,170,133
406,171,133
406,172,133
406,173,133
406,174,133
406,175,133
406,176,133
406,177,133
406,178,133
406,179,133
406,180,133
406,181,133
406,182,133
406,183,133
406,184,133
406,185,133
406,186,133
406,187,133
406,188,133
406,189,133
406,190,133
406,191,133
407,192,133
407,193,133
407,194,133
407,195,133
407,196,133
407,197,133
407,198,133
407,199,133
407,200,133
407,201,133
407,202,133
407,203,133
407,204,133
407,205,133
407,206,133
407,207,133
407,208,133
407,209,133
407,210,133
407,211,133
407,212,133
407,213,133
407,214,133
407,215,133
407,216,133
407,217,133
407,218,133
407,219,133
407,220,133
407,221,133
407,222,133
407,223,133
407,224,133
407,225,133
407,226,133
407,227,133
407,228,133
407,229,133
407,230,133
407,231,133
407,232,133
408,233,133
408,234,133
408,235,133
408,236,133
408,237,133
408,238,133
408,239,133
408,0,134
408,1,134
408,2,134
408,3,134
408,4,134
408,5,134
408,6,134
408,7,134
408,8,134
408,9,134
408,10,134
408,11,134
408,12,134
408,13,134
408,14,134
408,15,134
408,16,134
408,17,134
408,18,134
408,19,134
408,20,134
408,21,134
408,22,134
408,23,134
408,24,134
408,25,134
408,26,134
408,27,134
408,28,134
408,29,134
409,30,134
409,31,134
409,32,134
409,33,134
409,34,134
409,35,134
409,36,134
409,37,134
409,38,134
409,39,134
409,40,134
409,41,134
409,42,134
409,43,134
409,44,134
409,45,134
409,46,134
409,47,134
409,48,134
409,49,134
409,50,134
409,51,134
409,52,134
409,53,134
409,54,134
409,55,134
409,56,134
409,57,134
409,58,134
409,59,134
409,60,134
409,61,134
409,62,134
409,63,134
410,64,134
410,65,134
410,66,134
410,67,134
410,68,134
410,69,134
410,70,134
410,71,134
410,72,134
410,73,134
410,74,134
410,75,134
410,76,134
410,77,134
410,78,134
410,79,134
410,80,134
410,81,134
410,82,134
410,83,134
410,84,134
410,85,134
410,86,134
410,87,134
410,88,134
410,89,134
410,90,134
410,91,134
410,92,134
410,93,134
410,94,134
410,95,134
410,96,134
410,97,134
410,98,134
410,99,134
410,100,134
410,101,134
410,102,134
410,103,134
411,104,134
411,105,134
411,106,134
411,107,134
411,108,134
411,109,134
411,110,134
411,111,134
411,112,134
411,113,134
411,114,134
411,115,134
411,116,134
411,117,134
411,118,134
411,119,134
411,120,134
411,121,134
411,122,134
411,123,134
411,124,134
411,125,134
411,126,134
411,127,134
411,128,134
411,129,134
411,130,134
411,131,134
411,132,134
411,133,134
411,134,134
411,135,134
411,136,134
411,137,134
411,138,134
411,139,134
411,140,134
411,141,134
411,142,134
411,143,134
412,144,134
412,145,134
412,146,134
412,147,134
412,148,134
412,149,134
412,150,134
412,151,134
412,152,134
412,153,134
412,154,134
412,155,134
412,156,134
412,157,134
412,158,134
412,159,134
412,160,134
412,161,134
412,162,134
412,163,134
412,164,134
412,165,134
412,166,134
412,167,134
412,168,134
412,169,134
412,170,134
412,171,134
412,172,134
412,173,134
412,174,134
412,175,134
412,176,134
412,177,134
412,178,134
412,179,134
412,180,134
412,181,134
412,182,134
413,183,134
413,184,134
413,185,134
413,186,134
413,187,134
413,188,134
413,189,134
413,190,134
413,191,134
413,192,134
413,193,134
413,194,134
413,195,134
413,196,134
413,197,134
413,198,134
413,199,134
413,200,134
413,201,134
413,202,134
413,203,134
413,204,134
413,205,134
413,206,134
413,207,134
413,208,134
413,209,134
413,210,134
413,211,134
413,212,134
413,213,134
413,214,134
413,215,134
413,216,134
413,217,134
413,218,134
413,219,134
413,220,134
413,221,134
413,222,134
413,223,134
414,224,134
414,225,134
414,226,134
414,227,134
414,228,134
414,229,134
414,230,134
414,231,134
414,232,134
414,233,134
414,234,134
414,235,134
414,236,134
414,237,134
414,238,134
414,239,134
414,0,135
414,1,135
414,2,135
414,3,135
414,4,135
414,5,135
414,6,135
414,7,135
414,8,135
414,9,135
414,10,135
414,11,135
414,12,135
414,13,135
414,14,135
414,15,135
414,16,135
414,17,135
414,18,135
414,19,135
414,20,135
414,21,135
414,22,135
414,23,135
415,24,135
415,25,135
415,26,135
415,27,135
415,28,135
415,29,135
415,30,135
415,31,135
415,32,135
415,33,135
415,34,135
415,35,135
415,36,135
415,37,135
415,38,135
415,39,135
415,40,135
415,41,135
415,42,135
415,43,135
415,44,135
415,45,135
415,46,135
415,47,135
415,48,135
415,49,135
415,50,135
415,51,135
415,52,135
415,53,135
415,54,135
415,55,135
415,56,135
415,57,135
415,58,135
415,59,135
415,60,135
415,61,135
415,62,135
415,63,135
415,64,135
416,65,135
416,66,135
416,67,135
416,68,135
416,69,135
416,70,135
416,71,135
416,72,135
416,73,135
416,74,135
416,75,135
416,76,135
416,77,135
416,78,135
416,79,135
416,80,135
416,81,135
416,82,135
416,83,135
416,84,135
416,85,135
416,86,135
416,87,135
416,88,135
416,89,135
416,90,135
416,91,135
416,92,135
416,93,135
416,94,135
416,95,135
416,96,135
416,97,135
416,98,135
416,99,135
416,100,135
416,101,135
416,102,135
416,103,135
417,104,135
417,105,135
417,106,135
417,107,135
417,108,135
417,109,135
417,110,135
417,111,135
417,112,135
417,113,135
417,114,135
417,115,135
417,116,135
417,117,135
417,118,135
417,119,135
417,120,135
417,121,135
417,122,135
417,123,135
417,124,135
417,125,135
417,126,135
417,127,135
417,128,135
417,129,135
417,130,135
417,131,135
417,132,135
417,133,135
417,134,135
417,135,135
417,136,135
417,137,135
417,138,135
417,139,135
417,140,135
417,141,135
417,142,135
417,143,135
417,144,135
418,145,135
418,146,135
418,147,135
418,148,135
418,149,135
418,150,135
418,151,135
418,152,135
418,153,135
418,154,135
418,155,135
418,156,135
418,157,135
418,158,135
418,159,135
418,160,135
418,161,135
418,162,135
418,163,135
418,164,135
418,165,135
418,166,135
418,167,135
418,168,135
418,169,135
418,170,135
418,171,135
418,172,135
418,173,135
418,174,135
418,175,135
418,176,135
418,177,135
418,178,135
418,179,135
418,180,135
418,181,135
418,182,135
418,183,135
419,184,135
419,185,135
419,186,135
419,187,135
419,188,135
419,189,135
419,190,135
419,191,135
419,192,135
419,193,135
419,194,135
419,195,135
419,196,135
419,197,135
419,198,135
419,199,135
419,200,135
419,201,135
419,202,135
419,203,135
419,204,135
419,205,135
419,206,135
419,207,135
419,208,135
419,209,135
419,210,135
419,211,135
419,212,135
419,213,135
419,214,135
419,215,135
419,216,135
419,217,135
419,218,135
419,219,135
419,220,135
420,221,135
420,222,135
420,223,135
420,224,135
420,225,135
420,226,135
420,227,135
420,228,135
420,229,135
420,230,135
420,231,135
420,232,135
420,233,135
420,234,135
420,235,135
420,236,135
420,237,135
420,238,135
420,239,135
420,0,136
420,1,136
420,2,136
420,3,136
420,4,136
420,5,136
420,6,136
420,7,136
420,8,136
420,9,136
420,10,136
420,11,136
420,12,136
420,13,136
420,14,136
420,15,136
420,16,136
420,17,136
420,18,136
420,19,136
421,20,136
421,21,136
421,22,136
421,23,136
421,24,136
421,25,136
421,26,136
421,27,136
421,28,136
421,29,136
421,30,136
421,31,136
421,32,136
421,33,136
421,34,136
421,35,136
421,36,136
421,37,136
421,38,136
421,39,136
421,40,136
421,41,136
421,42,136
421,43,136
421,44,136
421,45,136
421,46,136
421,47,136
421,48,136
421,49,136
421,50,136
421,51,136
421,52,136
421,53,136
421,54,136
421,55,136
421,56,136
421,57,136
421,58,136
421,59,136
422,60,136
422,61,136
422,62,136
422,63,136
422,64,136
422,65,136
422,66,136
422,67,136
422,68,136
422,69,136
422,70,136
422,71,136
422,72,136
422,73,136
422,74,136
422,75,136
422,76,136
422,77,136
422,78,136
422,79,136
422,80,136
422,81,136
422,82,136
422,83,136
422,84,136
422,85,136
422,86,136
422,87,136
422,88,136
422,89,136
422,90,136
422,91,136
422,92,136
422,93,136
422,94,136
422,95,136
422,96,136
422,97,136
422,98,136
422,99,136
423,100,136
423,101,136
423,102,136
423,103,136
423,104,136
423,105,136
423,106,136
423,107,136
423,108,136
423,109,136
423,110,136
423,111,136
423,112,136
423,113,136
423,114,136
423,115,136
423,116,136
423,117,136
423,118,136
423,119,136
423,120,136
423,121,136
423,122,136
423,123,136
423,124,136
423,125,136
423,126,136
423,127,136
423,128,136
423,129,136
423,130,136
423,131,136
423,132,136
423,133,136
423,134,136
423,135,136
423,136,136
424,137,136
424,138,136
424,139,136
424,140,136
424,141,136
424,142,136
424,143,136
424,144,136
424,145,136
424,146,136
424,147,136
424,148,136
424,149,136
424,150,136
424,151,136
424,152,136
424,153,136
424,154,136
424,155,136
424,156,136
424,157,136
424,158,136
424,159,136
424,160,136
424,161,136
424,162,136
424,163,136
424,164,136
424,165,136
424,166,136
424,167,136
424,168,136
424,169,136
424,170,136
424,171,136
424,172,136
424,173,136
424,174,136
424,175,136
425,176,136
425,177,136
425,178,136
425,179,136
425,180,136
425,181,136
425,182,136
425,183,136
425,184,136
425,185,136
425,186,136
425,187,136
425,188,136
425,189,136
425,190,136
425,191,136
425,192,136
425,193,136
425,194,136
425,195,136
425,196,136
425,197,136
425,198,136
425,199,136
425,200,136
425,201,136
425,202,136
425,203,136
425,204,136
425,205,136
425,206,136
425,207,136
425,208,136
425,209,136
425,210,136
425,211,136
425,212,136
425,213,136
425,214,136
425,215,136
426,216,136
426,217,136
426,218,136
426,219,136
426,220,136
426,221,136
426,222,136
426,223,136
426,224,136
426,225,136
426,226,136
426,227,136
426,228,136
426,229,136
426,230,136
426,231,136
426,232,136
426,233,136
426,234,136
426,235,136
426,236,136
426,237,136
426,238,136
426,239,136
426,0,137
426,1,137
426,2,137
426,3,137
426,4,137
426,5,137
426,6,137
426,7,137
426,8,137
426,9,137
426,10,137
426,11,137
426,12,137
426,13,137
426,14,137
426,15,137
427,16,137
427,17,137
427,18,137
427,19,137
427,20,137
427,21,137
427,22,137
427,23,137
427,24,137
427,25,137
427,26,137
427,27,137
427,28,137
427,29,137
427,30,137
427,31,137
427,32,137
427,33,137
427,34,137
427,35,137
427,36,137
427,37,137
427,38,137
427,39,137
427,40,137
427,41,137
427,42,137
427,43,137
427,44,137
427,45,137
427,46,137
427,47,137
427,48,137
427,49,137
427,50,137
427,51,137
427,52,137
427,53,137
427,54,137
427,55,137
427,56,137
427,57,137
428,58,137
428,59,137
428,60,137
428,61,137
428,62,137
428,63,137
428,64,137
428,65,137
428,66,137
428,67,137
428,68,137
428,69,137
428,70,137
428,71,137
428,72,137
428,73,137
428,74,137
428,75,137
428,76,137
428,77,137
428,78,137
428,79,137
428,80,137
428,81,137
428,82,137
428,83,137
428,84,137
428,85,137
428,86,137
428,87,137
428,88,137
428,89,137
428,90,137
428,91,137
428,92,137
428,93,137
428,94,137
428,95,137
428,96,137
428,97,137
428,98,137
429,99,137
429,100,137
429,101,137
429,102,137
429,103,137
429,104,137
429,105,137
429,106,137
429,107,137
429,108,137
429,109,137
429,110,137
429,111,137
429,112,137
429,113,137
429,114,137
429,115,137
429,116,137
429,117,137
429,118,137
429,119,137
429,120,137
429,121,137
429,122,137
429,123,137
429,124,137
429,125,137
429,126,137
429,127,137
429,128,137
429,129,137
429,130,137
429,131,137
429,132,137
430,133,137
430,134,137
430,135,137
430,136,137
430,137,137
430,138,137
430,139,137
430,140,137
430,141,137
430,142,137
430,143,137
430,144,137
430,145,137
430,146,137
430,147,137
430,148,137
430,149,137
430,150,137
430,151,137
430,152,137
430,153,137
430,154,137
430,155,137
430,156,137
430,157,137
430,158,137
430,159,137
430,160,137
430,161,137
430,162,137
430,163,137
430,164,137
430,165,137
430,166,137
430,167,137
430,168,137
430,169,137
430,170,137
430,171,137
430,172,137
430,173,137
431,174,137
431,175,137
431,176,137
431,177,137
431,178,137
431,179,137
431,180,137
431,181,137
431,182,137
431,183,137
431,184,137
431,185,137
431,186,137
431,187,137
431,188,137
431,189,137
431,190,137
431,191,137
431,192,137
431,193,137
431,194,137
431,195,137
431,196,137
431,197,137
431,198,137
431,199,137
431,200,137
431,201,137
431,202,137
431,203,137
431,204,137
431,205,137
431,206,137
431,207,137
431,208,137
431,209,137
431,210,137
431,211,137
431,212,137
431,213,137
432,214,137
432,215,137
432,216,137
432,217,137
432,218,137
432,219,137
432,220,137
432,221,137
432,222,137
432,223,137
432,224,137
432,225,137
432,226,137
432,227,137
432,228,137
432,229,137
432,230,137
432,231,137
432,232,137
432,233,137
432,234,137
432,235,137
432,236,137
432,237,137
432,238,137
432,239,137
432,0,138
432,1,138
432,2,138
432,3,138
432,4,138
432,5,138
432,6,138
432,7,138
432,8,138
432,9,138
432,10,138
432,11,138
432,12,138
432,13,138
432,14,138
432,15,138
433,16,138
433,17,138
433,18,138
433,19,138
433,20,138
433,21,138
433,22,138
433,23,138
433,24,138
433,25,138
433,26,138
433,27,138
433,28,138
433,29,138
433,30,138
433,31,138
433,32,138
433,33,138
433,34,138
433,35,138
433,36,138
433,37,138
433,38,138
433,39,138
433,40,138
433,41,138
433,42,138
433,43,138
433,44,138
433,45,138
433,46,138
433,47,138
433,48,138
433,49,138
433,50,138
433,51,138
433,52,138
433,53,138
433,54,138
433,55,138
433,56,138
434,57,138
434,58,138
434,59,138
434,60,138
434,61,138
434,62,138
434,63,138
434,64,138
434,65,138
434,66,138
434,67,138
434,68,138
434,69,138
434,70,138
434,71,138
434,72,138
434,73,138
434,74,138
434,75,138
434,76,138
434,77,138
434,78,138
434,79,138
434,80,138
434,81,138
434,82,138
434,83,138
434,84,138
434,85,138
434,86,138
434,87,138
434,88,138
434,89,138
434,90,138
434,91,138
434,92,138
434,93,138
434,94,138
434,95,138
434,96,138
434,97,138
434,98,138
435,99,138
435,100,138
435,101,138
435,102,138
435,103,138
435,104,138
435,105,138
435,106,138
435,107,138
435,108,138
435,109,138
435,110,138
435,111,138
435,112,138
435,113,138
435,114,138
435,115,138
435,116,138
435,117,138
435,118,138
435,119,138
435,120,138
435,121,138
435,122,138
435,123,138
435,124,138
435,125,138
435,126,138
435,127,138
435,128,138
435,129,138
435,130,138
435,131,138
435,132,138
435,133,138
435,134,138
435,135,138
435,136,138
435,137,138
435,138,138
435,139,138
435,140,138
436,141,138
436,142,138
436,143,138
436,144,138
436,145,138
436,146,138
436,147,138
436,148,138
436,149,138
436,150,138
436,151,138
436,152,138
436,153,138
436,154,138
436,155,138
436,156,138
436,157,138
436,158,138
436,159,138
436,160,138
436,161,138
436,162,138
436,163,138
436,164,138
436,165,138
436,166,138
436,167,138
436,168,138
436,169,138
436,170,138
436,171,138
436,172,138
436,173,138
436,174,138
436,175,138
436,176,138
436,177,138
436,178,138
436,179,138
436,180,138
436,181,138
437,182,138
437,183,138
437,184,138
437,185,138
437,186,138
437,187,138
437,188,138
437,189,138
437,190,138
437,191,138
437,192,138
437,193,138
437,194,138
437,195,138
437,196,138
437,197,138
437,198,138
437,199,138
437,200,138
437,201,138
437,202,138
437,203,138
437,204,138
437,205,138
437,206,138
437,207,138
437,208,138
437,209,138
437,210,138
437,211,138
437,212,138
437,213,138
437,214,138
437,215,138
437,216,138
437,217,138
437,218,138
437,219,138
437,220,138
437,221,138
437,222,138
437,223,138
438,224,138
438,225,138
438,226,138
438,227,138
438,228,138
438,229,138
438,230,138
438,231,138
438,232,138
438,233,138
438,234,138
438,235,138
438,236,138
438,237,138
438,238,138
438,239,138
438,0,139
438,1,139
438,2,139
438,3,139
438,4,139
438,5,139
438,6,139
438,7,139
438,8,139
438,9,139
438,10,139
438,11,139
438,12,139
438,13,139
438,14,139
438,15,139
438,16,139
438,17,139
438,18,139
438,19,139
438,20,139
438,21,139
438,22,139
438,23,139
439,24,139
439,25,139
439,26,139
439,27,139
439,28,139
439,29,139
439,30,139
439,31,139
439,32,139
439,33,139
439,34,139
439,35,139
439,36,139
439,37,139
439,38,139
439,39,139
439,40,139
439,41,139
439,42,139
439,43,139
439,44,139
439,45,139
439,46,139
439,47,139
439,48,139
439,49,139
439,50,139
439,51,139
439,52,139
439,53,139
439,54,139
439,55,139
439,56,139
439,57,139
440,58,139
440,59,139
440,60,139
440,61,139
440,62,139
440,63,139
440,64,139
440,65,139
440,66,139
440,67,139
440,68,139
440,69,139
440,70,139
440,71,139
440,72,139
440,73,139
440,74,139
440,75,139
440,76,139
440,77,139
440,78,139
440,79,139
440,80,139
440,81,139
440,82,139
440,83,139
440,84,139
440,85,139
440,86,139
440,87,139
440,88,139
440,89,139
440,90,139
440,91,139
440,92,139
440,93,139
440,94,139
440,95,139
440,96,139
440,97,139
441,98,139
441,99,139
441,100,139
441,101,139
441,102,139
441,103,139
441,104,139
441,105,139
441,106,139
441,107,139
441,108,139
441,109,139
441,110,139
441,111,139
441,112,139
441,113,139
441,114,139
441,115,139
441,116,139
441,117,139
441,118,139
441,119,139
441,120,139
441,121,139
441,122,139
441,123,139
441,124,139
441,125,139
441,126,139
441,127,139
441,128,139
441,129,139
441,130,139
441,131,139
441,132,139
441,133,139
441,134,139
441,135,139
441,136,139
441,137,139
442,138,139
442,139,139
442,140,139
442,141,139
442,142,139
442,143,139
442,144,139
442,145,139
442,146,139
442,147,139
442,148,139
442,149,139
442,150,139
442,151,139
442,152,139
442,153,139
442,154,139
442,155,139
442,156,139
442,157,139
442,158,139
442,159,139
442,160,139
442,161,139
442,162,139
442,163,139
442,164,139
442,165,139
442,166,139
442,167,139
442,168,139
442,169,139
442,170,139
442,171,139
442,172,139
442,173,139
442,174,139
442,175,139
442,176,139
442,177,139
442,178,139
443,179,139
443,180,139
443,181,139
443,182,139
443,183,139
443,184,139
443,185,139
443,186,139
443,187,139
443,188,139
443,189,139
443,190,139
443,191,139
443,192,139
443,193,139
443,194,139
443,195,139
443,196,139
443,197,139
443,198,139
443,199,139
443,200,139
443,201,139
443,202,139
443,203,139
443,204,139
443,205,139
443,206,139
443,207,139
443,208,139
443,209,139
443,210,139
443,211,139
443,212,139
443,213,139
443,214,139
443,215,139
443,216,139
443,217,139
443,218,139
443,219,139
444,220,139
444,221,139
444,222,139
444,223,139
444,224,139
444,225,139
444,226,139
444,227,139
444,228,139
444,229,139
444,230,139
444,231,139
444,232,139
444,233,139
444,234,139
444,235,139
444,236,139
444,237,139
444,238,139
444,239,139
444,0,140
444,1,140
444,2,140
444,3,140
444,4,140
444,5,140
444,6,140
444,7,140
444,8,140
444,9,140
444,10,140
444,11,140
444,12,140
444,13,140
444,14,140
444,15,140
444,16,140
444,17,140
444,18,140
444,19,140
444,20,140
444,21,140
445,22,140
445,23,140
445,24,140
445,25,140
445,26,140
445,27,140
445,28,140
445,29,140
445,30,140
445,31,140
445,32,140
445,33,140
445,34,140
445,35,140
445,36,140
445,37,140
445,38,140
445,39,140
445,40,140
445,41,140
445,42,140
445,43,140
445,44,140
445,45,140
445,46,140
445,47,140
445,48,140
445,49,140
445,50,140
445,51,140
445,52,140
445,53,140
445,54,140
445,55,140
445,56,140
445,57,140
445,58,140
445,59,140
445,60,140
445,61,140
445,62,140
445,63,140
446,64,140
446,65,140
446,66,140
446,67,140
446,68,140
446,69,140
446,70,140
446,71,140
446,72,140
446,73,140
446,74,140
446,75,140
446,76,140
446,77,140
446,78,140
446,79,140
446,80,140
446,81,140
446,82,140
446,83,140
446,84,140
446,85,140
446,86,140
446,87,140
446,88,140
446,89,140
446,90,140
446,91,140
446,92,140
446,93,140
446,94,140
446,95,140
446,96,140
446,97,140
446,98,140
446,99,140
446,100,140
446,101,140
446,102,140
446,103,140
447,104,140
447,105,140
447,106,140
447,107,140
447,108,140
447,109,140
447,110,140
447,111,140
447,112,140
447,113,140
447,114,140
447,115,140
447,116,140
447,117,140
447,118,140
447,119,140
447,120,140
447,121,140
447,122,140
447,123,140
447,124,140
447,125,140
447,126,140
447,127,140
447,128,140
447,129,140
447,130,140
447,131,140
447,132,140
447,133,140
447,134,140
447,135,140
447,136,140
447,137,140
447,138,140
447,139,140
447,140,140
447,141,140
447,142,140
447,143,140
447,144,140
448,145,140
448,146,140
448,147,140
448,148,140
448,149,140
448,150,140
448,151,140
448,152,140
448,153,140
448,154,140
448,155,140
448,156,140
448,157,140
448,158,140
448,159,140
448,160,140
448,161,140
448,162,140
448,163,140
448,164,140
448,165,140
448,166,140
448,167,140
448,168,140
448,169,140
448,170,140
448,171,140
448,172,140
448,173,140
448,174,140
448,175,140
448,176,140
448,177,140
448,178,140
448,179,140
448,180,140
448,181,140
448,182,140
449,183,140
449,184,140
449,185,140
449,186,140
449,187,140
449,188,140
449,189,140
449,190,140
449,191,140
449,192,140
449,193,140
449,194,140
449,195,140
449,196,140
449,197,140
449,198,140
449,199,140
449,200,140
449,201,140
449,202,140
449,203,140
449,204,140
449,205,140
449,206,140
449,207,140
449,208,140
449,209,140
449,210,140
449,211,140
449,212,140
449,213,140
449,214,140
449,215,140
449,216,140
449,217,140
450,218,140
450,219,140
450,220,140
450,221,140
450,222,140
450,223,140
450,224,140
450,225,140
450,226,140
450,227,140
450,228,140
450,229,140
450,230,140
450,231,140
450,232,140
450,233,140
450,234,140
450,235,140
450,236,140
450,237,140
450,238,140
450,239,140
450,0,141
450,1,141
450,2,141
450,3,141
450,4,141
450,5,141
450,6,141
450,7,141
450,8,141
450,9,141
450,10,141
450,11,141
450,12,141
450,13,141
450,14,141
450,15,141
450,16,141
450,17,141
451,18,141
451,19,141
451,20,141
451,21,141
451,22,141
451,23,141
451,24,141
451,25,141
451,26,141
451,27,141
451,28,141
451,29,141
451,30,141
451,31,141
451,32,141
451,33,141
451,34,141
451,35,141
451,36,141
451,37,141
451,38,141
451,39,141
451,40,141
451,41,141
451,42,141
451,43,141
451,44,141
451,45,141
451,46,141
451,47,141
451,48,141
451,49,141
451,50,141
451,51,141
451,52,141
451,53,141
451,54,141
451,55,141
451,56,141
452,57,141
452,58,141
452,59,141
452,60,141
452,61,141
452,62,141
452,63,141
452,64,141
452,65,141
452,66,141
452,67,141
452,68,141
452,69,141
452,70,141
452,71,141
452,72,141
452,73,141
452,74,141
452,75,141
452,76,141
452,77,141
452,78,141
452,79,141
452,80,141
452,81,141
452,82,141
452,83,141
452,84,141
452,85,141
452,86,141
452,87,141
452,88,141
452,89,141
452,90,141
452,91,141
452,92,141
452,93,141
452,94,141
452,95,141
452,96,141
452,97,141
452,98,141
453,99,141
453,100,141
453,101,141
453,102,141
453,103,141
453,104,141
453,105,141
453,106,141
453,107,141
453,108,141
453,109,141
453,110,141
453,111,141
453,112,141
453,113,141
453,114,141
453,115,141
453,116,141
453,117,141
453,118,141
453,119,141
453,120,141
453,121,141
453,122,141
453,123,141
453,124,141
453,125,141
453,126,141
453,127,141
453,128,141
453,129,141
453,130,141
453,131,141
453,132,141
453,133,141
453,134,141
453,135,141
453,136,141
453,137,141
453,138,141
453,139,141
453,140,141
454,141,141
454,142,141
454,143,141
454,144,141
454,145,141
454,146,141
454,147,141
454,148,141
454,149,141
454,150,141
454,151,141
454,152,141
454,153,141
454,154,141
454,155,141
454,156,141
454,157,141
454,158,141
454,159,141
454,160,141
454,161,141
454,162,141
454,163,141
454,164,141
454,165,141
454,166,141
454,167,141
454,168,141
454,169,141
454,170,141
454,171,141
454,172,141
454,173,141
454,174,141
454,175,141
454,176,141
454,177,141
454,178,141
454,179,141
454,180,141
454,181,141
455,182,141
455,183,141
455,184,141
455,185,141
455,186,141
455,187,141
455,188,141
455,189,141
455,190,141
455,191,141
455,192,141
455,193,141
455,194,141
455,195,141
455,196,141
455,197,141
455,198,141
455,199,141
455,200,141
455,201,141
455,202,141
455,203,141
455,204,141
455,205,141
455,206,141
455,207,141
455,208,141
455,209,141
455,210,141
455,211,141
455,212,141
455,213,141
455,214,141
455,215,141
455,216,141
455,217,141
455,218,141
455,219,141
456,220,141
456,221,141
456,222,141
456,223,141
456,224,141
456,225,141
456,226,141
456,227,141
456,228,141
456,229,141
456,230,141
456,231,141
456,232,141
456,233,141
456,234,141
456,235,141
456,236,141
456,237,141
456,238,141
456,239,141
456,0,142
456,1,142
456,2,142
456,3,142
456,4,142
456,5,142
456,6,142
456,7,142
456,8,142
456,9,142
456,10,142
456,11,142
456,12,142
456,13,142
456,14,142
456,15,142
456,16,142
456,17,142
456,18,142
456,19,142
456,20,142
456,21,142
457,22,142
457,23,142
457,24,142
457,25,142
457,26,142
457,27,142
457,28,142
457,29,142
457,30,142
457,31,142
457,32,142
457,33,142
457,34,142
457,35,142
457,36,142
457,37,142
457,38,142
457,39,142
457,40,142
457,41,142
457,42,142
457,43,142
457,44,142
457,45,142
457,46,142
457,47,142
457,48,142
457,49,142
457,50,142
457,51,142
457,52,142
457,53,142
457,54,142
457,55,142
457,56,142
457,57,142
457,58,142
457,59,142
457,60,142
457,61,142
458,62,142
458,63,142
458,64,142
458,65,142
458,66,142
458,67,142
458,68,142
458,69,142
458,70,142
458,71,142
458,72,142
458,73,142
458,74,142
458,75,142
458,76,142
458,77,142
458,78,142
458,79,142
458,80,142
458,81,142
458,82,142
458,83,142
458,84,142
458,85,142
458,86,142
458,87,142
458,88,142
458,89,142
458,90,142
458,91,142
458,92,142
458,93,142
458,94,142
458,95,142
458,96,142
458,97,142
458,98,142
458,99,142
458,100,142
458,101,142
458,102,142
459,103,142
459,104,142
459,105,142
459,106,142
459,107,142
459,108,142
459,109,142
459,110,142
459,111,142
459,112,142
459,113,142
459,114,142
459,115,142
459,116,142
459,117,142
459,118,142
459,119,142
459,120,142
459,121,142
459,122,142
459,123,142
459,124,142
459,125,142
459,126,142
459,127,142
459,128,142
459,129,142
459,130,142
459,131,142
459,132,142
459,133,142
459,134,142
459,135,142
459,136,142
459,137,142
459,138,142
459,139,142
459,140,142
459,141,142
460,142,142
460,143,142
460,144,142
460,145,142
460,146,142
460,147,142
460,148,142
460,149,142
460,150,142
460,151,142
460,152,142
460,153,142
460,154,142
460,155,142
460,156,142
460,157,142
460,158,142
460,159,142
460,160,142
460,161,142
460,162,142
460,163,142
460,164,142
460,165,142
460,166,142
460,167,142
460,168,142
460,169,142
460,170,142
460,171,142
460,172,142
460,173,142
460,174,142
460,175,142
460,176,142
460,177,142
460,178,142
461,179,142
461,180,142
461,181,142
461,182,142
461,183,142
461,184,142
461,185,142
461,186,142
461,187,142
461,188,142
461,189,142
461,190,142
461,191,142
461,192,142
461,193,142
461,194,142
461,195,142
461,196,142
461,197,142
461,198,142
461,199,142
461,200,142
461,201,142
461,202,142
461,203,142
461,204,142
461,205,142
461,206,142
461,207,142
461,208,142
461,209,142
461,210,142
461,211,142
461,212,142
461,213,142
461,214,142
461,215,142
461,216,142
461,217,142
461,218,142
461,219,142
461,220,142
462,221,142
462,222,142
462,223,142
462,224,142
462,225,142
462,226,142
462,227,142
462,228,142
462,229,142
462,230,142
462,231,142
462,232,142
462,233,142
462,234,142
462,235,142
462,236,142
462,237,142
462,238,142
462,239,142
462,0,143
462,1,143
462,2,143
462,3,143
462,4,143
462,5,143
462,6,143
462,7,143
462,8,143
462,9,143
462,10,143
462,11,143
462,12,143
462,13,143
462,14,143
462,15,143
462,16,143
462,17,143
462,18,143
462,19,143
462,20,143
462,21,143
463,22,143
463,23,143
463,24,143
463,25,143
463,26,143
463,27,143
463,28,143
463,29,143
463,30,143
463,31,143
463,32,143
463,33,143
463,34,143
463,35,143
463,36,143
463,37,143
463,38,143
463,39,143
463,40,143
463,41,143
463,42,143
463,43,143
463,44,143
463,45,143
463,46,143
463,47,143
463,48,143
463,49,143
463,50,143
463,51,143
463,52,143
463,53,143
463,54,143
463,55,143
463,56,143
463,57,143
463,58,143
463,59,143
463,60,143
463,61,143
463,62,143
463,63,143
464,64,143
464,65,143
464,66,143
464,67,143
464,68,143
464,69,143
464,70,143
464,71,143
464,72,143
464,73,143
464,74,143
464,75,143
464,76,143
464,77,143
464,78,143
464,79,143
464,80,143
464,81,143
464,82,143
464,83,143
464,84,143
464,85,143
464,86,143
464,87,143
464,88,143
464,89,143
464,90,143
464,91,143
464,92,143
464,93,143
464,94,143
464,95,143
464,96,143
464,97,143
464,98,143
464,99,143
464,100,143
464,101,143
464,102,143
464,103,143
464,104,143
465,105,143
465,106,143
465,107,143
465,108,143
465,109,143
465,110,143
465,111,143
465,112,143
465,113,143
465,114,143
465,115,143
465,116,143
465,117,143
465,118,143
465,119,143
465,120,143
465,121,143
465,122,143
465,123,143
465,124,143
465,125,143
465,126,143
465,127,143
465,128,143
465,129,143
465,130,143
465,131,143
465,132,143
465,133,143
465,134,143
465,135,143
465,136,143
465,137,143
465,138,143
465,139,143
465,140,143
465,141,143
465,142,143
465,143,143
465,144,143
465,145,143
466,146,143
466,147,143
466,148,143
466,149,143
466,150,143
466,151,143
466,152,143
466,153,143
466,154,143
466,155,143
466,156,143
466,157,143
466,158,143
466,159,143
466,160,143
466,161,143
466,162,143
466,163,143
466,164,143
466,165,143
466,166,143
466,167,143
466,168,143
466,169,143
466,170,143
466,171,143
466,172,143
466,173,143
466,174,143
466,175,143
466,176,143
466,177,143
466,178,143
466,179,143
466,180,143
466,181,143
466,182,143
466,183,143
466,184,143
466,185,143
466,186,143
466,187,143
467,188,143
467,189,143
467,190,143
467,191,143
467,192,143
467,193,143
467,194,143
467,195,143
467,196,143
467,197,143
467,198,143
467,199,143
467,200,143
467,201,143
467,202,143
467,203,143
467,204,143
467,205,143
467,206,143
467,207,143
467,208,143
467,209,143
467,210,143
467,211,143
467,212,143
467,213,143
467,214,143
467,215,143
467,216,143
467,217,143
467,218,143
467,219,143
467,220,143
467,221,143
467,222,143
467,223,143
467,224,143
467,225,143
467,226,143
467,227,143
467,228,143
467,229,143
468,230,143
468,231,143
468,232,143
468,233,143
468,234,143
468,235,143
468,236,143
468,237,143
468,238,143
468,239,143
468,0,144
468,1,144
468,2,144
468,3,144
468,4,144
468,5,144
468,6,144
468,7,144
468,8,144
468,9,144
468,10,144
468,11,144
468,12,144
468,13,144
468,14,144
468,15,144
468,16,144
468,17,144
468,18,144
468,19,144
468,20,144
468,21,144
468,22,144
468,23,144
468,24,144
468,25,144
468,26,144
468,27,144
468,28,144
468,29,144
468,30,144
469,31,144
469,32,144
469,33,144
469,34,144
469,35,144
469,36,144
469,37,144
469,38,144
469,39,144
469,40,144
469,41,144
469,42,144
469,43,144
469,44,144
469,45,144
469,46,144
469,47,144
469,48,144
469,49,144
469,50,144
469,51,144
469,52,144
469,53,144
469,54,144
469,55,144
469,56,144
469,57,144
469,58,144
469,59,144
469,60,144
469,61,144
469,62,144
469,63,144
469,64,144
469,65,144
469,66,144
469,67,144
469,68,144
469,69,144
470,70,144
470,71,144
470,72,144
470,73,144
470,74,144
470,75,144
470,76,144
470,77,144
470,78,144
470,79,144
470,80,144
470,81,144
470,82,144
470,83,144
470,84,144
470,85,144
470,86,144
470,87,144
470,88,144
470,89,144
470,90,144
470,91,144
470,92,144
470,93,144
470,94,144
470,95,144
470,96,144
470,97,144
470,98,144
470,99,144
470,100,144
470,101,144
470,102,144
470,103,144
471,104,144
471,105,144
471,106,144
471,107,144
471,108,144
471,109,144
471,110,144
471,111,144
471,112,144
471,113,144
471,114,144
471,115,144
471,116,144
471,117,144
471,118,144
471,119,144
471,120,144
471,121,144
471,122,144
471,123,144
471,124,144
471,125,144
471,126,144
471,127,144
471,128,144
471,129,144
471,130,144
471,131,144
471,132,144
471,133,144
471,134,144
471,135,144
471,136,144
471,137,144
471,138,144
471,139,144
471,140,144
472,141,144
472,142,144
472,143,144
472,144,144
472,145,144
472,146,144
472,147,144
472,148,144
472,149,144
472,150,144
472,151,144
472,152,144
472,153,144
472,154,144
472,155,144
472,156,144
472,157,144
472,158,144
472,159,144
472,160,144
472,161,144
472,162,144
472,163,144
472,164,144
472,165,144
472,166,144
472,167,144
472,168,144
472,169,144
472,170,144
472,171,144
472,172,144
472,173,144
472,174,144
473,175,144
473,176,144
473,177,144
473,178,144
473,179,144
473,180,144
473,181,144
473,182,144
473,183,144
473,184,144
473,185,144
473,186,144
473,187,144
473,188,144
473,189,144
473,190,144
473,191,144
473,192,144
473,193,144
473,194,144
473,195,144
473,196,144
473,197,144
473,198,144
473,199,144
473,200,144
473,201,144
473,202,144
473,203,144
473,204,144
473,205,144
473,206,144
473,207,144
473,208,144
473,209,144
473,210,144
473,211,144
473,212,144
473,213,144
473,214,144
473,215,144
474,216,144
474,217,144
474,218,144
474,219,144
474,220,144
474,221,144
474,222,144
474,223,144
474,224,144
474,225,144
474,226,144
474,227,144
474,228,144
474,229,144
474,230,144
474,231,144
474,232,144
474,233,144
474,234,144
474,235,144
474,236,144
474,237,144
474,238,144
474,239,144
474,0,145
474,1,145
474,2,145
474,3,145
474,4,145
474,5,145
474,6,145
474,7,145
474,8,145
474,9,145
474,10,145
474,11,145
474,12,145
475,13,145
475,14,145
475,15,145
475,16,145
475,17,145
475,18,145
475,19,145
475,20,145
475,21,145
475,22,145
475,23,145
475,24,145
475,25,145
475,26,145
475,27,145
475,28,145
475,29,145
475,30,145
475,31,145
475,32,145
475,33,145
475,34,145
475,35,145
475,36,145
475,37,145
475,38,145
475,39,145
475,40,145
475,41,145
475,42,145
475,43,145
475,44,145
475,45,145
475,46,145
475,47,145
475,48,145
475,49,145
475,50,145
475,51,145
475,52,145
475,53,145
476,54,145
476,55,145
476,56,145
476,57,145
476,58,145
476,59,145
476,60,145
476,61,145
476,62,145
476,63,145
476,64,145
476,65,145
476,66,145
476,67,145
476,68,145
476,69,145
476,70,145
476,71,145
476,72,145
476,73,145
476,74,145
476,75,145
476,76,145
476,77,145
476,78,145
476,79,145
476,80,145
476,81,145
476,82,145
476,83,145
476,84,145
476,85,145
476,86,145
476,87,145
476,88,145
476,89,145
476,90,145
476,91,145
476,92,145
476,93,145
476,94,145
476,95,145
477,96,145
477,97,145
477,98,145
477,99,145
477,100,145
477,101,145
477,102,145
477,103,145
477,104,145
477,105,145
477,106,145
477,107,145
477,108,145
477,109,145
477,110,145
477,111,145
477,112,145
477,113,145
477,114,145
477,115,145
477,116,145
477,117,145
477,118,145
477,119,145
477,120,145
477,121,145
477,122,145
477,123,145
477,124,145
477,125,145
477,126,145
477,127,145
477,128,145
477,129,145
477,130,145
477,131,145
477,132,145
477,133,145
477,134,145
477,135,145
477,136,145
477,137,145
478,138,145
478,139,145
478,140,145
478,141,145
478,142,145
478,143,145
478,144,145
478,145,145
478,146,145
478,147,145
478,148,145
478,149,145
478,150,145
478,151,145
478,152,145
478,153,145
478,154,145
478,155,145
478,156,145
478,157,145
478,158,145
478,159,145
478,160,145
478,161,145
478,162,145
478,163,145
478,164,145
478,165,145
478,166,145
478,167,145
478,168,145
478,169,145
478,170,145
478,171,145
478,172,145
478,173,145
478,174,145
478,175,145
479,176,145
479,177,145
479,178,145
479,179,145
479,180,145
479,181,145
479,182,145
479,183,145
479,184,145
479,185,145
479,186,145
479,187,145
479,188,145
479,189,145
479,190,145
479,191,145
479,192,145
479,193,145
479,194,145
479,195,145
479,196,145
479,197,145
479,198,145
479,199,145
479,200,145
479,201,145
479,202,145
479,203,145
479,204,145
479,205,145
479,206,145
479,207,145
480,208,145
480,209,145
480,210,145
480,211,145
480,212,145
480,213,145
480,214,145
480,215,145
480,216,145
480,217,145
480,218,145
480,219,145
480,220,145
480,221,145
480,222,145
480,223,145
480,224,145
480,225,145
480,226,145
480,227,145
480,228,145
480,229,145
480,230,145
480,231,145
480,232,145
480,233,145
480,234,145
480,235,145
480,236,145
480,237,145
480,238,145
480,239,145
480,0,146
480,1,146
480,2,146
480,3,146
480,4,146
481,5,146
481,6,146
481,7,146
481,8,146
481,9,146
481,10,146
481,11,146
481,12,146
481,13,146
481,14,146
481,15,146
481,16,146
481,17,146
481,18,146
481,19,146
481,20,146
481,21,146
481,22,146
481,23,146
481,24,146
481,25,146
481,26,146
481,27,146
481,28,146
481,29,146
481,30,146
481,31,146
481,32,146
481,33,146
481,34,146
481,35,146
481,36,146
481,37,146
481,38,146
481,39,146
481,40,146
481,41,146
481,42,146
481,43,146
481,44,146
481,45,146
482,46,146
482,47,146
482,48,146
482,49,146
482,50,146
482,51,146
482,52,146
482,53,146
482,54,146
482,55,146
482,56,146
482,57,146
482,58,146
482,59,146
482,60,146
482,61,146
482,62,146
482,63,146
482,64,146
482,65,146
482,66,146
482,67,146
482,68,146
482,69,146
482,70,146
482,71,146
482,72,146
482,73,146
482,74,146
482,75,146
482,76,146
482,77,146
482,78,146
482,79,146
482,80,146
482,81,146
482,82,146
482,83,146
482,84,146
482,85,146
482,86,146
482,87,146
483,88,146
483,89,146
483,90,146
483,91,146
483,92,146
483,93,146
483,94,146
483,95,146
483,96,146
483,97,146
483,98,146
483,99,146
483,100,146
483,101,146
483,102,146
483,103,146
483,104,146
483,105,146
483,106,146
483,107,146
483,108,146
483,109,146
483,110,146
483,111,146
483,112,146
483,113,146
483,114,146
483,115,146
483,116,146
483,117,146
483,118,146
483,119,146
483,120,146
483,121,146
483,122,146
483,123,146
483,124,146
483,125,146
483,126,146
483,127,146
484,128,146
484,129,146
484,130,146
484,131,146
484,132,146
484,133,146
484,134,146
484,135,146
484,136,146
484,137,146
484,138,146
484,139,146
484,140,146
484,141,146
484,142,146
484,143,146
484,144,146
484,145,146
484,146,146
484,147,146
484,148,146
484,149,146
484,150,146
484,151,146
484,152,146
484,153,146
484,154,146
484,155,146
484,156,146
484,157,146
484,158,146
484,159,146
484,160,146
484,161,146
484,162,146
484,163,146
484,164,146
484,165,146
484,166,146
484,167,146
484,168,146
484,169,146
485,170,146
485,171,146
485,172,146
485,173,146
485,174,146
485,175,146
485,176,146
485,177,146
485,178,146
485,179,146
485,180,146
485,181,146
485,182,146
485,183,146
485,184,146
485,185,146
485,186,146
485,187,146
485,188,146
485,189,146
485,190,146
485,191,146
485,192,146
485,193,146
485,194,146
485,195,146
485,196,146
485,197,146
485,198,146
485,199,146
485,200,146
485,201,146
485,202,146
485,203,146
485,204,146
485,205,146
485,206,146
485,207,146
485,208,146
485,209,146
486,210,146
486,211,146
486,212,146
486,213,146
486,214,146
486,215,146
486,216,146
486,217,146
486,218,146
486,219,146
486,220,146
486,221,146
486,222,146
486,223,146
486,224,146
486,225,146
486,226,146
486,227,146
486,228,146
486,229,146
486,230,146
486,231,146
486,232,146
486,233,146
486,234,146
486,235,146
486,236,146
486,237,146
486,238,146
486,239,146
486,0,147
486,1,147
486,2,147
486,3,147
486,4,147
486,5,147
486,6,147
486,7,147
486,8,147
487,9,147
487,10,147
487,11,147
487,12,147
487,13,147
487,14,147
487,15,147
487,16,147
487,17,147
487,18,147
487,19,147
487,20,147
487,21,147
487,22,147
487,23,147
487,24,147
487,25,147
487,26,147
487,27,147
487,28,147
487,29,147
487,30,147
487,31,147
487,32,147
487,33,147
487,34,147
487,35,147
487,36,147
487,37,147
487,38,147
487,39,147
487,40,147
487,41,147
487,42,147
487,43,147
487,44,147
487,45,147
487,46,147
487,47,147
487,48,147
487,49,147
488,50,147
488,51,147
488,52,147
488,53,147
488,54,147
488,55,147
488,56,147
488,57,147
488,58,147
488,59,147
488,60,147
488,61,147
488,62,147
488,63,147
488,64,147
488,65,147
488,66,147
488,67,147
488,68,147
488,69,147
488,70,147
488,71,147
488,72,147
488,73,147
488,74,147
488,75,147
488,76,147
488,77,147
488,78,147
488,79,147
488,80,147
488,81,147
488,82,147
488,83,147
488,84,147
488,85,147
488,86,147
488,87,147
488,88,147
488,89,147
488,90,147
488,91,147
489,92,147
489,93,147
489,94,147
489,95,147
489,96,147
489,97,147
489,98,147
489,99,147
489,100,147
489,101,147
489,102,147
489,103,147
489,104,147
489,105,147
489,106,147
489,107,147
489,108,147
489,109,147
489,110,147
489,111,147
489,112,147
489,113,147
489,114,147
489,115,147
489,116,147
489,117,147
489,118,147
489,119,147
489,120,147
489,121,147
489,122,147
489,123,147
489,124,147
489,125,147
489,126,147
489,127,147
489,128,147
489,129,147
489,130,147
489,131,147
490,132,147
490,133,147
490,134,147
490,135,147
490,136,147
490,137,147
490,138,147
490,139,147
490,140,147
490,141,147
490,142,147
490,143,147
490,144,147
490,145,147
490,146,147
490,147,147
490,148,147
490,149,147
490,150,147
490,151,147
490,152,147
490,153,147
490,154,147
490,155,147
490,156,147
490,157,147
490,158,147
490,159,147
490,160,147
490,161,147
490,162,147
490,163,147
490,164,147
490,165,147
490,166,147
490,167,147
490,168,147
490,169,147
490,170,147
490,171,147
490,172,147
490,173,147
491,174,147
491,175,147
491,176,147
491,177,147
491,178,147
491,179,147
491,180,147
491,181,147
491,182,147
491,183,147
491,184,147
491,185,147
491,186,147
491,187,147
491,188,147
491,189,147
491,190,147
491,191,147
491,192,147
491,193,147
491,194,147
491,195,147
491,196,147
491,197,147
491,198,147
491,199,147
491,200,147
491,201,147
491,202,147
491,203,147
491,204,147
491,205,147
491,206,147
491,207,147
491,208,147
491,209,147
491,210,147
491,211,147
491,212,147
491,213,147
491,214,147
492,215,147
492,216,147
492,217,147
492,218,147
492,219,147
492,220,147
492,221,147
492,222,147
492,223,147
492,224,147
492,225,147
492,226,147
492,227,147
492,228,147
492,229,147
492,230,147
492,231,147
492,232,147
492,233,147
492,234,147
492,235,147
492,236,147
492,237,147
492,238,147
492,239,147
492,0,148
492,1,148
492,2,148
492,3,148
492,4,148
492,5,148
492,6,148
492,7,148
492,8,148
493,9,148
493,10,148
493,11,148
493,12,148
493,13,148
493,14,148
493,15,148
493,16,148
493,17,148
493,18,148
493,19,148
493,20,148
493,21,148
493,22,148
493,23,148
493,24,148
493,25,148
493,26,148
493,27,148
493,28,148
493,29,148
493,30,148
493,31,148
493,32,148
493,33,148
493,34,148
493,35,148
493,36,148
493,37,148
493,38,148
493,39,148
493,40,148
493,41,148
493,42,148
493,43,148
493,44,148
493,45,148
493,46,148
493,47,148
493,48,148
493,49,148
493,50,148
493,51,148
494,52,148
494,53,148
494,54,148
494,55,148
494,56,148
494,57,148
494,58,148
494,59,148
494,60,148
494,61,148
494,62,148
494,63,148
494,64,148
494,65,148
494,66,148
494,67,148
494,68,148
494,69,148
494,70,148
494,71,148
494,72,148
494,73,148
494,74,148
494,75,148
494,76,148
494,77,148
494,78,148
494,79,148
494,80,148
494,81,148
494,82,148
494,83,148
494,84,148
494,85,148
494,86,148
494,87,148
494,88,148
494,89,148
494,90,148
494,91,148
494,92,148
494,93,148
494,94,148
495,95,148
495,96,148
495,97,148
495,98,148
495,99,148
495,100,148
495,101,148
495,102,148
495,103,148
495,104,148
495,105,148
495,106,148
495,107,148
495,108,148
495,109,148
495,110,148
495,111,148
495,112,148
495,113,148
495,114,148
495,115,148
495,116,148
495,117,148
495,118,148
495,119,148
495,120,148
495,121,148
495,122,148
495,123,148
495,124,148
495,125,148
495,126,148
495,127,148
495,128,148
495,129,148
495,130,148
495,131,148
495,132,148
495,133,148
495,134,148
495,135,148
495,136,148
495,137,148
496,138,148
496,139,148
496,140,148
496,141,148
496,142,148
496,143,148
496,144,148
496,145,148
496,146,148
496,147,148
496,148,148
496,149,148
496,150,148
496,151,148
496,152,148
496,153,148
496,154,148
496,155,148
496,156,148
496,157,148
496,158,148
496,159,148
496,160,148
496,161,148
496,162,148
496,163,148
496,164,148
496,165,148
496,166,148
496,167,148
496,168,148
496,169,148
496,170,148
496,171,148
496,172,148
496,173,148
496,174,148
496,175,148
497,176,148
497,177,148
497,178,148
497,179,148
497,180,148
497,181,148
497,182,148
497,183,148
497,184,148
497,185,148
497,186,148
497,187,148
497,188,148
497,189,148
497,190,148
497,191,148
497,192,148
497,193,148
497,194,148
497,195,148
497,196,148
497,197,148
497,198,148
497,199,148
497,200,148
497,201,148
497,202,148
497,203,148
497,204,148
497,205,148
497,206,148
497,207,148
497,208,148
497,209,148
497,210,148
497,211,148
497,212,148
497,213,148
497,214,148
497,215,148
497,216,148
497,217,148
497,218,148
498,219,148
498,220,148
498,221,148
498,222,148
498,223,148
498,224,148
498,225,148
498,226,148
498,227,148
498,228,148
498,229,148
498,230,148
498,231,148
498,232,148
498,233,148
498,234,148
498,235,148
498,236,148
498,237,148
498,238,148
498,239,148
498,0,149
498,1,149
498,2,149
498,3,149
498,4,149
498,5,149
498,6,149
498,7,149
498,8,149
498,9,149
498,10,149
498,11,149
498,12,149
498,13,149
498,14,149
498,15,149
498,16,149
498,17,149
498,18,149
498,19,149
498,20,149
499,21,149
499,22,149
499,23,149
499,24,149
499,25,149
499,26,149
499,27,149
499,28,149
499,29,149
499,30,149
499,31,149
499,32,149
499,33,149
499,34,149
499,35,149
499,36,149
499,37,149
499,38,149
499,39,149
499,40,149
499,41,149
499,42,149
499,43,149
499,44,149
499,45,149
499,46,149
499,47,149
499,48,149
499,49,149
499,50,149
499,51,149
499,52,149
499,53,149
499,54,149
499,55,149
499,56,149
500,57,149
500,58,149
500,59,149
500,60,149
500,61,149
500,62,149
500,63,149
500,64,149
500,65,149
500,66,149
500,67,149
500,68,149
500,69,149
500,70,149
500,71,149
500,72,149
500,73,149
500,74,149
500,75,149
500,76,149
500,77,149
500,78,149
500,79,149
500,80,149
500,81,149
500,82,149
500,83,149
500,84,149
500,85,149
500,86,149
500,87,149
500,88,149
500,89,149
500,90,149
500,91,149
500,92,149
500,93,149
500,94,149
500,95,149
501,96,149
501,97,149
501,98,149
501,99,149
501,100,149
501,101,149
501,102,149
501,103,149
501,104,149
501,105,149
501,106,149
501,107,149
501,108,149
501,109,149
501,110,149
501,111,149
501,112,149
501,113,149
501,114,149
501,115,149
501,116,149
501,117,149
501,118,149
501,119,149
501,120,149
501,121,149
501,122,149
501,123,149
501,124,149
501,125,149
501,126,149
501,127,149
501,128,149
501,129,149
501,130,149
501,131,149
501,132,149
501,133,149
501,134,149
501,135,149
501,136,149
501,137,149
502,138,149
502,139,149
502,140,149
502,141,149
502,142,149
502,143,149
502,144,149
502,145,149
502,146,149
502,147,149
502,148,149
502,149,149
502,150,149
502,151,149
502,152,149
502,153,149
502,154,149
502,155,149
502,156,149
502,157,149
502,158,149
502,159,149
502,160,149
502,161,149
502,162,149
502,163,149
502,164,149
502,165,149
502,166,149
502,167,149
502,168,149
502,169,149
502,170,149
502,171,149
502,172,149
502,173,149
502,174,149
502,175,149
502,176,149
502,177,149
502,178,149
502,179,149
503,180,149
503,181,149
503,182,149
503,183,149
503,184,149
503,185,149
503,186,149
503,187,149
503,188,149
503,189,149
503,190,149
503,191,149
503,192,149
503,193,149
503,194,149
503,195,149
503,196,149
503,197,149
503,198,149
503,199,149
503,200,149
503,201,149
503,202,149
503,203,149
503,204,149
503,205,149
503,206,149
503,207,149
503,208,149
503,209,149
503,210,149
503,211,149
503,212,149
503,213,149
503,214,149
503,215,149
503,216,149
503,217,149
503,218,149
503,219,149
503,220,149
503,221,149
503,222,149
504,223,149
504,224,149
504,225,149
504,226,149
504,227,149
504,228,149
504,229,149
504,230,149
504,231,149
504,232,149
504,233,149
504,234,149
504,235,149
504,236,149
504,237,149
504,238,149
504,239,149
504,0,150
504,1,150
504,2,150
504,3,150
504,4,150
504,5,150
504,6,150
504,7,150
504,8,150
504,9,150
504,10,150
504,11,150
504,12,150
504,13,150
504,14,150
504,15,150
504,16,150
504,17,150
504,18,150
504,19,150
504,20,150
504,21,150
504,22,150
505,23,150
505,24,150
505,25,150
505,26,150
505,27,150
505,28,150
505,29,150
505,30,150
505,31,150
505,32,150
505,33,150
505,34,150
505,35,150
505,36,150
505,37,150
505,38,150
505,39,150
505,40,150
505,41,150
505,42,150
505,43,150
505,44,150
505,45,150
505,46,150
505,47,150
505,48,150
505,49,150
505,50,150
505,51,150
505,52,150
505,53,150
505,54,150
505,55,150
505,56,150
505,57,150
505,58,150
505,59,150
505,60,150
505,61,150
505,62,150
505,63,150
505,64,150
505,65,150
506,66,150
506,67,150
506,68,150
506,69,150
506,70,150
506,71,150
506,72,150
506,73,150
506,74,150
506,75,150
506,76,150
506,77,150
506,78,150
506,79,150
506,80,150
506,81,150
506,82,150
506,83,150
506,84,150
506,85,150
506,86,150
506,87,150
506,88,150
506,89,150
506,90,150
506,91,150
506,92,150
506,93,150
506,94,150
506,95,150
506,96,150
506,97,150
506,98,150
506,99,150
506,100,150
506,101,150
506,102,150
506,103,150
506,104,150
506,105,150
506,106,150
506,107,150
506,108,150
507,109,150
507,110,150
507,111,150
507,112,150
507,113,150
507,114,150
507,115,150
507,116,150
507,117,150
507,118,150
507,119,150
507,120,150
507,121,150
507,122,150
507,123,150
507,124,150
507,125,150
507,126,150
507,127,150
507,128,150
507,129,150
507,130,150
507,131,150
507,132,150
507,133,150
507,134,150
507,135,150
507,136,150
507,137,150
507,138,150
507,139,150
507,140,150
507,141,150
507,142,150
507,143,150
507,144,150
507,145,150
507,146,150
507,147,150
507,148,150
507,149,150
507,150,150
507,151,150
508,152,150
508,153,150
508,154,150
508,155,150
508,156,150
508,157,150
508,158,150
508,159,150
508,160,150
508,161,150
508,162,150
508,163,150
508,164,150
508,165,150
508,166,150
508,167,150
508,168,150
508,169,150
508,170,150
508,171,150
508,172,150
508,173,150
508,174,150
508,175,150
508,176,150
508,177,150
508,178,150
508,179,150
508,180,150
508,181,150
508,182,150
508,183,150
508,184,150
508,185,150
508,186,150
508,187,150
508,188,150
508,189,150
508,190,150
508,191,150
509,192,150
509,193,150
509,194,150
509,195,150
509,196,150
509,197,150
509,198,150
509,199,150
509,200,150
509,201,150
509,202,150
509,203,150
509,204,150
509,205,150
509,206,150
509,207,150
509,208,150
509,209,150
509,210,150
509,211,150
509,212,150
509,213,150
509,214,150
509,215,150
509,216,150
509,217,150
509,218,150
509,219,150
509,220,150
509,221,150
509,222,150
509,223,150
509,224,150
509,225,150
509,226,150
509,227,150
509,228,150
509,229,150
509,230,150
509,231,150
510,232,150
510,233,150
510,234,150
510,235,150
510,236,150
510,237,150
510,238,150
510,239,150
510,0,151
510,1,151
510,2,151
510,3,151
510,4,151
510,5,151
510,6,151
510,7,151
510,8,151
510,9,151
510,10,151
510,11,151
510,12,151
510,13,151
510,14,151
510,15,151
510,16,151
510,17,151
510,18,151
510,19,151
510,20,151
510,21,151
510,22,151
510,23,151
510,24,151
510,25,151
510,26,151
510,27,151
510,28,151
510,29,151
510,30,151
510,31,151
510,32,151
510,33,151
511,34,151
511,35,151
511,36,151
511,37,151
511,38,151
511,39,151
511,40,151
511,41,151
511,42,151
511,43,151
511,44,151
511,45,151
511,46,151
511,47,151
511,48,151
511,49,151
511,50,151
511,51,151
511,52,151
511,53,151
511,54,151
511,55,151
511,56,151
511,57,151
511,58,151
511,59,151
511,60,151
511,61,151
511,62,151
511,63,151
511,64,151
511,65,151
511,66,151
511,67,151
511,68,151
511,69,151
511,70,151
511,71,151
511,72,151
511,73,151
511,74,151
511,75,151
512,76,151
512,77,151
512,78,151
512,79,151
512,80,151
512,81,151
512,82,151
512,83,151
512,84,151
512,85,151
512,86,151
512,87,151
512,88,151
512,89,151
512,90,151
512,91,151
512,92,151
512,93,151
512,94,151
512,95,151
512,96,151
512,97,151
512,98,151
512,99,151
512,100,151
512,101,151
512,102,151
512,103,151
512,104,151
512,105,151
512,106,151
512,107,151
512,108,151
512,109,151
512,110,151
512,111,151
512,112,151
512,113,151
512,114,151
512,115,151
512,116,151
512,117,151
513,118,151
513,119,151
513,120,151
513,121,151
513,122,151
513,123,151
513,124,151
513,125,151
513,126,151
513,127,151
513,128,151
513,129,151
513,130,151
513,131,151
513,132,151
513,133,151
513,134,151
513,135,151
513,136,151
513,137,151
513,138,151
513,139,151
513,140,151
513,141,151
513,142,151
513,143,151
513,144,151
513,145,151
513,146,151
513,147,151
513,148,151
513,149,151
513,150,151
513,151,151
513,152,151
513,153,151
513,154,151
513,155,151
513,156,151
513,157,151
513,158,151
514,159,151
514,160,151
514,161,151
514,162,151
514,163,151
514,164,151
514,165,151
514,166,151
514,167,151
514,168,151
514,169,151
514,170,151
514,171,151
514,172,151
514,173,151
514,174,151
514,175,151
514,176,151
514,177,151
514,178,151
514,179,151
514,180,151
514,181,151
514,182,151
514,183,151
514,184,151
514,185,151
514,186,151
514,187,151
514,188,151
514,189,151
514,190,151
514,191,151
514,192,151
514,193,151
514,194,151
514,195,151
514,196,151
514,197,151
514,198,151
514,199,151
514,200,151
514,201,151
515,202,151
515,203,151
515,204,151
515,205,151
515,206,151
515,207,151
515,208,151
515,209,151
515,210,151
515,211,151
515,212,151
515,213,151
515,214,151
515,215,151
515,216,151
515,217,151
515,218,151
515,219,151
515,220,151
515,221,151
515,222,151
515,223,151
515,224,151
515,225,151
515,226,151
515,227,151
515,228,151
515,229,151
515,230,151
515,231,151
515,232,151
515,233,151
515,234,151
515,235,151
515,236,151
515,237,151
515,238,151
515,239,151
515,0,152
515,1,152
515,2,152
515,3,152
516,4,152
516,5,152
516,6,152
516,7,152
516,8,152
516,9,152
516,10,152
516,11,152
516,12,152
516,13,152
516,14,152
516,15,152
516,16,152
516,17,152
516,18,152
516,19,152
516,20,152
516,21,152
516,22,152
516,23,152
516,24,152
516,25,152
516,26,152
516,27,152
516,28,152
516,29,152
516,30,152
516,31,152
516,32,152
516,33,152
516,34,152
516,35,152
516,36,152
516,37,152
516,38,152
516,39,152
516,40,152
516,41,152
516,42,152
516,43,152
516,44,152
516,45,152
516,46,152
517,47,152
517,48,152
517,49,152
517,50,152
517,51,152
517,52,152
517,53,152
517,54,152
517,55,152
517,56,152
517,57,152
517,58,152
517,59,152
517,60,152
517,61,152
517,62,152
517,63,152
517,64,152
517,65,152
517,66,152
517,67,152
517,68,152
517,69,152
517,70,152
517,71,152
517,72,152
517,73,152
517,74,152
517,75,152
517,76,152
517,77,152
517,78,152
517,79,152
517,80,152
518,81,152
518,82,152
518,83,152
518,84,152
518,85,152
518,86,152
518,87,152
518,88,152
518,89,152
518,90,152
518,91,152
518,92,152
518,93,152
518,94,152
518,95,152
518,96,152
518,97,152
518,98,152
518,99,152
518,100,152
518,101,152
518,102,152
518,103,152
518,104,152
518,105,152
518,106,152
518,107,152
518,108,152
518,109,152
518,110,152
518,111,152
519,112,152
519,113,152
519,114,152
519,115,152
519,116,152
519,117,152
519,118,152
519,119,152
519,120,152
519,121,152
519,122,152
519,123,152
519,124,152
519,125,152
519,126,152
519,127,152
519,128,152
519,129,152
519,130,152
519,131,152
519,132,152
519,133,152
519,134,152
519,135,152
519,136,152
519,137,152
519,138,152
519,139,152
519,140,152
519,141,152
519,142,152
519,143,152
519,144,152
519,145,152
519,146,152
519,147,152
519,148,152
520,149,152
520,150,152
520,151,152
520,152,152
520,153,152
520,154,152
520,155,152
520,156,152
520,157,152
520,158,152
520,159,152
520,160,152
520,161,152
520,162,152
520,163,152
520,164,152
520,165,152
520,166,152
520,167,152
520,168,152
520,169,152
520,170,152
520,171,152
520,172,152
520,173,152
520,174,152
520,175,152
520,176,152
520,177,152
520,178,152
520,179,152
520,180,152
520,181,152
520,182,152
520,183,152
520,184,152
520,185,152
520,186,152
521,187,152
521,188,152
521,189,152
521,190,152
521,191,152
521,192,152
521,193,152
521,194,152
521,195,152
521,196,152
521,197,152
521,198,152
521,199,152
521,200,152
521,201,152
521,202,152
521,203,152
521,204,152
521,205,152
521,206,152
521,207,152
521,208,152
521,209,152
521,210,152
521,211,152
521,212,152
521,213,152
521,214,152
521,215,152
521,216,152
521,217,152
521,218,152
521,219,152
521,220,152
521,221,152
521,222,152
521,223,152
521,224,152
521,225,152
522,226,152
522,227,152
522,228,152
522,229,152
522,230,152
522,231,152
522,232,152
522,233,152
522,234,152
522,235,152
522,236,152
522,237,152
522,238,152
522,239,152
522,0,153
522,1,153
522,2,153
522,3,153
522,4,153
522,5,153
522,6,153
522,7,153
522,8,153
522,9,153
522,10,153
522,11,153
522,12,153
522,13,153
522,14,153
522,15,153
522,16,153
522,17,153
522,18,153
522,19,153
522,20,153
522,21,153
522,22,153
522,23,153
523,24,153
523,25,153
523,26,153
523,27,153
523,28,153
523,29,153
523,30,153
523,31,153
523,32,153
523,33,153
523,34,153
523,35,153
523,36,153
523,37,153
523,38,153
523,39,153
523,40,153
523,41,153
523,42,153
523,43,153
523,44,153
523,45,153
523,46,153
523,47,153
523,48,153
523,49,153
523,50,153
523,51,153
523,52,153
523,53,153
523,54,153
523,55,153
523,56,153
523,57,153
523,58,153
523,59,153
523,60,153
523,61,153
523,62,153
523,63,153
524,64,153
524,65,153
524,66,153
524,67,153
524,68,153
524,69,153
524,70,153
524,71,153
524,72,153
524,73,153
524,74,153
524,75,153
524,76,153
524,77,153
524,78,153
524,79,153
524,80,153
524,81,153
524,82,153
524,83,153
524,84,153
524,85,153
524,86,153
524,87,153
524,88,153
524,89,153
524,90,153
524,91,153
524,92,153
524,93,153
524,94,153
524,95,153
524,96,153
524,97,153
524,98,153
524,99,153
524,100,153
524,101,153
524,102,153
525,103,153
525,104,153
525,105,153
525,106,153
525,107,153
525,108,153
525,109,153
525,110,153
525,111,153
525,112,153
525,113,153
525,114,153
525,115,153
525,116,153
525,117,153
525,118,153
525,119,153
525,120,153
525,121,153
525,122,153
525,123,153
525,124,153
525,125,153
525,126,153
525,127,153
525,128,153
525,129,153
525,130,153
525,131,153
525,132,153
525,133,153
525,134,153
525,135,153
525,136,153
525,137,153
525,138,153
525,139,153
525,140,153
525,141,153
526,142,153
526,143,153
526,144,153
526,145,153
526,146,153
526,147,153
526,148,153
526,149,153
526,150,153
526,151,153
526,152,153
526,153,153
526,154,153
526,155,153
526,156,153
526,157,153
526,158,153
526,159,153
526,160,153
526,161,153
526,162,153
526,163,153
526,164,153
526,165,153
526,166,153
526,167,153
526,168,153
526,169,153
526,170,153
526,171,153
526,172,153
526,173,153
526,174,153
526,175,153
526,176,153
526,177,153
526,178,153
526,179,153
526,180,153
526,181,153
526,182,153
526,183,153
527,184,153
527,185,153
527,186,153
527,187,153
527,188,153
527,189,153
527,190,153
527,191,153
527,192,153
527,193,153
527,194,153
527,195,153
527,196,153
527,197,153
527,198,153
527,199,153
527,200,153
527,201,153
527,202,153
527,203,153
527,204,153
527,205,153
527,206,153
527,207,153
527,208,153
527,209,153
527,210,153
527,211,153
527,212,153
527,213,153
527,214,153
527,215,153
527,216,153
527,217,153
527,218,153
527,219,153
527,220,153
527,221,153
527,222,153
527,223,153
527,224,153
527,225,153
527,226,153
528,227,153
528,228,153
528,229,153
528,230,153
528,231,153
528,232,153
528,233,153
528,234,153
528,235,153
528,236,153
528,237,153
528,238,153
528,239,153
528,0,154
528,1,154
528,2,154
528,3,154
528,4,154
528,5,154
528,6,154
528,7,154
528,8,154
528,9,154
528,10,154
528,11,154
528,12,154
528,13,154
528,14,154
528,15,154
528,16,154
528,17,154
528,18,154
528,19,154
528,20,154
528,21,154
528,22,154
528,23,154
528,24,154
528,25,154
528,26,154
529,27,154
529,28,154
529,29,154
529,30,154
529,31,154
529,32,154
529,33,154
529,34,154
529,35,154
529,36,154
529,37,154
529,38,154
529,39,154
529,40,154
529,41,154
529,42,154
529,43,154
529,44,154
529,45,154
529,46,154
529,47,154
529,48,154
529,49,154
529,50,154
529,51,154
529,52,154
529,53,154
529,54,154
529,55,154
529,56,154
529,57,154
529,58,154
529,59,154
529,60,154
529,61,154
529,62,154
529,63,154
529,64,154
529,65,154
529,66,154
529,67,154
530,68,154
530,69,154
530,70,154
530,71,154
530,72,154
530,73,154
530,74,154
530,75,154
530,76,154
530,77,154
530,78,154
530,79,154
530,80,154
530,81,154
530,82,154
530,83,154
530,84,154
530,85,154
530,86,154
530,87,154
530,88,154
530,89,154
530,90,154
530,91,154
530,92,154
530,93,154
530,94,154
530,95,154
530,96,154
530,97,154
530,98,154
530,99,154
530,100,154
530,101,154
530,102,154
530,103,154
530,104,154
530,105,154
530,106,154
530,107,154
530,108,154
530,109,154
531,110,154
531,111,154
531,112,154
531,113,154
531,114,154
531,115,154
531,116,154
531,117,154
531,118,154
531,119,154
531,120,154
531,121,154
531,122,154
531,123,154
531,124,154
531,125,154
531,126,154
531,127,154
531,128,154
531,129,154
531,130,154
531,131,154
531,132,154
531,133,154
531,134,154
531,135,154
531,136,154
531,137,154
531,138,154
531,139,154
531,140,154
531,141,154
531,142,154
531,143,154
531,144,154
531,145,154
531,146,154
531,147,154
531,148,154
531,149,154
531,150,154
531,151,154
532,152,154
532,153,154
532,154,154
532,155,154
532,156,154
532,157,154
532,158,154
532,159,154
532,160,154
532,161,154
532,162,154
532,163,154
532,164,154
532,165,154
532,166,154
532,167,154
532,168,154
532,169,154
532,170,154
532,171,154
532,172,154
532,173,154
532,174,154
532,175,154
532,176,154
532,177,154
532,178,154
532,179,154
532,180,154
532,181,154
532,182,154
532,183,154
532,184,154
532,185,154
532,186,154
532,187,154
532,188,154
532,189,154
532,190,154
532,191,154
532,192,154
532,193,154
532,194,154
533,195,154
533,196,154
533,197,154
533,198,154
533,199,154
533,200,154
533,201,154
533,202,154
533,203,154
533,204,154
533,205,154
533,206,154
533,207,154
533,208,154
533,209,154
533,210,154
533,211,154
533,212,154
533,213,154
533,214,154
533,215,154
533,216,154
533,217,154
533,218,154
533,219,154
533,220,154
533,221,154
533,222,154
533,223,154
533,224,154
533,225,154
533,226,154
533,227,154
533,228,154
533,229,154
533,230,154
533,231,154
533,232,154
533,233,154
533,234,154
533,235,154
534,236,154
534,237,154
534,238,154
534,239,154
534,0,155
534,1,155
534,2,155
534,3,155
534,4,155
534,5,155
534,6,155
534,7,155
534,8,155
534,9,155
534,10,155
534,11,155
534,12,155
534,13,155
534,14,155
534,15,155
534,16,155
534,17,155
534,18,155
534,19,155
534,20,155
534,21,155
534,22,155
534,23,155
534,24,155
534,25,155
534,26,155
534,27,155
534,28,155
534,29,155
534,30,155
534,31,155
534,32,155
534,33,155
534,34,155
534,35,155
534,36,155
534,37,155
534,38,155
535,39,155
535,40,155
535,41,155
535,42,155
535,43,155
535,44,155
535,45,155
535,46,155
535,47,155
535,48,155
535,49,155
535,50,155
535,51,155
535,52,155
535,53,155
535,54,155
535,55,155
535,56,155
535,57,155
535,58,155
535,59,155
535,60,155
535,61,155
535,62,155
535,63,155
535,64,155
535,65,155
535,66,155
535,67,155
535,68,155
535,69,155
535,70,155
535,71,155
535,72,155
535,73,155
535,74,155
535,75,155
535,76,155
535,77,155
535,78,155
535,79,155
535,80,155
536,81,155
536,82,155
536,83,155
536,84,155
536,85,155
536,86,155
536,87,155
536,88,155
536,89,155
536,90,155
536,91,155
536,92,155
536,93,155
536,94,155
536,95,155
536,96,155
536,97,155
536,98,155
536,99,155
536,100,155
536,101,155
536,102,155
536,103,155
536,104,155
536,105,155
536,106,155
536,107,155
536,108,155
536,109,155
536,110,155
536,111,155
536,112,155
536,113,155
536,114,155
536,115,155
536,116,155
536,117,155
536,118,155
536,119,155
536,120,155
536,121,155
536,122,155
536,123,155
537,124,155
537,125,155
537,126,155
537,127,155
537,128,155
537,129,155
537,130,155
537,131,155
537,132,155
537,133,155
537,134,155
537,135,155
537,136,155
537,137,155
537,138,155
537,139,155
537,140,155
537,141,155
537,142,155
537,143,155
537,144,155
537,145,155
537,146,155
537,147,155
537,148,155
537,149,155
537,150,155
537,151,155
537,152,155
537,153,155
537,154,155
537,155,155
537,156,155
537,157,155
537,158,155
537,159,155
537,160,155
537,161,155
537,162,155
537,163,155
537,164,155
537,165,155
537,166,155
538,167,155
538,168,155
538,169,155
538,170,155
538,171,155
538,172,155
538,173,155
538,174,155
538,175,155
538,176,155
538,177,155
538,178,155
538,179,155
538,180,155
538,181,155
538,182,155
538,183,155
538,184,155
538,185,155
538,186,155
538,187,155
538,188,155
538,189,155
538,190,155
538,191,155
538,192,155
538,193,155
538,194,155
538,195,155
538,196,155
538,197,155
538,198,155
538,199,155
538,200,155
538,201,155
538,202,155
538,203,155
538,204,155
538,205,155
538,206,155
539,207,155
539,208,155
539,209,155
539,210,155
539,211,155
539,212,155
539,213,155
539,214,155
539,215,155
539,216,155
539,217,155
539,218,155
539,219,155
539,220,155
539,221,155
539,222,155
539,223,155
539,224,155
539,225,155
539,226,155
539,227,155
539,228,155
539,229,155
539,230,155
539,231,155
539,232,155
539,233,155
539,234,155
539,235,155
539,236,155
539,237,155
539,238,155
539,239,155
539,0,156
539,1,156
539,2,156
540,3,156
540,4,156
540,5,156
540,6,156
540,7,156
540,8,156
540,9,156
540,10,156
540,11,156
540,12,156
540,13,156
540,14,156
540,15,156
540,16,156
540,17,156
540,18,156
540,19,156
540,20,156
540,21,156
540,22,156
540,23,156
540,24,156
540,25,156
540,26,156
540,27,156
540,28,156
540,29,156
540,30,156
540,31,156
540,32,156
540,33,156
540,34,156
540,35,156
540,36,156
540,37,156
540,38,156
540,39,156
541,40,156
541,41,156
541,42,156
541,43,156
541,44,156
541,45,156
541,46,156
541,47,156
541,48,156
541,49,156
541,50,156
541,51,156
541,52,156
541,53,156
541,54,156
541,55,156
541,56,156
541,57,156
541,58,156
541,59,156
541,60,156
541,61,156
541,62,156
541,63,156
541,64,156
541,65,156
541,66,156
541,67,156
541,68,156
541,69,156
541,70,156
541,71,156
541,72,156
541,73,156
541,74,156
541,75,156
541,76,156
541,77,156
541,78,156
541,79,156
541,80,156
541,81,156
542,82,156
542,83,156
542,84,156
542,85,156
542,86,156
542,87,156
542,88,156
542,89,156
542,90,156
542,91,156
542,92,156
542,93,156
542,94,156
542,95,156
542,96,156
542,97,156
542,98,156
542,99,156
542,100,156
542,101,156
542,102,156
542,103,156
542,104,156
542,105,156
542,106,156
542,107,156
542,108,156
542,109,156
542,110,156
542,111,156
542,112,156
542,113,156
542,114,156
542,115,156
542,116,156
542,117,156
542,118,156
542,119,156
542,120,156
542,121,156
542,122,156
542,123,156
542,124,156
543,125,156
543,126,156
543,127,156
543,128,156
543,129,156
543,130,156
543,131,156
543,132,156
543,133,156
543,134,156
543,135,156
543,136,156
543,137,156
543,138,156
543,139,156
543,140,156
543,141,156
543,142,156
543,143,156
543,144,156
543,145,156
543,146,156
543,147,156
543,148,156
543,149,156
543,150,156
543,151,156
543,152,156
543,153,156
543,154,156
543,155,156
543,156,156
543,157,156
543,158,156
543,159,156
543,160,156
543,161,156
543,162,156
543,163,156
543,164,156
543,165,156
543,166,156
544,167,156
544,168,156
544,169,156
544,170,156
544,171,156
544,172,156
544,173,156
544,174,156
544,175,156
544,176,156
544,177,156
544,178,156
544,179,156
544,180,156
544,181,156
544,182,156
544,183,156
544,184,156
544,185,156
544,186,156
544,187,156
544,188,156
544,189,156
544,190,156
544,191,156
544,192,156
544,193,156
544,194,156
544,195,156
544,196,156
544,197,156
544,198,156
544,199,156
544,200,156
544,201,156
544,202,156
544,203,156
544,204,156
544,205,156
544,206,156
544,207,156
544,208,156
544,209,156
545,210,156
545,211,156
545,212,156
545,213,156
545,214,156
545,215,156
545,216,156
545,217,156
545,218,156
545,219,156
545,220,156
545,221,156
545,222,156
545,223,156
545,224,156
545,225,156
545,226,156
545,227,156
545,228,156
545,229,156
545,230,156
545,231,156
545,232,156
545,233,156
545,234,156
545,235,156
545,236,156
545,237,156
545,238,156
545,239,156
545,0,157
545,1,157
545,2,157
545,3,157
545,4,157
545,5,157
545,6,157
545,7,157
545,8,157
545,9,157
545,10,157
545,11,157
545,12,157
546,13,157
546,14,157
546,15,157
546,16,157
546,17,157
546,18,157
546,19,157
546,20,157
546,21,157
546,22,157
546,23,157
546,24,157
546,25,157
546,26,157
546,27,157
546,28,157
546,29,157
546,30,157
546,31,157
546,32,157
546,33,157
546,34,157
546,35,157
546,36,157
546,37,157
546,38,157
546,39,157
546,40,157
546,41,157
546,42,157
546,43,157
546,44,157
546,45,157
546,46,157
546,47,157
546,48,157
546,49,157
546,50,157
546,51,157
546,52,157
546,53,157
547,54,157
547,55,157
547,56,157
547,57,157
547,58,157
547,59,157
547,60,157
547,61,157
547,62,157
547,63,157
547,64,157
547,65,157
547,66,157
547,67,157
547,68,157
547,69,157
547,70,157
547,71,157
547,72,157
547,73,157
547,74,157
547,75,157
547,76,157
547,77,157
547,78,157
547,79,157
547,80,157
547,81,157
547,82,157
547,83,157
547,84,157
547,85,157
547,86,157
547,87,157
547,88,157
547,89,157
547,90,157
547,91,157
547,92,157
547,93,157
547,94,157
547,95,157
548,96,157
548,97,157
548,98,157
548,99,157
548,100,157
548,101,157
548,102,157
548,103,157
548,104,157
548,105,157
548,106,157
548,107,157
548,108,157
548,109,157
548,110,157
548,111,157
548,112,157
548,113,157
548,114,157
548,115,157
548,116,157
548,117,157
548,118,157
548,119,157
548,120,157
548,121,157
548,122,157
548,123,157
548,124,157
548,125,157
548,126,157
548,127,157
548,128,157
548,129,157
548,130,157
548,131,157
548,132,157
548,133,157
548,134,157
548,135,157
548,136,157
548,137,157
549,138,157
549,139,157
549,140,157
549,141,157
549,142,157
549,143,157
549,144,157
549,145,157
549,146,157
549,147,157
549,148,157
549,149,157
549,150,157
549,151,157
549,152,157
549,153,157
549,154,157
549,155,157
549,156,157
549,157,157
549,158,157
549,159,157
549,160,157
549,161,157
549,162,157
549,163,157
549,164,157
549,165,157
549,166,157
549,167,157
549,168,157
549,169,157
549,170,157
549,171,157
549,172,157
549,173,157
549,174,157
550,175,157
550,176,157
550,177,157
550,178,157
550,179,157
550,180,157
550,181,157
550,182,157
550,183,157
550,184,157
550,185,157
550,186,157
550,187,157
550,188,157
550,189,157
550,190,157
550,191,157
550,192,157
550,193,157
550,194,157
550,195,157
550,196,157
550,197,157
550,198,157
550,199,157
550,200,157
550,201,157
550,202,157
550,203,157
550,204,157
550,205,157
550,206,157
550,207,157
550,208,157
550,209,157
550,210,157
550,211,157
550,212,157
550,213,157
550,214,157
550,215,157
550,216,157
550,217,157
551,218,157
551,219,157
551,220,157
551,221,157
551,222,157
551,223,157
551,224,157
551,225,157
551,226,157
551,227,157
551,228,157
551,229,157
551,230,157
551,231,157
551,232,157
551,233,157
551,234,157
551,235,157
551,236,157
551,237,157
551,238,157
551,239,157
551,0,158
551,1,158
551,2,158
551,3,158
551,4,158
551,5,158
551,6,158
551,7,158
551,8,158
551,9,158
551,10,158
551,11,158
551,12,158
551,13,158
551,14,158
551,15,158
551,16,158
551,17,158
551,18,158
551,19,158
551,20,158
552,21,158
552,22,158
552,23,158
552,24,158
552,25,158
552,26,158
552,27,158
552,28,158
552,29,158
552,30,158
552,31,158
552,32,158
552,33,158
552,34,158
552,35,158
552,36,158
552,37,158
552,38,158
552,39,158
552,40,158
552,41,158
552,42,158
552,43,158
552,44,158
552,45,158
552,46,158
552,47,158
552,48,158
552,49,158
552,50,158
552,51,158
552,52,158
552,53,158
552,54,158
552,55,158
552,56,158
552,57,158
552,58,158
552,59,158
552,60,158
552,61,158
552,62,158
553,63,158
553,64,158
553,65,158
553,66,158
553,67,158
553,68,158
553,69,158
553,70,158
553,71,158
553,72,158
553,73,158
553,74,158
553,75,158
553,76,158
553,77,158
553,78,158
553,79,158
553,80,158
553,81,158
553,82,158
553,83,158
553,84,158
553,85,158
553,86,158
553,87,158
553,88,158
553,89,158
553,90,158
553,91,158
553,92,158
553,93,158
553,94,158
553,95,158
553,96,158
553,97,158
553,98,158
553,99,158
553,100,158
553,101,158
553,102,158
553,103,158
553,104,158
554,105,158
554,106,158
554,107,158
554,108,158
554,109,158
554,110,158
554,111,158
554,112,158
554,113,158
554,114,158
554,115,158
554,116,158
554,117,158
554,118,158
554,119,158
554,120,158
554,121,158
554,122,158
554,123,158
554,124,158
554,125,158
554,126,158
554,127,158
554,128,158
554,129,158
554,130,158
554,131,158
554,132,158
554,133,158
554,134,158
554,135,158
554,136,158
554,137,158
554,138,158
554,139,158
554,140,158
554,141,158
554,142,158
554,143,158
555,144,158
555,145,158
555,146,158
555,147,158
555,148,158
555,149,158
555,150,158
555,151,158
555,152,158
555,153,158
555,154,158
555,155,158
555,156,158
555,157,158
555,158,158
555,159,158
556,160,158
556,161,158
556,162,158
556,163,158
556,164,158
556,165,158
556,166,158
556,167,158
556,168,158
556,169,158
556,170,158
556,171,158
556,172,158
556,173,158
556,174,158
556,175,158
556,176,158
556,177,158
556,178,158
556,179,158
556,180,158
556,181,158
556,182,158
556,183,158
556,184,158
556,185,158
556,186,158
556,187,158
556,188,158
556,189,158
556,190,158
556,191,158
556,192,158
556,193,158
556,194,158
556,195,158
556,196,158
556,197,158
556,198,158
556,199,158
557,200,158
557,201,158
557,202,158
557,203,158
557,204,158
557,205,158
557,206,158
557,207,158
557,208,158
557,209,158
557,210,158
557,211,158
557,212,158
557,213,158
557,214,158
557,215,158
557,216,158
557,217,158
557,218,158
557,219,158
557,220,158
557,221,158
557,222,158
557,223,158
557,224,158
557,225,158
557,226,158
557,227,158
557,228,158
557,229,158
557,230,158
557,231,158
557,232,158
557,233,158
557,234,158
557,235,158
557,236,158
557,237,158
557,238,158
558,239,158
558,0,159
558,1,159
558,2,159
558,3,159
558,4,159
558,5,159
558,6,159
558,7,159
558,8,159
558,9,159
558,10,159
558,11,159
558,12,159
558,13,159
558,14,159
558,15,159
558,16,159
558,17,159
558,18,159
558,19,159
558,20,159
558,21,159
558,22,159
558,23,159
558,24,159
558,25,159
558,26,159
558,27,159
558,28,159
558,29,159
558,30,159
558,31,159
558,32,159
558,33,159
558,34,159
558,35,159
558,36,159
558,37,159
558,38,159
559,39,159
559,40,159
559,41,159
559,42,159
559,43,159
559,44,159
559,45,159
559,46,159
559,47,159
559,48,159
559,49,159
559,50,159
559,51,159
559,52,159
559,53,159
559,54,159
559,55,159
559,56,159
559,57,159
559,58,159
559,59,159
559,60,159
559,61,159
559,62,159
559,63,159
559,64,159
559,65,159
559,66,159
559,67,159
559,68,159
559,69,159
559,70,159
559,71,159
559,72,159
559,73,159
559,74,159
559,75,159
559,76,159
560,77,159
560,78,159
560,79,159
560,80,159
560,81,159
560,82,159
560,83,159
560,84,159
560,85,159
560,86,159
560,87,159
560,88,159
560,89,159
560,90,159
560,91,159
560,92,159
560,93,159
560,94,159
560,95,159
560,96,159
560,97,159
560,98,159
560,99,159
560,100,159
560,101,159
560,102,159
560,103,159
560,104,159
560,105,159
560,106,159
560,107,159
560,108,159
560,109,159
560,110,159
560,111,159
560,112,159
560,113,159
560,114,159
560,115,159
560,116,159
560,117,159
561,118,159
561,119,159
561,120,159
561,121,159
561,122,159
561,123,159
561,124,159
561,125,159
561,126,159
561,127,159
561,128,159
561,129,159
561,130,159
561,131,159
561,132,159
561,133,159
561,134,159
561,135,159
561,136,159
561,137,159
561,138,159
561,139,159
561,140,159
561,141,159
561,142,159
561,143,159
561,144,159
561,145,159
561,146,159
561,147,159
561,148,159
561,149,159
561,150,159
561,151,159
561,152,159
561,153,159
561,154,159
561,155,159
562,156,159
562,157,159
562,158,159
562,159,159
562,160,159
562,161,159
562,162,159
562,163,159
562,164,159
562,165,159
562,166,159
562,167,159
562,168,159
562,169,159
562,170,159
562,171,159
562,172,159
562,173,159
562,174,159
562,175,159
562,176,159
562,177,159
562,178,159
562,179,159
562,180,159
562,181,159
562,182,159
562,183,159
562,184,159
562,185,159
562,186,159
562,187,159
562,188,159
562,189,159
562,190,159
562,191,159
562,192,159
562,193,159
563,194,159
563,195,159
563,196,159
563,197,159
563,198,159
563,199,159
563,200,159
563,201,159
563,202,159
563,203,159
563,204,159
563,205,159
563,206,159
563,207,159
563,208,159
563,209,159
563,210,159
563,211,159
563,212,159
563,213,159
563,214,159
563,215,159
563,216,159
563,217,159
563,218,159
563,219,159
563,220,159
563,221,159
563,222,159
563,223,159
563,224,159
563,225,159
563,226,159
563,227,159
563,228,159
563,229,159
563,230,159
563,231,159
563,232,159
563,233,159
563,234,159
563,235,159
564,236,159
564,237,159
564,238,159
564,239,159
