TimeMs,X,Y
77,0,0
77,1,0
77,2,0
77,3,0
77,4,0
78,5,0
78,6,0
78,7,0
78,8,0
78,9,0
78,10,0
78,11,0
78,12,0
78,13,0
78,14,0
78,15,0
78,16,0
78,17,0
78,18,0
78,19,0
78,20,0
78,21,0
78,22,0
78,23,0
78,24,0
78,25,0
78,26,0
78,27,0
78,28,0
78,29,0
78,30,0
78,31,0
78,32,0
78,33,0
78,34,0
78,35,0
78,36,0
78,37,0
78,38,0
78,39,0
78,40,0
79,41,0
79,42,0
79,43,0
79,44,0
79,45,0
79,46,0
79,47,0
79,48,0
79,49,0
79,50,0
79,51,0
79,52,0
79,53,0
79,54,0
79,55,0
79,56,0
79,57,0
79,58,0
79,59,0
79,60,0
79,61,0
79,62,0
79,63,0
79,64,0
79,65,0
79,66,0
79,67,0
79,68,0
79,69,0
79,70,0
79,71,0
79,72,0
79,73,0
79,74,0
80,75,0
80,76,0
80,77,0
80,78,0
80,79,0
80,80,0
80,81,0
80,82,0
80,83,0
80,84,0
80,85,0
80,86,0
80,87,0
80,88,0
80,89,0
80,90,0
80,91,0
80,92,0
80,93,0
80,94,0
80,95,0
80,96,0
80,97,0
80,98,0
80,99,0
80,100,0
80,101,0
80,102,0
80,103,0
80,104,0
80,105,0
81,106,0
81,107,0
81,108,0
81,109,0
81,110,0
81,111,0
81,112,0
81,113,0
81,114,0
81,115,0
81,116,0
81,117,0
81,118,0
81,119,0
81,120,0
81,121,0
81,122,0
81,123,0
81,124,0
81,125,0
81,126,0
81,127,0
81,128,0
81,129,0
81,130,0
81,131,0
81,132,0
81,133,0
81,134,0
81,135,0
81,136,0
81,137,0
81,138,0
81,139,0
81,140,0
81,141,0
81,142,0
81,143,0
81,144,0
81,145,0
82,146,0
82,147,0
82,148,0
82,149,0
82,150,0
82,151,0
82,152,0
82,153,0
82,154,0
82,155,0
82,156,0
82,157,0
82,158,0
82,159,0
82,160,0
82,161,0
82,162,0
82,163,0
82,164,0
82,165,0
82,166,0
82,167,0
82,168,0
82,169,0
82,170,0
82,171,0
82,172,0
82,173,0
82,174,0
82,175,0
82,176,0
82,177,0
82,178,0
82,179,0
82,180,0
82,181,0
83,182,0
83,183,0
83,184,0
83,185,0
83,186,0
83,187,0
83,188,0
83,189,0
83,190,0
83,191,0
83,192,0
83,193,0
83,194,0
83,195,0
83,196,0
83,197,0
83,198,0
83,199,0
83,200,0
83,201,0
83,202,0
83,203,0
83,204,0
83,205,0
83,206,0
83,207,0
83,208,0
83,209,0
83,210,0
83,211,0
83,212,0
83,213,0
83,214,0
83,215,0
83,216,0
83,217,0
83,218,0
83,219,0
83,220,0
84,221,0
84,222,0
84,223,0
84,224,0
84,225,0
84,226,0
84,227,0
84,228,0
84,229,0
84,230,0
84,231,0
84,232,0
84,233,0
84,234,0
84,235,0
84,236,0
84,237,0
84,238,0
84,239,0
84,0,1
84,1,1
84,2,1
84,3,1
84,4,1
84,5,1
84,6,1
84,7,1
84,8,1
84,9,1
84,10,1
84,11,1
84,12,1
85,13,1
85,14,1
85,15,1
85,16,1
85,17,1
85,18,1
85,19,1
85,20,1
85,21,1
85,22,1
85,23,1
85,24,1
85,25,1
85,26,1
85,27,1
85,28,1
85,29,1
85,30,1
85,31,1
85,32,1
85,33,1
85,34,1
85,35,1
85,36,1
85,37,1
85,38,1
85,39,1
85,40,1
85,41,1
85,42,1
85,43,1
85,44,1
85,45,1
85,46,1
85,47,1
85,48,1
85,49,1
85,50,1
85,51,1
85,52,1
86,53,1
86,54,1
86,55,1
86,56,1
86,57,1
86,58,1
86,59,1
86,60,1
86,61,1
86,62,1
86,63,1
86,64,1
86,65,1
86,66,1
86,67,1
86,68,1
86,69,1
86,70,1
86,71,1
86,72,1
86,73,1
86,74,1
86,75,1
86,76,1
86,77,1
86,78,1
86,79,1
86,80,1
86,81,1
86,82,1
86,83,1
86,84,1
86,85,1
86,86,1
86,87,1
86,88,1
86,89,1
86,90,1
86,91,1
87,92,1
87,93,1
87,94,1
87,95,1
87,96,1
87,97,1
87,98,1
87,99,1
87,100,1
87,101,1
87,102,1
87,103,1
87,104,1
87,105,1
87,106,1
87,107,1
87,108,1
87,109,1
87,110,1
87,111,1
87,112,1
87,113,1
87,114,1
87,115,1
87,116,1
87,117,1
87,118,1
87,119,1
87,120,1
87,121,1
87,122,1
87,123,1
87,124,1
87,125,1
87,126,1
87,127,1
87,128,1
87,129,1
87,130,1
87,131,1
88,132,1
88,133,1
88,134,1
88,135,1
88,136,1
88,137,1
88,138,1
88,139,1
88,140,1
88,141,1
88,142,1
88,143,1
88,144,1
88,145,1
88,146,1
88,147,1
88,148,1
88,149,1
88,150,1
88,151,1
88,152,1
88,153,1
88,154,1
88,155,1
88,156,1
88,157,1
88,158,1
88,159,1
88,160,1
88,161,1
88,162,1
88,163,1
88,164,1
88,165,1
88,166,1
88,167,1
88,168,1
89,169,1
89,170,1
89,171,1
89,172,1
89,173,1
89,174,1
89,175,1
89,176,1
89,177,1
89,178,1
89,179,1
89,180,1
89,181,1
89,182,1
89,183,1
89,184,1
89,185,1
89,186,1
89,187,1
89,188,1
89,189,1
89,190,1
89,191,1
89,192,1
89,193,1
90,194,1
90,195,1
90,196,1
90,197,1
90,198,1
90,199,1
90,200,1
90,201,1
90,202,1
90,203,1
90,204,1
90,205,1
90,206,1
90,207,1
90,208,1
90,209,1
90,210,1
90,211,1
90,212,1
90,213,1
90,214,1
90,215,1
90,216,1
90,217,1
90,218,1
90,219,1
90,220,1
90,221,1
90,222,1
90,223,1
90,224,1
90,225,1
90,226,1
90,227,1
90,228,1
90,229,1
90,230,1
90,231,1
90,232,1
90,233,1
91,234,1
91,235,1
91,236,1
91,237,1
91,238,1
91,239,1
91,0,2
91,1,2
91,2,2
91,3,2
91,4,2
91,5,2
91,6,2
91,7,2
91,8,2
91,9,2
91,10,2
91,11,2
91,12,2
91,13,2
91,14,2
91,15,2
91,16,2
91,17,2
91,18,2
91,19,2
91,20,2
91,21,2
91,22,2
91,23,2
91,24,2
91,25,2
91,26,2
91,27,2
91,28,2
91,29,2
91,30,2
92,31,2
92,32,2
92,33,2
92,34,2
92,35,2
92,36,2
92,37,2
92,38,2
92,39,2
92,40,2
92,41,2
92,42,2
92,43,2
92,44,2
92,45,2
92,46,2
92,47,2
92,48,2
92,49,2
92,50,2
92,51,2
92,52,2
92,53,2
92,54,2
92,55,2
92,56,2
92,57,2
92,58,2
92,59,2
92,60,2
92,61,2
92,62,2
92,63,2
92,64,2
92,65,2
92,66,2
92,67,2
92,68,2
92,69,2
92,70,2
92,71,2
92,72,2
92,73,2
93,74,2
93,75,2
93,76,2
93,77,2
93,78,2
93,79,2
93,80,2
93,81,2
93,82,2
93,83,2
93,84,2
93,85,2
93,86,2
93,87,2
93,88,2
93,89,2
93,90,2
93,91,2
93,92,2
93,93,2
93,94,2
93,95,2
93,96,2
93,97,2
93,98,2
93,99,2
93,100,2
93,101,2
93,102,2
93,103,2
93,104,2
93,105,2
93,106,2
93,107,2
93,108,2
93,109,2
94,110,2
94,111,2
94,112,2
94,113,2
94,114,2
94,115,2
94,116,2
94,117,2
94,118,2
94,119,2
94,120,2
94,121,2
94,122,2
94,123,2
94,124,2
94,125,2
94,126,2
94,127,2
94,128,2
94,129,2
94,130,2
94,131,2
94,132,2
94,133,2
94,134,2
94,135,2
94,136,2
94,137,2
94,138,2
94,139,2
94,140,2
94,141,2
94,142,2
94,143,2
95,144,2
95,145,2
95,146,2
95,147,2
95,148,2
95,149,2
95,150,2
95,151,2
95,152,2
95,153,2
95,154,2
95,155,2
95,156,2
95,157,2
95,158,2
95,159,2
95,160,2
95,161,2
95,162,2
95,163,2
95,164,2
95,165,2
95,166,2
95,167,2
95,168,2
95,169,2
95,170,2
95,171,2
95,172,2
95,173,2
95,174,2
95,175,2
95,176,2
95,177,2
95,178,2
95,179,2
95,180,2
95,181,2
96,182,2
96,183,2
96,184,2
96,185,2
96,186,2
96,187,2
96,188,2
96,189,2
96,190,2
96,191,2
96,192,2
96,193,2
96,194,2
96,195,2
96,196,2
96,197,2
96,198,2
96,199,2
96,200,2
96,201,2
96,202,2
96,203,2
96,204,2
96,205,2
96,206,2
96,207,2
96,208,2
96,209,2
96,210,2
96,211,2
96,212,2
96,213,2
96,214,2
96,215,2
96,216,2
96,217,2
96,218,2
96,219,2
96,220,2
96,221,2
96,222,2
96,223,2
97,224,2
97,225,2
97,226,2
97,227,2
97,228,2
97,229,2
97,230,2
97,231,2
97,232,2
97,233,2
97,234,2
97,235,2
97,236,2
97,237,2
97,238,2
97,239,2
97,0,3
97,1,3
97,2,3
97,3,3
97,4,3
97,5,3
97,6,3
97,7,3
97,8,3
97,9,3
97,10,3
97,11,3
97,12,3
97,13,3
97,14,3
97,15,3
97,16,3
97,17,3
97,18,3
97,19,3
97,20,3
97,21,3
97,22,3
97,23,3
97,24,3
97,25,3
97,26,3
98,27,3
98,28,3
98,29,3
98,30,3
98,31,3
98,32,3
98,33,3
98,34,3
98,35,3
98,36,3
98,37,3
98,38,3
98,39,3
98,40,3
98,41,3
98,42,3
98,43,3
98,44,3
98,45,3
98,46,3
98,47,3
98,48,3
98,49,3
98,50,3
98,51,3
98,52,3
98,53,3
98,54,3
98,55,3
98,56,3
98,57,3
98,58,3
98,59,3
98,60,3
98,61,3
98,62,3
98,63,3
98,64,3
98,65,3
98,66,3
98,67,3
99,68,3
99,69,3
99,70,3
99,71,3
99,72,3
99,73,3
99,74,3
99,75,3
99,76,3
99,77,3
99,78,3
99,79,3
99,80,3
99,81,3
99,82,3
99,83,3
99,84,3
99,85,3
99,86,3
99,87,3
99,88,3
99,89,3
99,90,3
99,91,3
99,92,3
99,93,3
99,94,3
99,95,3
99,96,3
99,97,3
99,98,3
99,99,3
100,100,3
100,101,3
100,102,3
100,103,3
100,104,3
100,105,3
100,106,3
100,107,3
100,108,3
100,109,3
100,110,3
100,111,3
100,112,3
100,113,3
100,114,3
100,115,3
100,116,3
100,117,3
100,118,3
100,119,3
100,120,3
100,121,3
100,122,3
100,123,3
100,124,3
100,125,3
100,126,3
100,127,3
100,128,3
100,129,3
100,130,3
100,131,3
100,132,3
100,133,3
101,134,3
101,135,3
101,136,3
101,137,3
101,138,3
101,139,3
101,140,3
101,141,3
101,142,3
101,143,3
101,144,3
101,145,3
101,146,3
101,147,3
101,148,3
101,149,3
101,150,3
101,151,3
101,152,3
101,153,3
101,154,3
101,155,3
101,156,3
101,157,3
101,158,3
101,159,3
101,160,3
101,161,3
101,162,3
101,163,3
101,164,3
101,165,3
101,166,3
101,167,3
101,168,3
101,169,3
101,170,3
102,171,3
102,172,3
102,173,3
102,174,3
102,175,3
102,176,3
102,177,3
102,178,3
102,179,3
102,180,3
102,181,3
102,182,3
102,183,3
102,184,3
102,185,3
102,186,3
102,187,3
102,188,3
102,189,3
102,190,3
102,191,3
102,192,3
102,193,3
102,194,3
102,195,3
102,196,3
102,197,3
102,198,3
102,199,3
102,200,3
102,201,3
102,202,3
102,203,3
102,204,3
102,205,3
102,206,3
102,207,3
102,208,3
102,209,3
102,210,3
102,211,3
102,212,3
102,213,3
103,214,3
103,215,3
103,216,3
103,217,3
103,218,3
103,219,3
103,220,3
103,221,3
103,222,3
103,223,3
103,224,3
103,225,3
103,226,3
103,227,3
103,228,3
103,229,3
103,230,3
103,231,3
103,232,3
103,233,3
103,234,3
103,235,3
103,236,3
103,237,3
103,238,3
103,239,3
103,0,4
103,1,4
103,2,4
103,3,4
103,4,4
103,5,4
103,6,4
103,7,4
103,8,4
103,9,4
103,10,4
103,11,4
104,12,4
104,13,4
104,14,4
104,15,4
104,16,4
104,17,4
104,18,4
104,19,4
104,20,4
104,21,4
104,22,4
104,23,4
104,24,4
104,25,4
104,26,4
104,27,4
104,28,4
104,29,4
104,30,4
104,31,4
104,32,4
104,33,4
104,34,4
104,35,4
104,36,4
104,37,4
104,38,4
104,39,4
104,40,4
104,41,4
104,42,4
104,43,4
104,44,4
104,45,4
104,46,4
104,47,4
104,48,4
104,49,4
104,50,4
104,51,4
104,52,4
104,53,4
104,54,4
105,55,4
105,56,4
105,57,4
105,58,4
105,59,4
105,60,4
105,61,4
105,62,4
105,63,4
105,64,4
105,65,4
105,66,4
105,67,4
105,68,4
105,69,4
105,70,4
105,71,4
105,72,4
105,73,4
105,74,4
105,75,4
105,76,4
105,77,4
105,78,4
105,79,4
105,80,4
105,81,4
105,82,4
105,83,4
105,84,4
105,85,4
105,86,4
105,87,4
105,88,4
105,89,4
105,90,4
105,91,4
105,92,4
105,93,4
105,94,4
105,95,4
105,96,4
106,97,4
106,98,4
106,99,4
106,100,4
106,101,4
106,102,4
106,103,4
106,104,4
106,105,4
106,106,4
106,107,4
106,108,4
106,109,4
106,110,4
106,111,4
106,112,4
106,113,4
106,114,4
106,115,4
106,116,4
106,117,4
106,118,4
106,119,4
106,120,4
106,121,4
106,122,4
106,123,4
106,124,4
106,125,4
106,126,4
106,127,4
106,128,4
106,129,4
106,130,4
106,131,4
106,132,4
106,133,4
106,134,4
106,135,4
106,136,4
106,137,4
106,138,4
107,139,4
107,140,4
107,141,4
107,142,4
107,143,4
107,144,4
107,145,4
107,146,4
107,147,4
107,148,4
107,149,4
107,150,4
107,151,4
107,152,4
107,153,4
107,154,4
107,155,4
107,156,4
107,157,4
107,158,4
107,159,4
107,160,4
107,161,4
107,162,4
107,163,4
107,164,4
107,165,4
107,166,4
107,167,4
107,168,4
107,169,4
107,170,4
107,171,4
107,172,4
107,173,4
107,174,4
107,175,4
107,176,4
107,177,4
107,178,4
107,179,4
107,180,4
107,181,4
108,182,4
108,183,4
108,184,4
108,185,4
108,186,4
108,187,4
108,188,4
108,189,4
108,190,4
108,191,4
108,192,4
108,193,4
108,194,4
108,195,4
108,196,4
108,197,4
108,198,4
108,199,4
108,200,4
108,201,4
108,202,4
108,203,4
108,204,4
108,205,4
108,206,4
108,207,4
108,208,4
108,209,4
108,210,4
108,211,4
108,212,4
108,213,4
108,214,4
108,215,4
108,216,4
108,217,4
108,218,4
108,219,4
108,220,4
109,221,4
109,222,4
109,223,4
109,224,4
109,225,4
109,226,4
109,227,4
109,228,4
109,229,4
109,230,4
109,231,4
109,232,4
109,233,4
109,234,4
109,235,4
109,236,4
109,237,4
109,238,4
109,239,4
109,0,5
109,1,5
109,2,5
109,3,5
109,4,5
109,5,5
109,6,5
109,7,5
109,8,5
109,9,5
109,10,5
109,11,5
109,12,5
109,13,5
109,14,5
109,15,5
109,16,5
110,17,5
110,18,5
110,19,5
110,20,5
110,21,5
110,22,5
110,23,5
110,24,5
110,25,5
110,26,5
110,27,5
110,28,5
110,29,5
110,30,5
110,31,5
110,32,5
110,33,5
110,34,5
110,35,5
110,36,5
110,37,5
110,38,5
110,39,5
110,40,5
110,41,5
110,42,5
110,43,5
110,44,5
110,45,5
110,46,5
110,47,5
110,48,5
110,49,5
110,50,5
110,51,5
110,52,5
110,53,5
111,54,5
111,55,5
111,56,5
111,57,5
111,58,5
111,59,5
111,60,5
111,61,5
111,62,5
111,63,5
111,64,5
111,65,5
111,66,5
111,67,5
111,68,5
111,69,5
111,70,5
111,71,5
111,72,5
111,73,5
111,74,5
111,75,5
111,76,5
111,77,5
111,78,5
111,79,5
111,80,5
111,81,5
111,82,5
111,83,5
111,84,5
111,85,5
111,86,5
111,87,5
111,88,5
111,89,5
111,90,5
111,91,5
111,92,5
111,93,5
111,94,5
111,95,5
111,96,5
112,97,5
112,98,5
112,99,5
112,100,5
112,101,5
112,102,5
112,103,5
112,104,5
112,105,5
112,106,5
112,107,5
112,108,5
112,109,5
112,110,5
112,111,5
112,112,5
112,113,5
112,114,5
112,115,5
112,116,5
112,117,5
112,118,5
112,119,5
112,120,5
112,121,5
112,122,5
112,123,5
112,124,5
112,125,5
112,126,5
112,127,5
112,128,5
112,129,5
112,130,5
112,131,5
112,132,5
112,133,5
112,134,5
112,135,5
112,136,5
112,137,5
112,138,5
113,139,5
113,140,5
113,141,5
113,142,5
113,143,5
113,144,5
113,145,5
113,146,5
113,147,5
113,148,5
113,149,5
113,150,5
113,151,5
113,152,5
113,153,5
113,154,5
113,155,5
113,156,5
113,157,5
113,158,5
113,159,5
113,160,5
113,161,5
113,162,5
113,163,5
113,164,5
113,165,5
113,166,5
113,167,5
113,168,5
113,169,5
113,170,5
113,171,5
113,172,5
113,173,5
113,174,5
113,175,5
113,176,5
113,177,5
113,178,5
113,179,5
114,180,5
114,181,5
114,182,5
114,183,5
114,184,5
114,185,5
114,186,5
114,187,5
114,188,5
114,189,5
114,190,5
114,191,5
114,192,5
114,193,5
114,194,5
114,195,5
114,196,5
114,197,5
114,198,5
114,199,5
114,200,5
114,201,5
114,202,5
114,203,5
114,204,5
114,205,5
114,206,5
114,207,5
114,208,5
114,209,5
114,210,5
114,211,5
114,212,5
114,213,5
114,214,5
114,215,5
114,216,5
114,217,5
114,218,5
114,219,5
114,220,5
114,221,5
114,222,5
115,223,5
115,224,5
115,225,5
115,226,5
115,227,5
115,228,5
115,229,5
115,230,5
115,231,5
115,232,5
115,233,5
115,234,5
115,235,5
115,236,5
115,237,5
115,238,5
115,239,5
115,0,6
115,1,6
115,2,6
115,3,6
115,4,6
115,5,6
115,6,6
115,7,6
115,8,6
115,9,6
115,10,6
115,11,6
115,12,6
115,13,6
115,14,6
115,15,6
115,16,6
115,17,6
115,18,6
115,19,6
115,20,6
115,21,6
115,22,6
115,23,6
116,24,6
116,25,6
116,26,6
116,27,6
116,28,6
116,29,6
116,30,6
116,31,6
116,32,6
116,33,6
116,34,6
116,35,6
116,36,6
116,37,6
116,38,6
116,39,6
116,40,6
116,41,6
116,42,6
116,43,6
116,44,6
116,45,6
116,46,6
116,47,6
116,48,6
116,49,6
116,50,6
116,51,6
116,52,6
116,53,6
116,54,6
116,55,6
116,56,6
116,57,6
116,58,6
116,59,6
116,60,6
116,61,6
116,62,6
116,63,6
116,64,6
116,65,6
117,66,6
117,67,6
117,68,6
117,69,6
117,70,6
117,71,6
117,72,6
117,73,6
117,74,6
117,75,6
117,76,6
117,77,6
117,78,6
117,79,6
117,80,6
117,81,6
117,82,6
117,83,6
117,84,6
117,85,6
117,86,6
117,87,6
117,88,6
117,89,6
117,90,6
117,91,6
117,92,6
117,93,6
117,94,6
117,95,6
117,96,6
117,97,6
117,98,6
117,99,6
117,100,6
117,101,6
117,102,6
118,103,6
118,104,6
118,105,6
118,106,6
118,107,6
118,108,6
118,109,6
118,110,6
118,111,6
118,112,6
118,113,6
118,114,6
118,115,6
118,116,6
118,117,6
118,118,6
118,119,6
118,120,6
118,121,6
118,122,6
118,123,6
118,124,6
118,125,6
118,126,6
118,127,6
118,128,6
118,129,6
118,130,6
118,131,6
118,132,6
118,133,6
118,134,6
118,135,6
118,136,6
118,137,6
118,138,6
118,139,6
118,140,6
118,141,6
119,142,6
119,143,6
119,144,6
119,145,6
119,146,6
119,147,6
119,148,6
119,149,6
119,150,6
119,151,6
119,152,6
119,153,6
119,154,6
119,155,6
119,156,6
119,157,6
119,158,6
119,159,6
119,160,6
119,161,6
119,162,6
119,163,6
119,164,6
119,165,6
119,166,6
119,167,6
119,168,6
119,169,6
119,170,6
119,171,6
119,172,6
119,173,6
119,174,6
119,175,6
119,176,6
119,177,6
119,178,6
119,179,6
120,180,6
120,181,6
120,182,6
120,183,6
120,184,6
120,185,6
120,186,6
120,187,6
120,188,6
120,189,6
120,190,6
120,191,6
120,192,6
120,193,6
120,194,6
120,195,6
120,196,6
120,197,6
120,198,6
120,199,6
120,200,6
120,201,6
120,202,6
120,203,6
120,204,6
120,205,6
120,206,6
120,207,6
120,208,6
120,209,6
120,210,6
120,211,6
120,212,6
120,213,6
120,214,6
121,215,6
121,216,6
121,217,6
121,218,6
121,219,6
121,220,6
121,221,6
121,222,6
121,223,6
121,224,6
121,225,6
121,226,6
121,227,6
121,228,6
121,229,6
121,230,6
121,231,6
121,232,6
121,233,6
121,234,6
121,235,6
121,236,6
121,237,6
121,238,6
121,239,6
121,0,7
121,1,7
121,2,7
121,3,7
121,4,7
121,5,7
121,6,7
121,7,7
121,8,7
121,9,7
121,10,7
121,11,7
121,12,7
121,13,7
121,14,7
122,15,7
122,16,7
122,17,7
122,18,7
122,19,7
122,20,7
122,21,7
122,22,7
122,23,7
122,24,7
122,25,7
122,26,7
122,27,7
122,28,7
122,29,7
122,30,7
122,31,7
122,32,7
122,33,7
122,34,7
122,35,7
122,36,7
122,37,7
122,38,7
122,39,7
122,40,7
122,41,7
122,42,7
122,43,7
122,44,7
122,45,7
122,46,7
122,47,7
122,48,7
122,49,7
122,50,7
122,51,7
122,52,7
122,53,7
123,54,7
123,55,7
123,56,7
123,57,7
123,58,7
123,59,7
123,60,7
123,61,7
123,62,7
123,63,7
123,64,7
123,65,7
123,66,7
123,67,7
123,68,7
123,69,7
123,70,7
123,71,7
123,72,7
123,73,7
123,74,7
123,75,7
123,76,7
123,77,7
123,78,7
123,79,7
123,80,7
123,81,7
123,82,7
123,83,7
123,84,7
123,85,7
123,86,7
123,87,7
123,88,7
123,89,7
123,90,7
123,91,7
123,92,7
124,93,7
124,94,7
124,95,7
124,96,7
124,97,7
124,98,7
124,99,7
124,100,7
124,101,7
124,102,7
124,103,7
124,104,7
124,105,7
124,106,7
124,107,7
124,108,7
124,109,7
124,110,7
124,111,7
124,112,7
124,113,7
124,114,7
124,115,7
124,116,7
124,117,7
124,118,7
124,119,7
124,120,7
124,121,7
124,122,7
124,123,7
124,124,7
124,125,7
124,126,7
124,127,7
124,128,7
124,129,7
124,130,7
125,131,7
125,132,7
125,133,7
125,134,7
125,135,7
125,136,7
125,137,7
125,138,7
125,139,7
125,140,7
125,141,7
125,142,7
125,143,7
125,144,7
125,145,7
125,146,7
125,147,7
125,148,7
125,149,7
125,150,7
125,151,7
125,152,7
125,153,7
125,154,7
125,155,7
127,156,7
127,157,7
127,158,7
127,159,7
127,160,7
127,161,7
127,162,7
127,163,7
127,164,7
127,165,7
127,166,7
127,167,7
127,168,7
127,169,7
127,170,7
127,171,7
127,172,7
127,173,7
127,174,7
128,175,7
128,176,7
128,177,7
128,178,7
128,179,7
128,180,7
128,181,7
128,182,7
128,183,7
128,184,7
128,185,7
128,186,7
128,187,7
128,188,7
128,189,7
128,190,7
128,191,7
128,192,7
128,193,7
128,194,7
128,195,7
128,196,7
128,197,7
128,198,7
128,199,7
128,200,7
128,201,7
128,202,7
128,203,7
128,204,7
128,205,7
128,206,7
128,207,7
128,208,7
128,209,7
128,210,7
128,211,7
128,212,7
129,213,7
129,214,7
129,215,7
129,216,7
129,217,7
129,218,7
129,219,7
129,220,7
129,221,7
129,222,7
129,223,7
129,224,7
129,225,7
129,226,7
129,227,7
129,228,7
129,229,7
129,230,7
129,231,7
129,232,7
129,233,7
129,234,7
129,235,7
129,236,7
129,237,7
129,238,7
129,239,7
129,0,8
129,1,8
129,2,8
129,3,8
129,4,8
129,5,8
129,6,8
129,7,8
129,8,8
130,9,8
130,10,8
130,11,8
130,12,8
130,13,8
130,14,8
130,15,8
130,16,8
130,17,8
130,18,8
130,19,8
130,20,8
130,21,8
130,22,8
130,23,8
130,24,8
130,25,8
130,26,8
130,27,8
130,28,8
130,29,8
130,30,8
130,31,8
130,32,8
130,33,8
130,34,8
130,35,8
130,36,8
130,37,8
130,38,8
130,39,8
130,40,8
130,41,8
130,42,8
130,43,8
130,44,8
130,45,8
130,46,8
130,47,8
130,48,8
131,49,8
131,50,8
131,51,8
131,52,8
131,53,8
131,54,8
131,55,8
131,56,8
131,57,8
131,58,8
131,59,8
131,60,8
131,61,8
131,62,8
131,63,8
131,64,8
131,65,8
131,66,8
131,67,8
131,68,8
131,69,8
131,70,8
131,71,8
131,72,8
131,73,8
131,74,8
131,75,8
131,76,8
131,77,8
131,78,8
131,79,8
131,80,8
131,81,8
131,82,8
131,83,8
131,84,8
131,85,8
131,86,8
131,87,8
131,88,8
132,89,8
132,90,8
132,91,8
132,92,8
132,93,8
132,94,8
132,95,8
132,96,8
132,97,8
132,98,8
132,99,8
132,100,8
132,101,8
132,102,8
132,103,8
132,104,8
132,105,8
132,106,8
132,107,8
132,108,8
132,109,8
132,110,8
132,111,8
132,112,8
132,113,8
132,114,8
132,115,8
132,116,8
132,117,8
132,118,8
132,119,8
132,120,8
132,121,8
132,122,8
132,123,8
132,124,8
132,125,8
132,126,8
133,127,8
133,128,8
133,129,8
133,130,8
133,131,8
133,132,8
133,133,8
133,134,8
133,135,8
133,136,8
133,137,8
133,138,8
133,139,8
133,140,8
133,141,8
133,142,8
133,143,8
133,144,8
133,145,8
133,146,8
133,147,8
133,148,8
133,149,8
133,150,8
133,151,8
133,152,8
133,153,8
133,154,8
133,155,8
133,156,8
133,157,8
133,158,8
133,159,8
134,160,8
134,161,8
134,162,8
134,163,8
134,164,8
134,165,8
134,166,8
134,167,8
134,168,8
134,169,8
134,170,8
134,171,8
134,172,8
134,173,8
134,174,8
134,175,8
134,176,8
134,177,8
134,178,8
134,179,8
134,180,8
134,181,8
134,182,8
134,183,8
134,184,8
134,185,8
134,186,8
134,187,8
134,188,8
134,189,8
134,190,8
134,191,8
134,192,8
134,193,8
134,194,8
134,195,8
134,196,8
135,197,8
135,198,8
135,199,8
135,200,8
135,201,8
135,202,8
135,203,8
135,204,8
135,205,8
135,206,8
135,207,8
135,208,8
135,209,8
135,210,8
135,211,8
135,212,8
135,213,8
135,214,8
135,215,8
135,216,8
135,217,8
135,218,8
135,219,8
135,220,8
135,221,8
135,222,8
135,223,8
135,224,8
135,225,8
135,226,8
135,227,8
136,228,8
136,229,8
136,230,8
136,231,8
136,232,8
136,233,8
136,234,8
136,235,8
136,236,8
136,237,8
136,238,8
136,239,8
136,0,9
136,1,9
136,2,9
136,3,9
136,4,9
136,5,9
136,6,9
136,7,9
136,8,9
136,9,9
136,10,9
136,11,9
136,12,9
136,13,9
136,14,9
136,15,9
136,16,9
136,17,9
136,18,9
136,19,9
136,20,9
136,21,9
137,22,9
137,23,9
137,24,9
137,25,9
137,26,9
137,27,9
137,28,9
137,29,9
137,30,9
137,31,9
137,32,9
137,33,9
137,34,9
137,35,9
137,36,9
137,37,9
137,38,9
137,39,9
137,40,9
137,41,9
137,42,9
137,43,9
137,44,9
137,45,9
137,46,9
137,47,9
137,48,9
137,49,9
137,50,9
137,51,9
137,52,9
137,53,9
137,54,9
137,55,9
137,56,9
137,57,9
137,58,9
138,59,9
138,60,9
138,61,9
138,62,9
138,63,9
138,64,9
138,65,9
138,66,9
138,67,9
138,68,9
138,69,9
138,70,9
138,71,9
138,72,9
138,73,9
138,74,9
138,75,9
138,76,9
138,77,9
138,78,9
138,79,9
138,80,9
138,81,9
138,82,9
138,83,9
138,84,9
138,85,9
138,86,9
138,87,9
138,88,9
138,89,9
138,90,9
138,91,9
138,92,9
138,93,9
139,94,9
139,95,9
139,96,9
139,97,9
139,98,9
139,99,9
139,100,9
139,101,9
139,102,9
139,103,9
139,104,9
139,105,9
139,106,9
139,107,9
139,108,9
139,109,9
139,110,9
139,111,9
139,112,9
139,113,9
139,114,9
139,115,9
139,116,9
139,117,9
139,118,9
139,119,9
139,120,9
139,121,9
139,122,9
139,123,9
139,124,9
139,125,9
139,126,9
139,127,9
139,128,9
140,129,9
140,130,9
140,131,9
140,132,9
140,133,9
140,134,9
140,135,9
140,136,9
140,137,9
140,138,9
140,139,9
140,140,9
140,141,9
140,142,9
140,143,9
140,144,9
140,145,9
140,146,9
140,147,9
140,148,9
140,149,9
140,150,9
140,151,9
140,152,9
140,153,9
140,154,9
140,155,9
140,156,9
140,157,9
140,158,9
140,159,9
140,160,9
140,161,9
140,162,9
140,163,9
141,164,9
141,165,9
141,166,9
141,167,9
141,168,9
141,169,9
141,170,9
141,171,9
141,172,9
141,173,9
141,174,9
141,175,9
141,176,9
141,177,9
141,178,9
141,179,9
141,180,9
141,181,9
141,182,9
141,183,9
141,184,9
141,185,9
141,186,9
141,187,9
141,188,9
141,189,9
141,190,9
141,191,9
141,192,9
141,193,9
141,194,9
141,195,9
141,196,9
141,197,9
141,198,9
141,199,9
141,200,9
142,201,9
142,202,9
142,203,9
142,204,9
142,205,9
142,206,9
142,207,9
142,208,9
142,209,9
142,210,9
142,211,9
142,212,9
142,213,9
142,214,9
142,215,9
142,216,9
142,217,9
142,218,9
142,219,9
142,220,9
142,221,9
142,222,9
142,223,9
142,224,9
142,225,9
142,226,9
142,227,9
142,228,9
142,229,9
142,230,9
142,231,9
142,232,9
142,233,9
142,234,9
142,235,9
143,236,9
143,237,9
143,238,9
143,239,9
143,0,10
143,1,10
143,2,10
143,3,10
143,4,10
143,5,10
143,6,10
143,7,10
143,8,10
143,9,10
143,10,10
143,11,10
143,12,10
143,13,10
143,14,10
143,15,10
143,16,10
143,17,10
143,18,10
143,19,10
143,20,10
143,21,10
143,22,10
143,23,10
143,24,10
143,25,10
143,26,10
143,27,10
143,28,10
143,29,10
143,30,10
144,31,10
144,32,10
144,33,10
144,34,10
144,35,10
144,36,10
144,37,10
144,38,10
144,39,10
144,40,10
144,41,10
144,42,10
144,43,10
144,44,10
144,45,10
144,46,10
144,47,10
144,48,10
144,49,10
144,50,10
144,51,10
144,52,10
144,53,10
144,54,10
144,55,10
144,56,10
144,57,10
144,58,10
144,59,10
145,60,10
145,61,10
145,62,10
145,63,10
145,64,10
145,65,10
145,66,10
145,67,10
145,68,10
145,69,10
145,70,10
145,71,10
145,72,10
145,73,10
145,74,10
145,75,10
145,76,10
145,77,10
145,78,10
145,79,10
145,80,10
145,81,10
145,82,10
145,83,10
145,84,10
145,85,10
145,86,10
145,87,10
145,88,10
145,89,10
145,90,10
145,91,10
145,92,10
145,93,10
145,94,10
145,95,10
145,96,10
145,97,10
145,98,10
146,99,10
146,100,10
146,101,10
146,102,10
146,103,10
146,104,10
146,105,10
146,106,10
146,107,10
146,108,10
146,109,10
146,110,10
146,111,10
146,112,10
146,113,10
146,114,10
146,115,10
146,116,10
146,117,10
146,118,10
146,119,10
146,120,10
146,121,10
146,122,10
146,123,10
146,124,10
146,125,10
146,126,10
146,127,10
146,128,10
146,129,10
146,130,10
146,131,10
146,132,10
146,133,10
146,134,10
146,135,10
147,136,10
147,137,10
147,138,10
147,139,10
147,140,10
147,141,10
147,142,10
147,143,10
147,144,10
147,145,10
147,146,10
147,147,10
147,148,10
147,149,10
147,150,10
147,151,10
147,152,10
147,153,10
147,154,10
147,155,10
147,156,10
147,157,10
147,158,10
147,159,10
147,160,10
147,161,10
147,162,10
147,163,10
147,164,10
147,165,10
147,166,10
148,167,10
148,168,10
148,169,10
148,170,10
148,171,10
148,172,10
148,173,10
148,174,10
148,175,10
148,176,10
148,177,10
148,178,10
148,179,10
148,180,10
148,181,10
148,182,10
148,183,10
148,184,10
148,185,10
148,186,10
148,187,10
148,188,10
148,189,10
148,190,10
148,191,10
148,192,10
148,193,10
148,194,10
148,195,10
148,196,10
148,197,10
148,198,10
148,199,10
148,200,10
148,201,10
148,202,10
148,203,10
149,204,10
149,205,10
149,206,10
149,207,10
149,208,10
149,209,10
149,210,10
149,211,10
149,212,10
149,213,10
149,214,10
149,215,10
149,216,10
149,217,10
149,218,10
149,219,10
149,220,10
149,221,10
149,222,10
149,223,10
149,224,10
149,225,10
149,226,10
149,227,10
150,228,10
150,229,10
150,230,10
150,231,10
150,232,10
150,233,10
150,234,10
150,235,10
150,236,10
150,237,10
150,238,10
150,239,10
150,0,11
150,1,11
150,2,11
150,3,11
150,4,11
150,5,11
150,6,11
150,7,11
150,8,11
150,9,11
150,10,11
150,11,11
150,12,11
150,13,11
150,14,11
150,15,11
150,16,11
150,17,11
150,18,11
150,19,11
150,20,11
150,21,11
150,22,11
150,23,11
150,24,11
151,25,11
151,26,11
151,27,11
151,28,11
151,29,11
151,30,11
151,31,11
151,32,11
151,33,11
151,34,11
151,35,11
151,36,11
151,37,11
151,38,11
151,39,11
151,40,11
151,41,11
151,42,11
151,43,11
151,44,11
151,45,11
151,46,11
151,47,11
151,48,11
151,49,11
151,50,11
151,51,11
151,52,11
151,53,11
151,54,11
151,55,11
151,56,11
151,57,11
151,58,11
151,59,11
151,60,11
151,61,11
151,62,11
152,63,11
152,64,11
152,65,11
152,66,11
152,67,11
152,68,11
152,69,11
152,70,11
152,71,11
152,72,11
152,73,11
152,74,11
152,75,11
152,76,11
152,77,11
152,78,11
152,79,11
152,80,11
152,81,11
152,82,11
152,83,11
152,84,11
152,85,11
152,86,11
152,87,11
152,88,11
152,89,11
152,90,11
152,91,11
152,92,11
152,93,11
152,94,11
152,95,11
152,96,11
152,97,11
153,98,11
153,99,11
153,100,11
153,101,11
153,102,11
153,103,11
153,104,11
153,105,11
153,106,11
153,107,11
153,108,11
153,109,11
153,110,11
153,111,11
153,112,11
153,113,11
153,114,11
153,115,11
153,116,11
153,117,11
153,118,11
153,119,11
153,120,11
153,121,11
153,122,11
153,123,11
153,124,11
153,125,11
153,126,11
153,127,11
153,128,11
153,129,11
153,130,11
153,131,11
153,132,11
153,133,11
153,134,11
154,135,11
154,136,11
154,137,11
154,138,11
154,139,11
154,140,11
154,141,11
154,142,11
154,143,11
154,144,11
154,145,11
154,146,11
154,147,11
154,148,11
154,149,11
154,150,11
154,151,11
154,152,11
154,153,11
154,154,11
154,155,11
154,156,11
154,157,11
154,158,11
154,159,11
154,160,11
154,161,11
154,162,11
154,163,11
154,164,11
154,165,11
154,166,11
154,167,11
154,168,11
154,169,11
154,170,11
154,171,11
155,172,11
155,173,11
155,174,11
155,175,11
155,176,11
155,177,11
155,178,11
155,179,11
155,180,11
155,181,11
155,182,11
155,183,11
155,184,11
155,185,11
155,186,11
155,187,11
155,188,11
155,189,11
155,190,11
155,191,11
155,192,11
155,193,11
155,194,11
155,195,11
155,196,11
155,197,11
155,198,11
155,199,11
155,200,11
155,201,11
155,202,11
155,203,11
155,204,11
155,205,11
155,206,11
156,207,11
156,208,11
156,209,11
156,210,11
156,211,11
156,212,11
156,213,11
156,214,11
156,215,11
156,216,11
156,217,11
156,218,11
156,219,11
156,220,11
156,221,11
156,222,11
156,223,11
156,224,11
156,225,11
156,226,11
156,227,11
156,228,11
156,229,11
156,230,11
156,231,11
156,232,11
156,233,11
156,234,11
156,235,11
156,236,11
156,237,11
156,238,11
156,239,11
156,0,12
156,1,12
156,2,12
156,3,12
157,4,12
157,5,12
157,6,12
157,7,12
157,8,12
157,9,12
157,10,12
157,11,12
157,12,12
157,13,12
157,14,12
157,15,12
157,16,12
157,17,12
157,18,12
157,19,12
157,20,12
157,21,12
157,22,12
157,23,12
157,24,12
157,25,12
157,26,12
157,27,12
157,28,12
157,29,12
157,30,12
157,31,12
157,32,12
158,33,12
158,34,12
158,35,12
158,36,12
158,37,12
158,38,12
158,39,12
158,40,12
158,41,12
158,42,12
158,43,12
158,44,12
158,45,12
158,46,12
158,47,12
158,48,12
158,49,12
158,50,12
158,51,12
158,52,12
158,53,12
158,54,12
158,55,12
158,56,12
158,57,12
158,58,12
158,59,12
158,60,12
158,61,12
159,62,12
159,63,12
159,64,12
159,65,12
159,66,12
159,67,12
159,68,12
159,69,12
159,70,12
159,71,12
159,72,12
159,73,12
159,74,12
159,75,12
159,76,12
159,77,12
159,78,12
159,79,12
159,80,12
159,81,12
159,82,12
159,83,12
159,84,12
159,85,12
159,86,12
159,87,12
159,88,12
159,89,12
159,90,12
159,91,12
159,92,12
159,93,12
159,94,12
159,95,12
159,96,12
159,97,12
159,98,12
159,99,12
159,100,12
160,101,12
160,102,12
160,103,12
160,104,12
160,105,12
160,106,12
160,107,12
160,108,12
160,109,12
160,110,12
160,111,12
160,112,12
160,113,12
160,114,12
160,115,12
160,116,12
160,117,12
160,118,12
160,119,12
160,120,12
160,121,12
160,122,12
160,123,12
160,124,12
160,125,12
160,126,12
160,127,12
160,128,12
160,129,12
160,130,12
160,131,12
160,132,12
160,133,12
160,134,12
160,135,12
160,136,12
160,137,12
160,138,12
160,139,12
161,140,12
161,141,12
161,142,12
161,143,12
161,144,12
161,145,12
161,146,12
161,147,12
161,148,12
161,149,12
161,150,12
161,151,12
161,152,12
161,153,12
161,154,12
161,155,12
161,156,12
161,157,12
161,158,12
161,159,12
161,160,12
161,161,12
161,162,12
161,163,12
161,164,12
161,165,12
161,166,12
161,167,12
161,168,12
161,169,12
161,170,12
161,171,12
161,172,12
161,173,12
161,174,12
161,175,12
162,176,12
162,177,12
162,178,12
162,179,12
162,180,12
162,181,12
162,182,12
162,183,12
162,184,12
162,185,12
162,186,12
162,187,12
162,188,12
162,189,12
162,190,12
162,191,12
162,192,12
162,193,12
162,194,12
162,195,12
162,196,12
162,197,12
162,198,12
162,199,12
162,200,12
162,201,12
162,202,12
162,203,12
162,204,12
162,205,12
162,206,12
162,207,12
162,208,12
162,209,12
163,210,12
163,211,12
163,212,12
163,213,12
163,214,12
163,215,12
163,216,12
163,217,12
163,218,12
163,219,12
163,220,12
163,221,12
163,222,12
163,223,12
163,224,12
163,225,12
163,226,12
163,227,12
163,228,12
163,229,12
163,230,12
163,231,12
163,232,12
163,233,12
163,234,12
163,235,12
163,236,12
163,237,12
163,238,12
163,239,12
163,0,13
163,1,13
163,2,13
163,3,13
163,4,13
163,5,13
163,6,13
163,7,13
163,8,13
163,9,13
164,10,13
164,11,13
164,12,13
164,13,13
164,14,13
164,15,13
164,16,13
164,17,13
164,18,13
164,19,13
164,20,13
164,21,13
164,22,13
164,23,13
164,24,13
164,25,13
164,26,13
164,27,13
164,28,13
164,29,13
164,30,13
164,31,13
164,32,13
164,33,13
164,34,13
164,35,13
164,36,13
164,37,13
164,38,13
164,39,13
164,40,13
164,41,13
164,42,13
164,43,13
164,44,13
164,45,13
164,46,13
164,47,13
164,48,13
165,49,13
165,50,13
165,51,13
165,52,13
165,53,13
165,54,13
165,55,13
165,56,13
165,57,13
165,58,13
165,59,13
165,60,13
165,61,13
165,62,13
165,63,13
165,64,13
165,65,13
165,66,13
165,67,13
165,68,13
165,69,13
165,70,13
165,71,13
165,72,13
165,73,13
165,74,13
165,75,13
165,76,13
165,77,13
165,78,13
165,79,13
165,80,13
165,81,13
165,82,13
165,83,13
165,84,13
165,85,13
165,86,13
165,87,13
165,88,13
166,89,13
166,90,13
166,91,13
166,92,13
166,93,13
166,94,13
166,95,13
166,96,13
166,97,13
166,98,13
166,99,13
166,100,13
166,101,13
166,102,13
166,103,13
166,104,13
166,105,13
166,106,13
166,107,13
166,108,13
166,109,13
166,110,13
166,111,13
166,112,13
166,113,13
166,114,13
166,115,13
166,116,13
166,117,13
166,118,13
166,119,13
166,120,13
166,121,13
166,122,13
166,123,13
167,124,13
167,125,13
167,126,13
167,127,13
167,128,13
167,129,13
167,130,13
167,131,13
167,132,13
167,133,13
167,134,13
167,135,13
167,136,13
167,137,13
167,138,13
167,139,13
167,140,13
167,141,13
167,142,13
167,143,13
167,144,13
167,145,13
167,146,13
167,147,13
167,148,13
167,149,13
167,150,13
167,151,13
167,152,13
167,153,13
167,154,13
167,155,13
167,156,13
167,157,13
167,158,13
167,159,13
167,160,13
167,161,13
167,162,13
167,163,13
168,164,13
168,165,13
168,166,13
168,167,13
168,168,13
168,169,13
168,170,13
168,171,13
168,172,13
168,173,13
168,174,13
168,175,13
168,176,13
168,177,13
168,178,13
168,179,13
168,180,13
168,181,13
168,182,13
168,183,13
168,184,13
168,185,13
168,186,13
168,187,13
168,188,13
168,189,13
168,190,13
168,191,13
168,192,13
168,193,13
168,194,13
168,195,13
168,196,13
168,197,13
168,198,13
168,199,13
168,200,13
168,201,13
168,202,13
168,203,13
169,204,13
169,205,13
169,206,13
169,207,13
169,208,13
169,209,13
169,210,13
169,211,13
169,212,13
169,213,13
169,214,13
169,215,13
169,216,13
169,217,13
169,218,13
169,219,13
169,220,13
169,221,13
169,222,13
169,223,13
169,224,13
169,225,13
169,226,13
169,227,13
169,228,13
169,229,13
169,230,13
169,231,13
169,232,13
169,233,13
169,234,13
169,235,13
169,236,13
169,237,13
169,238,13
169,239,13
169,0,14
169,1,14
169,2,14
169,3,14
169,4,14
170,5,14
170,6,14
170,7,14
170,8,14
170,9,14
170,10,14
170,11,14
170,12,14
170,13,14
170,14,14
170,15,14
170,16,14
170,17,14
170,18,14
170,19,14
170,20,14
170,21,14
170,22,14
170,23,14
170,24,14
170,25,14
170,26,14
170,27,14
170,28,14
170,29,14
170,30,14
170,31,14
170,32,14
170,33,14
170,34,14
170,35,14
170,36,14
170,37,14
170,38,14
170,39,14
170,40,14
170,41,14
170,42,14
170,43,14
170,44,14
170,45,14
170,46,14
170,47,14
171,48,14
171,49,14
171,50,14
171,51,14
171,52,14
171,53,14
171,54,14
171,55,14
171,56,14
171,57,14
171,58,14
171,59,14
171,60,14
171,61,14
171,62,14
171,63,14
171,64,14
171,65,14
171,66,14
171,67,14
171,68,14
171,69,14
171,70,14
171,71,14
171,72,14
171,73,14
171,74,14
171,75,14
171,76,14
171,77,14
171,78,14
171,79,14
171,80,14
171,81,14
171,82,14
171,83,14
171,84,14
171,85,14
172,86,14
172,87,14
172,88,14
172,89,14
172,90,14
172,91,14
172,92,14
172,93,14
172,94,14
172,95,14
172,96,14
172,97,14
172,98,14
172,99,14
172,100,14
172,101,14
172,102,14
172,103,14
172,104,14
172,105,14
172,106,14
172,107,14
172,108,14
172,109,14
172,110,14
172,111,14
172,112,14
172,113,14
172,114,14
172,115,14
172,116,14
172,117,14
172,118,14
172,119,14
172,120,14
172,121,14
172,122,14
172,123,14
172,124,14
172,125,14
172,126,14
172,127,14
173,128,14
173,129,14
173,130,14
173,131,14
173,132,14
173,133,14
173,134,14
173,135,14
173,136,14
173,137,14
173,138,14
173,139,14
173,140,14
173,141,14
173,142,14
173,143,14
173,144,14
173,145,14
173,146,14
173,147,14
173,148,14
173,149,14
173,150,14
173,151,14
173,152,14
173,153,14
173,154,14
173,155,14
173,156,14
173,157,14
173,158,14
173,159,14
173,160,14
173,161,14
174,162,14
174,163,14
174,164,14
174,165,14
174,166,14
174,167,14
174,168,14
174,169,14
174,170,14
174,171,14
174,172,14
174,173,14
174,174,14
174,175,14
174,176,14
174,177,14
174,178,14
174,179,14
174,180,14
174,181,14
174,182,14
174,183,14
174,184,14
174,185,14
174,186,14
174,187,14
174,188,14
174,189,14
174,190,14
174,191,14
174,192,14
174,193,14
174,194,14
174,195,14
174,196,14
174,197,14
174,198,14
174,199,14
174,200,14
174,201,14
174,202,14
174,203,14
175,204,14
175,205,14
175,206,14
175,207,14
175,208,14
175,209,14
175,210,14
175,211,14
175,212,14
175,213,14
175,214,14
175,215,14
175,216,14
175,217,14
175,218,14
175,219,14
175,220,14
175,221,14
175,222,14
175,223,14
175,224,14
175,225,14
175,226,14
175,227,14
175,228,14
175,229,14
175,230,14
175,231,14
175,232,14
175,233,14
175,234,14
175,235,14
175,236,14
175,237,14
175,238,14
175,239,14
175,0,15
175,1,15
176,2,15
176,3,15
176,4,15
176,5,15
176,6,15
176,7,15
176,8,15
176,9,15
176,10,15
176,11,15
176,12,15
176,13,15
176,14,15
176,15,15
176,16,15
176,17,15
176,18,15
176,19,15
176,20,15
176,21,15
176,22,15
176,23,15
176,24,15
176,25,15
176,26,15
176,27,15
176,28,15
176,29,15
176,30,15
176,31,15
176,32,15
176,33,15
176,34,15
176,35,15
176,36,15
176,37,15
176,38,15
176,39,15
176,40,15
176,41,15
176,42,15
176,43,15
176,44,15
177,45,15
177,46,15
177,47,15
177,48,15
177,49,15
177,50,15
177,51,15
177,52,15
177,53,15
177,54,15
177,55,15
177,56,15
177,57,15
177,58,15
177,59,15
177,60,15
177,61,15
177,62,15
177,63,15
177,64,15
177,65,15
177,66,15
177,67,15
177,68,15
177,69,15
177,70,15
177,71,15
177,72,15
177,73,15
177,74,15
177,75,15
177,76,15
177,77,15
177,78,15
177,79,15
177,80,15
177,81,15
177,82,15
177,83,15
177,84,15
177,85,15
177,86,15
177,87,15
178,88,15
178,89,15
178,90,15
178,91,15
178,92,15
178,93,15
178,94,15
178,95,15
178,96,15
178,97,15
178,98,15
178,99,15
178,100,15
178,101,15
178,102,15
178,103,15
178,104,15
178,105,15
178,106,15
178,107,15
178,108,15
178,109,15
178,110,15
178,111,15
178,112,15
178,113,15
178,114,15
178,115,15
178,116,15
178,117,15
178,118,15
178,119,15
178,120,15
178,121,15
178,122,15
178,123,15
178,124,15
178,125,15
178,126,15
178,127,15
179,128,15
179,129,15
179,130,15
179,131,15
179,132,15
179,133,15
179,134,15
179,135,15
179,136,15
179,137,15
179,138,15
179,139,15
179,140,15
179,141,15
179,142,15
179,143,15
179,144,15
179,145,15
179,146,15
179,147,15
179,148,15
179,149,15
179,150,15
179,151,15
179,152,15
179,153,15
179,154,15
179,155,15
179,156,15
179,157,15
179,158,15
179,159,15
179,160,15
179,161,15
179,162,15
179,163,15
179,164,15
179,165,15
180,166,15
180,167,15
180,168,15
180,169,15
180,170,15
180,171,15
180,172,15
180,173,15
180,174,15
180,175,15
180,176,15
180,177,15
180,178,15
180,179,15
180,180,15
180,181,15
180,182,15
180,183,15
180,184,15
180,185,15
180,186,15
180,187,15
180,188,15
180,189,15
180,190,15
180,191,15
180,192,15
180,193,15
180,194,15
180,195,15
180,196,15
180,197,15
180,198,15
180,199,15
180,200,15
180,201,15
180,202,15
180,203,15
181,204,15
181,205,15
181,206,15
181,207,15
181,208,15
181,209,15
181,210,15
181,211,15
181,212,15
181,213,15
181,214,15
181,215,15
181,216,15
181,217,15
181,218,15
181,219,15
181,220,15
181,221,15
181,222,15
181,223,15
181,224,15
181,225,15
181,226,15
181,227,15
181,228,15
181,229,15
181,230,15
181,231,15
181,232,15
181,233,15
181,234,15
181,235,15
181,236,15
181,237,15
181,238,15
181,239,15
181,0,16
181,1,16
181,2,16
181,3,16
181,4,16
182,5,16
182,6,16
182,7,16
182,8,16
182,9,16
182,10,16
182,11,16
182,12,16
182,13,16
182,14,16
182,15,16
182,16,16
182,17,16
182,18,16
182,19,16
182,20,16
182,21,16
182,22,16
182,23,16
182,24,16
182,25,16
182,26,16
182,27,16
182,28,16
182,29,16
182,30,16
182,31,16
182,32,16
182,33,16
182,34,16
182,35,16
182,36,16
182,37,16
182,38,16
182,39,16
182,40,16
182,41,16
182,42,16
182,43,16
182,44,16
182,45,16
182,46,16
182,47,16
183,48,16
183,49,16
183,50,16
183,51,16
183,52,16
183,53,16
183,54,16
183,55,16
183,56,16
183,57,16
183,58,16
183,59,16
183,60,16
183,61,16
183,62,16
183,63,16
183,64,16
183,65,16
183,66,16
183,67,16
183,68,16
183,69,16
183,70,16
183,71,16
183,72,16
183,73,16
183,74,16
183,75,16
183,76,16
183,77,16
183,78,16
183,79,16
183,80,16
183,81,16
183,82,16
183,83,16
183,84,16
183,85,16
183,86,16
183,87,16
183,88,16
183,89,16
184,90,16
184,91,16
184,92,16
184,93,16
184,94,16
184,95,16
184,96,16
184,97,16
184,98,16
184,99,16
184,100,16
184,101,16
184,102,16
184,103,16
184,104,16
184,105,16
184,106,16
184,107,16
184,108,16
184,109,16
184,110,16
184,111,16
184,112,16
184,113,16
184,114,16
184,115,16
184,116,16
184,117,16
184,118,16
184,119,16
184,120,16
184,121,16
184,122,16
184,123,16
184,124,16
184,125,16
184,126,16
184,127,16
184,128,16
184,129,16
184,130,16
184,131,16
184,132,16
185,133,16
185,134,16
185,135,16
185,136,16
185,137,16
185,138,16
185,139,16
185,140,16
185,141,16
185,142,16
185,143,16
185,144,16
185,145,16
185,146,16
185,147,16
185,148,16
185,149,16
185,150,16
185,151,16
185,152,16
185,153,16
185,154,16
185,155,16
185,156,16
185,157,16
185,158,16
185,159,16
185,160,16
185,161,16
185,162,16
185,163,16
185,164,16
185,165,16
185,166,16
185,167,16
185,168,16
185,169,16
185,170,16
185,171,16
185,172,16
186,173,16
186,174,16
186,175,16
186,176,16
186,177,16
186,178,16
186,179,16
186,180,16
186,181,16
186,182,16
186,183,16
186,184,16
186,185,16
186,186,16
186,187,16
186,188,16
186,189,16
186,190,16
186,191,16
186,192,16
186,193,16
186,194,16
186,195,16
186,196,16
186,197,16
186,198,16
186,199,16
186,200,16
186,201,16
186,202,16
186,203,16
186,204,16
186,205,16
186,206,16
186,207,16
186,208,16
186,209,16
186,210,16
186,211,16
186,212,16
186,213,16
186,214,16
186,215,16
187,216,16
187,217,16
187,218,16
187,219,16
187,220,16
187,221,16
187,222,16
187,223,16
187,224,16
187,225,16
187,226,16
187,227,16
187,228,16
187,229,16
187,230,16
187,231,16
187,232,16
187,233,16
187,234,16
187,235,16
187,236,16
187,237,16
187,238,16
187,239,16
187,0,17
187,1,17
187,2,17
187,3,17
187,4,17
187,5,17
187,6,17
187,7,17
187,8,17
187,9,17
187,10,17
187,11,17
187,12,17
187,13,17
187,14,17
187,15,17
187,16,17
187,17,17
188,18,17
188,19,17
188,20,17
188,21,17
188,22,17
188,23,17
188,24,17
188,25,17
188,26,17
188,27,17
188,28,17
188,29,17
188,30,17
188,31,17
188,32,17
188,33,17
188,34,17
188,35,17
188,36,17
188,37,17
188,38,17
188,39,17
188,40,17
188,41,17
188,42,17
188,43,17
188,44,17
188,45,17
188,46,17
188,47,17
188,48,17
188,49,17
188,50,17
188,51,17
188,52,17
188,53,17
188,54,17
188,55,17
188,56,17
188,57,17
188,58,17
188,59,17
189,60,17
189,61,17
189,62,17
189,63,17
189,64,17
189,65,17
189,66,17
189,67,17
189,68,17
189,69,17
189,70,17
189,71,17
189,72,17
189,73,17
189,74,17
189,75,17
189,76,17
189,77,17
189,78,17
189,79,17
189,80,17
189,81,17
189,82,17
189,83,17
189,84,17
189,85,17
189,86,17
189,87,17
189,88,17
189,89,17
189,90,17
189,91,17
189,92,17
189,93,17
189,94,17
190,95,17
190,96,17
190,97,17
190,98,17
190,99,17
190,100,17
190,101,17
190,102,17
190,103,17
190,104,17
190,105,17
190,106,17
190,107,17
190,108,17
190,109,17
190,110,17
190,111,17
190,112,17
190,113,17
190,114,17
190,115,17
190,116,17
190,117,17
190,118,17
190,119,17
190,120,17
190,121,17
190,122,17
190,123,17
190,124,17
190,125,17
190,126,17
190,127,17
190,128,17
190,129,17
190,130,17
191,131,17
191,132,17
191,133,17
191,134,17
191,135,17
191,136,17
191,137,17
191,138,17
191,139,17
191,140,17
191,141,17
191,142,17
191,143,17
191,144,17
191,145,17
191,146,17
191,147,17
191,148,17
191,149,17
191,150,17
191,151,17
191,152,17
191,153,17
191,154,17
191,155,17
191,156,17
191,157,17
191,158,17
191,159,17
191,160,17
191,161,17
191,162,17
191,163,17
191,164,17
191,165,17
191,166,17
191,167,17
191,168,17
191,169,17
191,170,17
191,171,17
191,172,17
192,173,17
192,174,17
192,175,17
192,176,17
192,177,17
192,178,17
192,179,17
192,180,17
192,181,17
192,182,17
192,183,17
192,184,17
192,185,17
192,186,17
192,187,17
192,188,17
192,189,17
192,190,17
192,191,17
192,192,17
192,193,17
192,194,17
192,195,17
192,196,17
192,197,17
192,198,17
192,199,17
192,200,17
192,201,17
192,202,17
192,203,17
192,204,17
192,205,17
192,206,17
192,207,17
192,208,17
192,209,17
192,210,17
192,211,17
192,212,17
192,213,17
192,214,17
193,215,17
193,216,17
193,217,17
193,218,17
193,219,17
193,220,17
193,221,17
193,222,17
193,223,17
193,224,17
193,225,17
193,226,17
193,227,17
193,228,17
193,229,17
193,230,17
193,231,17
193,232,17
193,233,17
193,234,17
193,235,17
193,236,17
193,237,17
193,238,17
193,239,17
193,0,18
193,1,18
193,2,18
193,3,18
193,4,18
193,5,18
193,6,18
193,7,18
193,8,18
193,9,18
193,10,18
193,11,18
193,12,18
193,13,18
193,14,18
193,15,18
193,16,18
194,17,18
194,18,18
194,19,18
194,20,18
194,21,18
194,22,18
194,23,18
194,24,18
194,25,18
194,26,18
194,27,18
194,28,18
194,29,18
194,30,18
194,31,18
194,32,18
194,33,18
194,34,18
194,35,18
194,36,18
194,37,18
194,38,18
194,39,18
194,40,18
194,41,18
194,42,18
194,43,18
194,44,18
194,45,18
194,46,18
194,47,18
194,48,18
194,49,18
194,50,18
194,51,18
194,52,18
194,53,18
194,54,18
194,55,18
194,56,18
194,57,18
195,58,18
195,59,18
195,60,18
195,61,18
195,62,18
195,63,18
195,64,18
195,65,18
195,66,18
195,67,18
195,68,18
195,69,18
195,70,18
195,71,18
195,72,18
195,73,18
195,74,18
195,75,18
195,76,18
195,77,18
195,78,18
195,79,18
195,80,18
195,81,18
195,82,18
195,83,18
195,84,18
195,85,18
195,86,18
195,87,18
195,88,18
195,89,18
195,90,18
195,91,18
195,92,18
195,93,18
195,94,18
195,95,18
195,96,18
195,97,18
195,98,18
195,99,18
195,100,18
196,101,18
196,102,18
196,103,18
196,104,18
196,105,18
196,106,18
196,107,18
196,108,18
196,109,18
196,110,18
196,111,18
196,112,18
196,113,18
196,114,18
196,115,18
196,116,18
196,117,18
196,118,18
196,119,18
196,120,18
196,121,18
196,122,18
196,123,18
196,124,18
196,125,18
196,126,18
196,127,18
196,128,18
196,129,18
196,130,18
196,131,18
196,132,18
196,133,18
196,134,18
196,135,18
196,136,18
196,137,18
196,138,18
196,139,18
196,140,18
196,141,18
196,142,18
197,143,18
197,144,18
197,145,18
197,146,18
197,147,18
197,148,18
197,149,18
197,150,18
197,151,18
197,152,18
197,153,18
197,154,18
197,155,18
197,156,18
197,157,18
197,158,18
197,159,18
197,160,18
197,161,18
197,162,18
197,163,18
197,164,18
197,165,18
197,166,18
197,167,18
197,168,18
197,169,18
197,170,18
197,171,18
197,172,18
197,173,18
197,174,18
197,175,18
197,176,18
197,177,18
197,178,18
197,179,18
197,180,18
197,181,18
197,182,18
197,183,18
197,184,18
198,185,18
198,186,18
198,187,18
198,188,18
198,189,18
198,190,18
198,191,18
198,192,18
198,193,18
198,194,18
198,195,18
198,196,18
198,197,18
198,198,18
198,199,18
198,200,18
198,201,18
198,202,18
198,203,18
198,204,18
198,205,18
198,206,18
198,207,18
198,208,18
198,209,18
198,210,18
198,211,18
198,212,18
198,213,18
198,214,18
198,215,18
198,216,18
198,217,18
198,218,18
198,219,18
198,220,18
198,221,18
198,222,18
198,223,18
198,224,18
199,225,18
199,226,18
199,227,18
199,228,18
199,229,18
199,230,18
199,231,18
199,232,18
199,233,18
199,234,18
199,235,18
199,236,18
199,237,18
199,238,18
199,239,18
199,0,19
199,1,19
199,2,19
199,3,19
199,4,19
199,5,19
199,6,19
199,7,19
199,8,19
199,9,19
199,10,19
199,11,19
199,12,19
199,13,19
199,14,19
199,15,19
199,16,19
199,17,19
199,18,19
199,19,19
199,20,19
199,21,19
200,22,19
200,23,19
200,24,19
200,25,19
200,26,19
200,27,19
200,28,19
200,29,19
200,30,19
200,31,19
200,32,19
200,33,19
200,34,19
200,35,19
200,36,19
200,37,19
200,38,19
200,39,19
200,40,19
200,41,19
200,42,19
200,43,19
200,44,19
200,45,19
200,46,19
200,47,19
200,48,19
200,49,19
200,50,19
200,51,19
200,52,19
200,53,19
200,54,19
200,55,19
200,56,19
200,57,19
200,58,19
200,59,19
200,60,19
200,61,19
200,62,19
201,63,19
201,64,19
201,65,19
201,66,19
201,67,19
201,68,19
201,69,19
201,70,19
201,71,19
201,72,19
201,73,19
201,74,19
201,75,19
201,76,19
201,77,19
201,78,19
201,79,19
201,80,19
201,81,19
201,82,19
201,83,19
201,84,19
201,85,19
201,86,19
201,87,19
201,88,19
201,89,19
201,90,19
201,91,19
201,92,19
201,93,19
201,94,19
201,95,19
201,96,19
201,97,19
201,98,19
201,99,19
201,100,19
201,101,19
201,102,19
201,103,19
201,104,19
202,105,19
202,106,19
202,107,19
202,108,19
202,109,19
202,110,19
202,111,19
202,112,19
202,113,19
202,114,19
202,115,19
202,116,19
202,117,19
202,118,19
202,119,19
202,120,19
202,121,19
202,122,19
202,123,19
202,124,19
202,125,19
202,126,19
202,127,19
202,128,19
202,129,19
202,130,19
202,131,19
202,132,19
202,133,19
202,134,19
202,135,19
202,136,19
202,137,19
202,138,19
202,139,19
202,140,19
202,141,19
202,142,19
202,143,19
202,144,19
202,145,19
202,146,19
203,147,19
203,148,19
203,149,19
203,150,19
203,151,19
203,152,19
203,153,19
203,154,19
203,155,19
203,156,19
203,157,19
203,158,19
203,159,19
203,160,19
203,161,19
203,162,19
203,163,19
203,164,19
203,165,19
203,166,19
203,167,19
203,168,19
203,169,19
203,170,19
203,171,19
203,172,19
203,173,19
203,174,19
203,175,19
203,176,19
203,177,19
203,178,19
203,179,19
203,180,19
203,181,19
203,182,19
203,183,19
203,184,19
203,185,19
203,186,19
203,187,19
203,188,19
203,189,19
204,190,19
204,191,19
204,192,19
204,193,19
204,194,19
204,195,19
204,196,19
204,197,19
204,198,19
204,199,19
204,200,19
204,201,19
204,202,19
204,203,19
204,204,19
204,205,19
204,206,19
204,207,19
204,208,19
204,209,19
204,210,19
204,211,19
204,212,19
204,213,19
204,214,19
204,215,19
204,216,19
204,217,19
204,218,19
204,219,19
204,220,19
204,221,19
204,222,19
204,223,19
204,224,19
204,225,19
204,226,19
204,227,19
204,228,19
204,229,19
204,230,19
205,231,19
205,232,19
205,233,19
205,234,19
205,235,19
205,236,19
205,237,19
205,238,19
205,239,19
205,0,20
205,1,20
205,2,20
205,3,20
205,4,20
205,5,20
205,6,20
205,7,20
205,8,20
205,9,20
205,10,20
205,11,20
205,12,20
205,13,20
205,14,20
205,15,20
205,16,20
205,17,20
205,18,20
205,19,20
205,20,20
205,21,20
205,22,20
205,23,20
205,24,20
205,25,20
205,26,20
205,27,20
205,28,20
205,29,20
206,30,20
206,31,20
206,32,20
206,33,20
206,34,20
206,35,20
206,36,20
206,37,20
206,38,20
206,39,20
206,40,20
206,41,20
206,42,20
206,43,20
206,44,20
206,45,20
206,46,20
206,47,20
206,48,20
206,49,20
206,50,20
206,51,20
206,52,20
206,53,20
206,54,20
206,55,20
206,56,20
206,57,20
206,58,20
206,59,20
206,60,20
206,61,20
206,62,20
206,63,20
206,64,20
206,65,20
206,66,20
206,67,20
206,68,20
206,69,20
206,70,20
207,71,20
207,72,20
207,73,20
207,74,20
207,75,20
207,76,20
207,77,20
207,78,20
207,79,20
207,80,20
207,81,20
207,82,20
207,83,20
207,84,20
207,85,20
207,86,20
207,87,20
207,88,20
207,89,20
207,90,20
207,91,20
207,92,20
207,93,20
207,94,20
207,95,20
207,96,20
207,97,20
207,98,20
207,99,20
207,100,20
207,101,20
207,102,20
207,103,20
207,104,20
207,105,20
207,106,20
207,107,20
207,108,20
207,109,20
207,110,20
207,111,20
207,112,20
207,113,20
208,114,20
208,115,20
208,116,20
208,117,20
208,118,20
208,119,20
208,120,20
208,121,20
208,122,20
208,123,20
208,124,20
208,125,20
208,126,20
208,127,20
208,128,20
208,129,20
208,130,20
208,131,20
208,132,20
208,133,20
208,134,20
208,135,20
208,136,20
208,137,20
208,138,20
208,139,20
208,140,20
208,141,20
208,142,20
208,143,20
208,144,20
208,145,20
208,146,20
208,147,20
208,148,20
208,149,20
208,150,20
208,151,20
208,152,20
208,153,20
208,154,20
209,155,20
209,156,20
209,157,20
209,158,20
209,159,20
209,160,20
209,161,20
209,162,20
209,163,20
209,164,20
209,165,20
209,166,20
209,167,20
209,168,20
209,169,20
209,170,20
209,171,20
209,172,20
209,173,20
209,174,20
209,175,20
209,176,20
209,177,20
209,178,20
209,179,20
209,180,20
209,181,20
209,182,20
209,183,20
209,184,20
209,185,20
209,186,20
209,187,20
209,188,20
209,189,20
209,190,20
209,191,20
209,192,20
209,193,20
209,194,20
210,195,20
210,196,20
210,197,20
210,198,20
210,199,20
210,200,20
210,201,20
210,202,20
210,203,20
210,204,20
210,205,20
210,206,20
210,207,20
210,208,20
210,209,20
210,210,20
210,211,20
210,212,20
210,213,20
210,214,20
210,215,20
210,216,20
210,217,20
210,218,20
210,219,20
210,220,20
210,221,20
210,222,20
210,223,20
210,224,20
210,225,20
210,226,20
210,227,20
210,228,20
210,229,20
210,230,20
210,231,20
210,232,20
210,233,20
210,234,20
210,235,20
210,236,20
210,237,20
211,238,20
211,239,20
211,0,21
211,1,21
211,2,21
211,3,21
211,4,21
211,5,21
211,6,21
211,7,21
211,8,21
211,9,21
211,10,21
211,11,21
211,12,21
211,13,21
211,14,21
211,15,21
211,16,21
211,17,21
211,18,21
211,19,21
211,20,21
211,21,21
211,22,21
211,23,21
211,24,21
211,25,21
211,26,21
211,27,21
211,28,21
211,29,21
211,30,21
211,31,21
211,32,21
211,33,21
211,34,21
211,35,21
211,36,21
211,37,21
211,38,21
211,39,21
212,40,21
212,41,21
212,42,21
212,43,21
212,44,21
212,45,21
212,46,21
212,47,21
212,48,21
212,49,21
212,50,21
212,51,21
212,52,21
212,53,21
212,54,21
212,55,21
212,56,21
212,57,21
212,58,21
212,59,21
212,60,21
212,61,21
212,62,21
212,63,21
212,64,21
212,65,21
212,66,21
212,67,21
212,68,21
212,69,21
212,70,21
212,71,21
212,72,21
212,73,21
212,74,21
212,75,21
212,76,21
212,77,21
212,78,21
212,79,21
212,80,21
212,81,21
213,82,21
213,83,21
213,84,21
213,85,21
213,86,21
213,87,21
213,88,21
213,89,21
213,90,21
213,91,21
213,92,21
213,93,21
213,94,21
213,95,21
213,96,21
213,97,21
213,98,21
213,99,21
213,100,21
213,101,21
213,102,21
213,103,21
213,104,21
213,105,21
213,106,21
213,107,21
213,108,21
213,109,21
213,110,21
213,111,21
213,112,21
213,113,21
213,114,21
213,115,21
213,116,21
213,117,21
213,118,21
213,119,21
213,120,21
213,121,21
213,122,21
213,123,21
214,124,21
214,125,21
214,126,21
214,127,21
214,128,21
214,129,21
214,130,21
214,131,21
214,132,21
214,133,21
214,134,21
214,135,21
214,136,21
214,137,21
214,138,21
214,139,21
214,140,21
214,141,21
214,142,21
214,143,21
214,144,21
214,145,21
214,146,21
214,147,21
214,148,21
214,149,21
214,150,21
214,151,21
214,152,21
214,153,21
214,154,21
214,155,21
214,156,21
214,157,21
214,158,21
214,159,21
214,160,21
214,161,21
214,162,21
214,163,21
214,164,21
214,165,21
215,166,21
215,167,21
215,168,21
215,169,21
215,170,21
215,171,21
215,172,21
215,173,21
215,174,21
215,175,21
215,176,21
215,177,21
215,178,21
215,179,21
215,180,21
215,181,21
215,182,21
215,183,21
215,184,21
215,185,21
215,186,21
215,187,21
215,188,21
215,189,21
215,190,21
215,191,21
215,192,21
215,193,21
215,194,21
215,195,21
215,196,21
215,197,21
215,198,21
215,199,21
215,200,21
215,201,21
215,202,21
215,203,21
215,204,21
215,205,21
215,206,21
215,207,21
215,208,21
216,209,21
216,210,21
216,211,21
216,212,21
216,213,21
216,214,21
216,215,21
216,216,21
216,217,21
216,218,21
216,219,21
216,220,21
216,221,21
216,222,21
216,223,21
216,224,21
216,225,21
216,226,21
216,227,21
216,228,21
216,229,21
216,230,21
216,231,21
216,232,21
216,233,21
216,234,21
216,235,21
216,236,21
216,237,21
216,238,21
216,239,21
216,0,22
216,1,22
216,2,22
216,3,22
216,4,22
216,5,22
216,6,22
216,7,22
216,8,22
216,9,22
216,10,22
217,11,22
217,12,22
217,13,22
217,14,22
217,15,22
217,16,22
217,17,22
217,18,22
217,19,22
217,20,22
217,21,22
217,22,22
217,23,22
217,24,22
217,25,22
217,26,22
217,27,22
217,28,22
217,29,22
217,30,22
217,31,22
217,32,22
217,33,22
217,34,22
217,35,22
217,36,22
217,37,22
217,38,22
217,39,22
217,40,22
217,41,22
217,42,22
217,43,22
217,44,22
217,45,22
217,46,22
217,47,22
217,48,22
217,49,22
217,50,22
217,51,22
217,52,22
217,53,22
218,54,22
218,55,22
218,56,22
218,57,22
218,58,22
218,59,22
218,60,22
218,61,22
218,62,22
218,63,22
218,64,22
218,65,22
218,66,22
218,67,22
218,68,22
218,69,22
218,70,22
218,71,22
218,72,22
218,73,22
218,74,22
218,75,22
218,76,22
218,77,22
218,78,22
218,79,22
218,80,22
218,81,22
218,82,22
218,83,22
218,84,22
218,85,22
218,86,22
218,87,22
218,88,22
218,89,22
218,90,22
218,91,22
218,92,22
218,93,22
218,94,22
219,95,22
219,96,22
219,97,22
219,98,22
219,99,22
219,100,22
219,101,22
219,102,22
219,103,22
219,104,22
219,105,22
219,106,22
219,107,22
219,108,22
219,109,22
219,110,22
219,111,22
219,112,22
219,113,22
219,114,22
219,115,22
219,116,22
219,117,22
219,118,22
219,119,22
219,120,22
219,121,22
219,122,22
219,123,22
219,124,22
219,125,22
219,126,22
219,127,22
219,128,22
219,129,22
219,130,22
219,131,22
219,132,22
219,133,22
220,134,22
220,135,22
220,136,22
220,137,22
220,138,22
220,139,22
220,140,22
220,141,22
220,142,22
220,143,22
220,144,22
220,145,22
220,146,22
220,147,22
220,148,22
220,149,22
220,150,22
220,151,22
220,152,22
220,153,22
220,154,22
220,155,22
220,156,22
220,157,22
220,158,22
220,159,22
220,160,22
220,161,22
220,162,22
220,163,22
220,164,22
220,165,22
220,166,22
220,167,22
220,168,22
220,169,22
220,170,22
220,171,22
220,172,22
221,173,22
221,174,22
221,175,22
221,176,22
221,177,22
221,178,22
221,179,22
221,180,22
221,181,22
221,182,22
221,183,22
221,184,22
221,185,22
221,186,22
221,187,22
221,188,22
221,189,22
221,190,22
221,191,22
221,192,22
221,193,22
221,194,22
221,195,22
221,196,22
221,197,22
221,198,22
221,199,22
221,200,22
221,201,22
221,202,22
221,203,22
221,204,22
221,205,22
221,206,22
221,207,22
221,208,22
221,209,22
221,210,22
221,211,22
221,212,22
221,213,22
222,214,22
222,215,22
222,216,22
222,217,22
222,218,22
222,219,22
222,220,22
222,221,22
222,222,22
222,223,22
222,224,22
222,225,22
222,226,22
222,227,22
222,228,22
222,229,22
222,230,22
222,231,22
222,232,22
222,233,22
222,234,22
222,235,22
222,236,22
222,237,22
222,238,22
222,239,22
222,0,23
222,1,23
222,2,23
222,3,23
222,4,23
222,5,23
222,6,23
222,7,23
222,8,23
222,9,23
222,10,23
222,11,23
222,12,23
222,13,23
222,14,23
222,15,23
222,16,23
223,17,23
223,18,23
223,19,23
223,20,23
223,21,23
223,22,23
223,23,23
223,24,23
223,25,23
223,26,23
223,27,23
223,28,23
223,29,23
223,30,23
223,31,23
223,32,23
223,33,23
223,34,23
223,35,23
223,36,23
223,37,23
223,38,23
223,39,23
223,40,23
223,41,23
223,42,23
223,43,23
223,44,23
223,45,23
223,46,23
223,47,23
223,48,23
223,49,23
223,50,23
223,51,23
223,52,23
223,53,23
223,54,23
223,55,23
223,56,23
223,57,23
223,58,23
224,59,23
224,60,23
224,61,23
224,62,23
224,63,23
224,64,23
224,65,23
224,66,23
224,67,23
224,68,23
224,69,23
224,70,23
224,71,23
224,72,23
224,73,23
224,74,23
224,75,23
224,76,23
224,77,23
224,78,23
224,79,23
224,80,23
224,81,23
224,82,23
224,83,23
224,84,23
224,85,23
224,86,23
224,87,23
224,88,23
224,89,23
224,90,23
224,91,23
224,92,23
224,93,23
224,94,23
225,95,23
225,96,23
225,97,23
225,98,23
225,99,23
225,100,23
225,101,23
225,102,23
225,103,23
225,104,23
225,105,23
225,106,23
225,107,23
225,108,23
225,109,23
225,110,23
225,111,23
225,112,23
225,113,23
225,114,23
225,115,23
225,116,23
225,117,23
225,118,23
225,119,23
225,120,23
225,121,23
225,122,23
225,123,23
225,124,23
225,125,23
225,126,23
225,127,23
225,128,23
225,129,23
225,130,23
225,131,23
225,132,23
225,133,23
225,134,23
225,135,23
225,136,23
225,137,23
226,138,23
226,139,23
226,140,23
226,141,23
226,142,23
226,143,23
226,144,23
226,145,23
226,146,23
226,147,23
226,148,23
226,149,23
226,150,23
226,151,23
226,152,23
226,153,23
226,154,23
226,155,23
226,156,23
226,157,23
226,158,23
226,159,23
226,160,23
226,161,23
226,162,23
226,163,23
226,164,23
226,165,23
226,166,23
226,167,23
226,168,23
226,169,23
226,170,23
226,171,23
226,172,23
226,173,23
226,174,23
226,175,23
226,176,23
226,177,23
226,178,23
226,179,23
226,180,23
227,181,23
227,182,23
227,183,23
227,184,23
227,185,23
227,186,23
227,187,23
227,188,23
227,189,23
227,190,23
227,191,23
227,192,23
227,193,23
227,194,23
227,195,23
227,196,23
227,197,23
227,198,23
227,199,23
227,200,23
227,201,23
227,202,23
227,203,23
227,204,23
227,205,23
227,206,23
227,207,23
227,208,23
227,209,23
227,210,23
227,211,23
227,212,23
227,213,23
227,214,23
227,215,23
227,216,23
227,217,23
227,218,23
227,219,23
227,220,23
227,221,23
227,222,23
227,223,23
228,224,23
228,225,23
228,226,23
228,227,23
228,228,23
228,229,23
228,230,23
228,231,23
228,232,23
228,233,23
228,234,23
228,235,23
228,236,23
228,237,23
228,238,23
228,239,23
228,0,24
228,1,24
228,2,24
228,3,24
228,4,24
228,5,24
228,6,24
228,7,24
228,8,24
228,9,24
228,10,24
228,11,24
228,12,24
228,13,24
228,14,24
228,15,24
228,16,24
228,17,24
228,18,24
228,19,24
228,20,24
228,21,24
228,22,24
228,23,24
229,24,24
229,25,24
229,26,24
229,27,24
229,28,24
229,29,24
229,30,24
229,31,24
229,32,24
229,33,24
229,34,24
229,35,24
229,36,24
229,37,24
229,38,24
229,39,24
229,40,24
229,41,24
229,42,24
229,43,24
229,44,24
229,45,24
229,46,24
229,47,24
229,48,24
229,49,24
229,50,24
229,51,24
229,52,24
229,53,24
229,54,24
229,55,24
229,56,24
229,57,24
229,58,24
229,59,24
229,60,24
229,61,24
229,62,24
229,63,24
230,64,24
230,65,24
230,66,24
230,67,24
230,68,24
230,69,24
230,70,24
230,71,24
230,72,24
230,73,24
230,74,24
230,75,24
230,76,24
230,77,24
230,78,24
230,79,24
230,80,24
230,81,24
230,82,24
230,83,24
230,84,24
230,85,24
230,86,24
230,87,24
230,88,24
230,89,24
230,90,24
230,91,24
230,92,24
230,93,24
230,94,24
230,95,24
230,96,24
230,97,24
230,98,24
230,99,24
230,100,24
230,101,24
230,102,24
230,103,24
231,104,24
231,105,24
231,106,24
231,107,24
231,108,24
231,109,24
231,110,24
231,111,24
231,112,24
231,113,24
231,114,24
231,115,24
231,116,24
231,117,24
231,118,24
231,119,24
231,120,24
231,121,24
231,122,24
231,123,24
231,124,24
231,125,24
231,126,24
231,127,24
231,128,24
231,129,24
231,130,24
231,131,24
231,132,24
231,133,24
231,134,24
231,135,24
231,136,24
231,137,24
231,138,24
231,139,24
231,140,24
231,141,24
231,142,24
231,143,24
231,144,24
231,145,24
231,146,24
232,147,24
232,148,24
232,149,24
232,150,24
232,151,24
232,152,24
232,153,24
232,154,24
232,155,24
232,156,24
232,157,24
232,158,24
232,159,24
232,160,24
232,161,24
232,162,24
232,163,24
232,164,24
232,165,24
232,166,24
232,167,24
232,168,24
232,169,24
232,170,24
232,171,24
232,172,24
232,173,24
232,174,24
232,175,24
232,176,24
232,177,24
232,178,24
232,179,24
232,180,24
232,181,24
232,182,24
232,183,24
232,184,24
232,185,24
232,186,24
232,187,24
232,188,24
233,189,24
233,190,24
233,191,24
233,192,24
233,193,24
233,194,24
233,195,24
233,196,24
233,197,24
233,198,24
233,199,24
233,200,24
233,201,24
233,202,24
233,203,24
233,204,24
233,205,24
233,206,24
233,207,24
233,208,24
233,209,24
233,210,24
233,211,24
233,212,24
233,213,24
233,214,24
233,215,24
233,216,24
233,217,24
233,218,24
233,219,24
233,220,24
233,221,24
233,222,24
233,223,24
233,224,24
233,225,24
233,226,24
233,227,24
233,228,24
233,229,24
233,230,24
234,231,24
234,232,24
234,233,24
234,234,24
234,235,24
234,236,24
234,237,24
234,238,24
234,239,24
234,0,25
234,1,25
234,2,25
234,3,25
234,4,25
234,5,25
234,6,25
234,7,25
234,8,25
234,9,25
234,10,25
234,11,25
234,12,25
234,13,25
234,14,25
234,15,25
234,16,25
234,17,25
234,18,25
234,19,25
234,20,25
234,21,25
234,22,25
234,23,25
234,24,25
234,25,25
234,26,25
234,27,25
234,28,25
234,29,25
234,30,25
234,31,25
234,32,25
234,33,25
235,34,25
235,35,25
235,36,25
235,37,25
235,38,25
235,39,25
235,40,25
235,41,25
235,42,25
235,43,25
235,44,25
235,45,25
235,46,25
235,47,25
235,48,25
235,49,25
235,50,25
235,51,25
235,52,25
235,53,25
235,54,25
235,55,25
235,56,25
235,57,25
235,58,25
235,59,25
235,60,25
235,61,25
235,62,25
235,63,25
235,64,25
235,65,25
235,66,25
235,67,25
235,68,25
235,69,25
235,70,25
235,71,25
235,72,25
235,73,25
235,74,25
236,75,25
236,76,25
236,77,25
236,78,25
236,79,25
236,80,25
236,81,25
236,82,25
236,83,25
236,84,25
236,85,25
236,86,25
236,87,25
236,88,25
236,89,25
236,90,25
236,91,25
236,92,25
236,93,25
236,94,25
237,95,25
237,96,25
237,97,25
237,98,25
237,99,25
237,100,25
237,101,25
237,102,25
237,103,25
237,104,25
237,105,25
237,106,25
237,107,25
237,108,25
237,109,25
237,110,25
237,111,25
237,112,25
237,113,25
237,114,25
237,115,25
237,116,25
237,117,25
237,118,25
237,119,25
237,120,25
237,121,25
237,122,25
237,123,25
237,124,25
237,125,25
237,126,25
237,127,25
237,128,25
237,129,25
237,130,25
237,131,25
237,132,25
237,133,25
237,134,25
238,135,25
238,136,25
238,137,25
238,138,25
238,139,25
238,140,25
238,141,25
238,142,25
238,143,25
238,144,25
238,145,25
238,146,25
238,147,25
238,148,25
238,149,25
238,150,25
238,151,25
238,152,25
238,153,25
238,154,25
238,155,25
238,156,25
238,157,25
238,158,25
238,159,25
238,160,25
238,161,25
238,162,25
238,163,25
238,164,25
238,165,25
238,166,25
238,167,25
238,168,25
239,169,25
239,170,25
239,171,25
239,172,25
239,173,25
239,174,25
239,175,25
239,176,25
239,177,25
239,178,25
239,179,25
239,180,25
239,181,25
239,182,25
239,183,25
239,184,25
239,185,25
239,186,25
239,187,25
239,188,25
239,189,25
239,190,25
239,191,25
239,192,25
239,193,25
239,194,25
239,195,25
239,196,25
239,197,25
239,198,25
239,199,25
239,200,25
239,201,25
239,202,25
239,203,25
239,204,25
240,205,25
240,206,25
240,207,25
240,208,25
240,209,25
240,210,25
240,211,25
240,212,25
240,213,25
240,214,25
240,215,25
240,216,25
240,217,25
240,218,25
240,219,25
240,220,25
240,221,25
240,222,25
240,223,25
240,224,25
240,225,25
240,226,25
240,227,25
240,228,25
240,229,25
240,230,25
240,231,25
240,232,25
240,233,25
240,234,25
240,235,25
240,236,25
240,237,25
240,238,25
240,239,25
240,0,26
240,1,26
240,2,26
240,3,26
241,4,26
241,5,26
241,6,26
241,7,26
241,8,26
241,9,26
241,10,26
241,11,26
241,12,26
241,13,26
241,14,26
241,15,26
241,16,26
241,17,26
241,18,26
241,19,26
241,20,26
241,21,26
241,22,26
241,23,26
241,24,26
241,25,26
241,26,26
241,27,26
241,28,26
241,29,26
241,30,26
241,31,26
241,32,26
241,33,26
241,34,26
241,35,26
241,36,26
241,37,26
241,38,26
241,39,26
241,40,26
241,41,26
241,42,26
242,43,26
242,44,26
242,45,26
242,46,26
242,47,26
242,48,26
242,49,26
242,50,26
242,51,26
242,52,26
242,53,26
242,54,26
242,55,26
242,56,26
242,57,26
242,58,26
242,59,26
242,60,26
242,61,26
242,62,26
242,63,26
242,64,26
242,65,26
242,66,26
242,67,26
242,68,26
242,69,26
242,70,26
242,71,26
242,72,26
242,73,26
242,74,26
242,75,26
242,76,26
242,77,26
242,78,26
242,79,26
242,80,26
242,81,26
243,82,26
243,83,26
243,84,26
243,85,26
243,86,26
243,87,26
243,88,26
243,89,26
243,90,26
243,91,26
243,92,26
243,93,26
243,94,26
243,95,26
243,96,26
243,97,26
243,98,26
243,99,26
243,100,26
243,101,26
243,102,26
243,103,26
243,104,26
243,105,26
243,106,26
243,107,26
243,108,26
243,109,26
243,110,26
243,111,26
243,112,26
243,113,26
243,114,26
243,115,26
243,116,26
243,117,26
243,118,26
243,119,26
243,120,26
244,121,26
244,122,26
244,123,26
244,124,26
244,125,26
244,126,26
244,127,26
244,128,26
244,129,26
244,130,26
244,131,26
244,132,26
244,133,26
244,134,26
244,135,26
244,136,26
244,137,26
244,138,26
244,139,26
244,140,26
244,141,26
244,142,26
244,143,26
244,144,26
244,145,26
244,146,26
244,147,26
244,148,26
244,149,26
244,150,26
244,151,26
244,152,26
244,153,26
244,154,26
244,155,26
244,156,26
244,157,26
244,158,26
244,159,26
244,160,26
245,161,26
245,162,26
245,163,26
245,164,26
245,165,26
245,166,26
245,167,26
245,168,26
245,169,26
245,170,26
245,171,26
245,172,26
245,173,26
245,174,26
245,175,26
245,176,26
245,177,26
245,178,26
245,179,26
245,180,26
245,181,26
245,182,26
245,183,26
245,184,26
245,185,26
245,186,26
245,187,26
245,188,26
245,189,26
245,190,26
245,191,26
245,192,26
245,193,26
245,194,26
245,195,26
245,196,26
245,197,26
245,198,26
245,199,26
246,200,26
246,201,26
246,202,26
246,203,26
246,204,26
246,205,26
246,206,26
246,207,26
246,208,26
246,209,26
246,210,26
246,211,26
246,212,26
246,213,26
246,214,26
246,215,26
246,216,26
246,217,26
246,218,26
246,219,26
246,220,26
246,221,26
246,222,26
246,223,26
246,224,26
246,225,26
246,226,26
246,227,26
246,228,26
246,229,26
246,230,26
246,231,26
246,232,26
246,233,26
246,234,26
246,235,26
246,236,26
246,237,26
246,238,26
246,239,26
247,0,27
247,1,27
247,2,27
247,3,27
247,4,27
247,5,27
247,6,27
247,7,27
247,8,27
247,9,27
247,10,27
247,11,27
247,12,27
247,13,27
247,14,27
247,15,27
247,16,27
247,17,27
247,18,27
247,19,27
247,20,27
247,21,27
247,22,27
247,23,27
247,24,27
247,25,27
247,26,27
247,27,27
247,28,27
247,29,27
247,30,27
247,31,27
247,32,27
247,33,27
247,34,27
247,35,27
247,36,27
247,37,27
247,38,27
247,39,27
247,40,27
247,41,27
248,42,27
248,43,27
248,44,27
248,45,27
248,46,27
248,47,27
248,48,27
248,49,27
248,50,27
248,51,27
248,52,27
248,53,27
248,54,27
248,55,27
248,56,27
248,57,27
248,58,27
248,59,27
248,60,27
248,61,27
248,62,27
248,63,27
248,64,27
248,65,27
248,66,27
248,67,27
248,68,27
248,69,27
248,70,27
248,71,27
248,72,27
248,73,27
248,74,27
248,75,27
248,76,27
248,77,27
248,78,27
248,79,27
248,80,27
248,81,27
249,82,27
249,83,27
249,84,27
249,85,27
249,86,27
249,87,27
249,88,27
249,89,27
249,90,27
249,91,27
249,92,27
249,93,27
249,94,27
249,95,27
249,96,27
249,97,27
249,98,27
249,99,27
249,100,27
249,101,27
249,102,27
249,103,27
249,104,27
249,105,27
249,106,27
249,107,27
249,108,27
249,109,27
249,110,27
249,111,27
249,112,27
249,113,27
249,114,27
249,115,27
249,116,27
249,117,27
249,118,27
249,119,27
249,120,27
249,121,27
250,122,27
250,123,27
250,124,27
250,125,27
250,126,27
250,127,27
250,128,27
250,129,27
250,130,27
250,131,27
250,132,27
250,133,27
250,134,27
250,135,27
250,136,27
250,137,27
250,138,27
250,139,27
250,140,27
250,141,27
250,142,27
250,143,27
250,144,27
250,145,27
250,146,27
250,147,27
250,148,27
250,149,27
250,150,27
250,151,27
250,152,27
250,153,27
250,154,27
250,155,27
250,156,27
250,157,27
250,158,27
250,159,27
250,160,27
250,161,27
250,162,27
250,163,27
251,164,27
251,165,27
251,166,27
251,167,27
251,168,27
251,169,27
251,170,27
251,171,27
251,172,27
251,173,27
251,174,27
251,175,27
251,176,27
251,177,27
251,178,27
251,179,27
251,180,27
251,181,27
251,182,27
251,183,27
251,184,27
251,185,27
251,186,27
251,187,27
251,188,27
251,189,27
251,190,27
251,191,27
251,192,27
251,193,27
251,194,27
251,195,27
251,196,27
251,197,27
251,198,27
251,199,27
251,200,27
251,201,27
251,202,27
251,203,27
251,204,27
251,205,27
252,206,27
252,207,27
252,208,27
252,209,27
252,210,27
252,211,27
252,212,27
252,213,27
252,214,27
252,215,27
252,216,27
252,217,27
252,218,27
252,219,27
252,220,27
252,221,27
252,222,27
252,223,27
252,224,27
252,225,27
252,226,27
252,227,27
252,228,27
252,229,27
252,230,27
252,231,27
252,232,27
252,233,27
252,234,27
252,235,27
252,236,27
252,237,27
252,238,27
252,239,27
252,0,28
252,1,28
252,2,28
252,3,28
252,4,28
252,5,28
253,6,28
253,7,28
253,8,28
253,9,28
253,10,28
253,11,28
253,12,28
253,13,28
253,14,28
253,15,28
253,16,28
253,17,28
253,18,28
253,19,28
253,20,28
253,21,28
253,22,28
253,23,28
253,24,28
253,25,28
253,26,28
253,27,28
253,28,28
253,29,28
253,30,28
253,31,28
253,32,28
253,33,28
253,34,28
253,35,28
253,36,28
253,37,28
253,38,28
253,39,28
253,40,28
253,41,28
253,42,28
253,43,28
253,44,28
253,45,28
253,46,28
253,47,28
254,48,28
254,49,28
254,50,28
254,51,28
254,52,28
254,53,28
254,54,28
254,55,28
254,56,28
254,57,28
254,58,28
254,59,28
254,60,28
254,61,28
254,62,28
254,63,28
254,64,28
254,65,28
254,66,28
254,67,28
254,68,28
254,69,28
254,70,28
254,71,28
254,72,28
254,73,28
254,74,28
254,75,28
254,76,28
254,77,28
254,78,28
254,79,28
254,80,28
254,81,28
254,82,28
254,83,28
254,84,28
254,85,28
254,86,28
254,87,28
254,88,28
254,89,28
254,90,28
255,91,28
255,92,28
255,93,28
255,94,28
255,95,28
255,96,28
255,97,28
255,98,28
255,99,28
255,100,28
255,101,28
255,102,28
255,103,28
255,104,28
255,105,28
255,106,28
255,107,28
255,108,28
255,109,28
255,110,28
255,111,28
255,112,28
255,113,28
255,114,28
255,115,28
255,116,28
255,117,28
255,118,28
255,119,28
255,120,28
255,121,28
255,122,28
255,123,28
255,124,28
255,125,28
255,126,28
255,127,28
255,128,28
255,129,28
255,130,28
255,131,28
255,132,28
255,133,28
256,134,28
256,135,28
256,136,28
256,137,28
256,138,28
256,139,28
256,140,28
256,141,28
256,142,28
256,143,28
256,144,28
256,145,28
256,146,28
256,147,28
256,148,28
256,149,28
256,150,28
256,151,28
256,152,28
256,153,28
256,154,28
256,155,28
256,156,28
256,157,28
256,158,28
256,159,28
256,160,28
256,161,28
256,162,28
256,163,28
256,164,28
256,165,28
256,166,28
256,167,28
256,168,28
256,169,28
256,170,28
256,171,28
256,172,28
256,173,28
256,174,28
256,175,28
257,176,28
257,177,28
257,178,28
257,179,28
257,180,28
257,181,28
257,182,28
257,183,28
257,184,28
257,185,28
257,186,28
257,187,28
257,188,28
257,189,28
257,190,28
257,191,28
257,192,28
257,193,28
257,194,28
257,195,28
257,196,28
257,197,28
257,198,28
257,199,28
257,200,28
257,201,28
257,202,28
257,203,28
257,204,28
257,205,28
257,206,28
257,207,28
257,208,28
257,209,28
257,210,28
257,211,28
257,212,28
257,213,28
257,214,28
257,215,28
257,216,28
258,217,28
258,218,28
258,219,28
258,220,28
258,221,28
258,222,28
258,223,28
258,224,28
258,225,28
258,226,28
258,227,28
258,228,28
258,229,28
258,230,28
258,231,28
258,232,28
258,233,28
258,234,28
258,235,28
258,236,28
258,237,28
258,238,28
258,239,28
258,0,29
258,1,29
258,2,29
258,3,29
258,4,29
258,5,29
258,6,29
258,7,29
258,8,29
258,9,29
258,10,29
258,11,29
258,12,29
258,13,29
258,14,29
258,15,29
258,16,29
258,17,29
258,18,29
259,19,29
259,20,29
259,21,29
259,22,29
259,23,29
259,24,29
259,25,29
259,26,29
259,27,29
259,28,29
259,29,29
259,30,29
259,31,29
259,32,29
259,33,29
259,34,29
259,35,29
259,36,29
259,37,29
259,38,29
259,39,29
259,40,29
259,41,29
259,42,29
259,43,29
259,44,29
259,45,29
259,46,29
259,47,29
259,48,29
259,49,29
259,50,29
259,51,29
259,52,29
259,53,29
259,54,29
259,55,29
259,56,29
260,57,29
260,58,29
260,59,29
260,60,29
260,61,29
260,62,29
260,63,29
260,64,29
260,65,29
260,66,29
260,67,29
260,68,29
260,69,29
260,70,29
260,71,29
260,72,29
260,73,29
260,74,29
260,75,29
260,76,29
260,77,29
260,78,29
260,79,29
260,80,29
260,81,29
260,82,29
260,83,29
260,84,29
260,85,29
260,86,29
260,87,29
260,88,29
260,89,29
260,90,29
260,91,29
260,92,29
260,93,29
260,94,29
260,95,29
261,96,29
261,97,29
261,98,29
261,99,29
261,100,29
261,101,29
261,102,29
261,103,29
261,104,29
261,105,29
261,106,29
261,107,29
261,108,29
261,109,29
261,110,29
261,111,29
261,112,29
261,113,29
261,114,29
261,115,29
261,116,29
261,117,29
261,118,29
261,119,29
261,120,29
261,121,29
261,122,29
261,123,29
261,124,29
261,125,29
261,126,29
261,127,29
261,128,29
261,129,29
261,130,29
261,131,29
261,132,29
261,133,29
261,134,29
261,135,29
261,136,29
261,137,29
262,138,29
262,139,29
262,140,29
262,141,29
262,142,29
262,143,29
262,144,29
262,145,29
262,146,29
262,147,29
262,148,29
262,149,29
262,150,29
262,151,29
262,152,29
262,153,29
262,154,29
262,155,29
262,156,29
262,157,29
262,158,29
262,159,29
262,160,29
262,161,29
262,162,29
262,163,29
262,164,29
262,165,29
262,166,29
262,167,29
262,168,29
262,169,29
262,170,29
262,171,29
262,172,29
262,173,29
262,174,29
262,175,29
262,176,29
262,177,29
262,178,29
262,179,29
262,180,29
263,181,29
263,182,29
263,183,29
263,184,29
263,185,29
263,186,29
263,187,29
263,188,29
263,189,29
263,190,29
263,191,29
263,192,29
263,193,29
263,194,29
263,195,29
263,196,29
263,197,29
263,198,29
263,199,29
263,200,29
263,201,29
263,202,29
263,203,29
263,204,29
263,205,29
263,206,29
263,207,29
263,208,29
263,209,29
263,210,29
263,211,29
263,212,29
263,213,29
263,214,29
263,215,29
263,216,29
263,217,29
263,218,29
263,219,29
263,220,29
263,221,29
263,222,29
263,223,29
264,224,29
264,225,29
264,226,29
264,227,29
264,228,29
264,229,29
264,230,29
264,231,29
264,232,29
264,233,29
264,234,29
264,235,29
264,236,29
264,237,29
264,238,29
264,239,29
264,0,30
264,1,30
264,2,30
264,3,30
264,4,30
264,5,30
264,6,30
264,7,30
264,8,30
264,9,30
264,10,30
264,11,30
264,12,30
264,13,30
264,14,30
264,15,30
264,16,30
264,17,30
264,18,30
264,19,30
264,20,30
264,21,30
264,22,30
264,23,30
264,24,30
264,25,30
265,26,30
265,27,30
265,28,30
265,29,30
265,30,30
265,31,30
265,32,30
265,33,30
265,34,30
265,35,30
265,36,30
265,37,30
265,38,30
265,39,30
265,40,30
265,41,30
265,42,30
265,43,30
265,44,30
265,45,30
265,46,30
265,47,30
265,48,30
265,49,30
265,50,30
265,51,30
265,52,30
265,53,30
265,54,30
265,55,30
265,56,30
265,57,30
265,58,30
265,59,30
265,60,30
265,61,30
265,62,30
265,63,30
265,64,30
266,65,30
266,66,30
266,67,30
266,68,30
266,69,30
266,70,30
266,71,30
266,72,30
266,73,30
266,74,30
266,75,30
266,76,30
266,77,30
266,78,30
266,79,30
266,80,30
266,81,30
266,82,30
266,83,30
266,84,30
266,85,30
266,86,30
266,87,30
266,88,30
266,89,30
266,90,30
266,91,30
266,92,30
266,93,30
266,94,30
266,95,30
266,96,30
266,97,30
266,98,30
266,99,30
266,100,30
266,101,30
266,102,30
266,103,30
266,104,30
266,105,30
266,106,30
267,107,30
267,108,30
267,109,30
267,110,30
267,111,30
267,112,30
267,113,30
267,114,30
267,115,30
267,116,30
267,117,30
267,118,30
267,119,30
267,120,30
267,121,30
267,122,30
267,123,30
267,124,30
267,125,30
267,126,30
267,127,30
267,128,30
267,129,30
267,130,30
267,131,30
267,132,30
267,133,30
267,134,30
267,135,30
267,136,30
267,137,30
267,138,30
267,139,30
267,140,30
267,141,30
268,142,30
268,143,30
268,144,30
268,145,30
268,146,30
268,147,30
268,148,30
268,149,30
268,150,30
268,151,30
268,152,30
268,153,30
268,154,30
268,155,30
268,156,30
268,157,30
268,158,30
268,159,30
268,160,30
268,161,30
268,162,30
268,163,30
268,164,30
268,165,30
268,166,30
268,167,30
268,168,30
268,169,30
268,170,30
268,171,30
268,172,30
268,173,30
268,174,30
269,175,30
269,176,30
269,177,30
269,178,30
269,179,30
269,180,30
269,181,30
269,182,30
269,183,30
269,184,30
269,185,30
269,186,30
269,187,30
269,188,30
269,189,30
269,190,30
269,191,30
269,192,30
269,193,30
269,194,30
269,195,30
269,196,30
269,197,30
269,198,30
269,199,30
269,200,30
269,201,30
269,202,30
269,203,30
269,204,30
269,205,30
269,206,30
270,207,30
270,208,30
270,209,30
270,210,30
270,211,30
270,212,30
270,213,30
270,214,30
270,215,30
270,216,30
270,217,30
270,218,30
270,219,30
270,220,30
270,221,30
270,222,30
270,223,30
270,224,30
270,225,30
270,226,30
270,227,30
270,228,30
270,229,30
270,230,30
270,231,30
270,232,30
270,233,30
270,234,30
270,235,30
270,236,30
270,237,30
270,238,30
270,239,30
270,0,31
270,1,31
270,2,31
270,3,31
270,4,31
270,5,31
270,6,31
270,7,31
270,8,31
271,9,31
271,10,31
271,11,31
271,12,31
271,13,31
271,14,31
271,15,31
271,16,31
271,17,31
271,18,31
271,19,31
271,20,31
271,21,31
271,22,31
271,23,31
271,24,31
271,25,31
271,26,31
271,27,31
271,28,31
271,29,31
271,30,31
271,31,31
271,32,31
271,33,31
271,34,31
271,35,31
271,36,31
271,37,31
271,38,31
271,39,31
271,40,31
271,41,31
271,42,31
271,43,31
271,44,31
271,45,31
271,46,31
271,47,31
271,48,31
271,49,31
271,50,31
271,51,31
272,52,31
272,53,31
272,54,31
272,55,31
272,56,31
272,57,31
272,58,31
272,59,31
272,60,31
272,61,31
272,62,31
272,63,31
272,64,31
272,65,31
272,66,31
272,67,31
272,68,31
272,69,31
272,70,31
272,71,31
272,72,31
272,73,31
272,74,31
272,75,31
272,76,31
272,77,31
272,78,31
272,79,31
272,80,31
272,81,31
272,82,31
272,83,31
272,84,31
272,85,31
272,86,31
272,87,31
272,88,31
272,89,31
272,90,31
272,91,31
272,92,31
272,93,31
272,94,31
273,95,31
273,96,31
273,97,31
273,98,31
273,99,31
273,100,31
273,101,31
273,102,31
273,103,31
273,104,31
273,105,31
273,106,31
273,107,31
273,108,31
273,109,31
273,110,31
273,111,31
273,112,31
273,113,31
273,114,31
273,115,31
273,116,31
273,117,31
273,118,31
273,119,31
273,120,31
273,121,31
273,122,31
273,123,31
273,124,31
273,125,31
273,126,31
273,127,31
273,128,31
273,129,31
273,130,31
273,131,31
273,132,31
273,133,31
273,134,31
273,135,31
273,136,31
273,137,31
274,138,31
274,139,31
274,140,31
274,141,31
274,142,31
274,143,31
274,144,31
274,145,31
274,146,31
274,147,31
274,148,31
274,149,31
274,150,31
274,151,31
274,152,31
274,153,31
274,154,31
274,155,31
274,156,31
274,157,31
274,158,31
274,159,31
274,160,31
274,161,31
274,162,31
274,163,31
274,164,31
274,165,31
274,166,31
274,167,31
274,168,31
274,169,31
274,170,31
274,171,31
274,172,31
274,173,31
274,174,31
274,175,31
274,176,31
274,177,31
275,178,31
275,179,31
275,180,31
275,181,31
275,182,31
275,183,31
275,184,31
275,185,31
275,186,31
275,187,31
275,188,31
275,189,31
275,190,31
275,191,31
275,192,31
275,193,31
275,194,31
275,195,31
275,196,31
275,197,31
275,198,31
275,199,31
275,200,31
275,201,31
275,202,31
275,203,31
275,204,31
275,205,31
275,206,31
275,207,31
275,208,31
275,209,31
275,210,31
275,211,31
275,212,31
275,213,31
275,214,31
275,215,31
275,216,31
275,217,31
275,218,31
275,219,31
275,220,31
276,221,31
276,222,31
276,223,31
276,224,31
276,225,31
276,226,31
276,227,31
276,228,31
276,229,31
276,230,31
276,231,31
276,232,31
276,233,31
276,234,31
276,235,31
276,236,31
276,237,31
276,238,31
276,239,31
276,0,32
276,1,32
276,2,32
276,3,32
276,4,32
276,5,32
276,6,32
276,7,32
276,8,32
276,9,32
276,10,32
276,11,32
276,12,32
276,13,32
276,14,32
276,15,32
276,16,32
276,17,32
276,18,32
276,19,32
276,20,32
276,21,32
277,22,32
277,23,32
277,24,32
277,25,32
277,26,32
277,27,32
277,28,32
277,29,32
277,30,32
277,31,32
277,32,32
277,33,32
277,34,32
277,35,32
277,36,32
277,37,32
277,38,32
277,39,32
277,40,32
277,41,32
277,42,32
277,43,32
277,44,32
277,45,32
277,46,32
277,47,32
277,48,32
277,49,32
277,50,32
277,51,32
277,52,32
277,53,32
277,54,32
277,55,32
277,56,32
277,57,32
277,58,32
277,59,32
277,60,32
277,61,32
277,62,32
277,63,32
277,64,32
278,65,32
278,66,32
278,67,32
278,68,32
278,69,32
278,70,32
278,71,32
278,72,32
278,73,32
278,74,32
278,75,32
278,76,32
278,77,32
278,78,32
278,79,32
278,80,32
278,81,32
278,82,32
278,83,32
278,84,32
278,85,32
278,86,32
278,87,32
278,88,32
278,89,32
278,90,32
278,91,32
278,92,32
278,93,32
278,94,32
278,95,32
278,96,32
278,97,32
278,98,32
278,99,32
278,100,32
278,101,32
278,102,32
278,103,32
278,104,32
278,105,32
279,106,32
279,107,32
279,108,32
279,109,32
279,110,32
279,111,32
279,112,32
279,113,32
279,114,32
279,115,32
279,116,32
279,117,32
279,118,32
279,119,32
279,120,32
279,121,32
279,122,32
279,123,32
279,124,32
279,125,32
279,126,32
279,127,32
279,128,32
279,129,32
279,130,32
279,131,32
279,132,32
279,133,32
279,134,32
279,135,32
279,136,32
279,137,32
279,138,32
279,139,32
279,140,32
279,141,32
279,142,32
279,143,32
280,144,32
280,145,32
280,146,32
280,147,32
280,148,32
280,149,32
280,150,32
280,151,32
280,152,32
280,153,32
280,154,32
280,155,32
280,156,32
280,157,32
280,158,32
280,159,32
280,160,32
280,161,32
280,162,32
280,163,32
280,164,32
280,165,32
280,166,32
280,167,32
280,168,32
280,169,32
280,170,32
280,171,32
280,172,32
280,173,32
280,174,32
280,175,32
280,176,32
280,177,32
280,178,32
280,179,32
280,180,32
280,181,32
280,182,32
281,183,32
281,184,32
281,185,32
281,186,32
281,187,32
281,188,32
281,189,32
281,190,32
281,191,32
281,192,32
281,193,32
281,194,32
281,195,32
281,196,32
281,197,32
281,198,32
281,199,32
281,200,32
281,201,32
281,202,32
281,203,32
281,204,32
281,205,32
281,206,32
281,207,32
281,208,32
281,209,32
281,210,32
281,211,32
281,212,32
281,213,32
281,214,32
281,215,32
281,216,32
281,217,32
281,218,32
281,219,32
281,220,32
281,221,32
281,222,32
281,223,32
281,224,32
281,225,32
282,226,32
282,227,32
282,228,32
282,229,32
282,230,32
282,231,32
282,232,32
282,233,32
282,234,32
282,235,32
282,236,32
282,237,32
282,238,32
282,239,32
282,0,33
282,1,33
282,2,33
282,3,33
282,4,33
282,5,33
282,6,33
282,7,33
282,8,33
282,9,33
282,10,33
282,11,33
282,12,33
282,13,33
282,14,33
282,15,33
282,16,33
282,17,33
282,18,33
282,19,33
282,20,33
282,21,33
282,22,33
282,23,33
283,24,33
283,25,33
283,26,33
283,27,33
283,28,33
283,29,33
283,30,33
283,31,33
283,32,33
283,33,33
283,34,33
283,35,33
283,36,33
283,37,33
283,38,33
283,39,33
283,40,33
283,41,33
283,42,33
283,43,33
283,44,33
283,45,33
283,46,33
283,47,33
283,48,33
283,49,33
283,50,33
283,51,33
283,52,33
283,53,33
283,54,33
283,55,33
283,56,33
283,57,33
283,58,33
283,59,33
284,60,33
284,61,33
284,62,33
284,63,33
284,64,33
284,65,33
284,66,33
284,67,33
284,68,33
284,69,33
284,70,33
284,71,33
284,72,33
284,73,33
284,74,33
284,75,33
284,76,33
284,77,33
284,78,33
284,79,33
284,80,33
284,81,33
284,82,33
284,83,33
284,84,33
284,85,33
284,86,33
284,87,33
284,88,33
284,89,33
284,90,33
284,91,33
284,92,33
284,93,33
284,94,33
284,95,33
284,96,33
284,97,33
284,98,33
284,99,33
284,100,33
284,101,33
284,102,33
285,103,33
285,104,33
285,105,33
285,106,33
285,107,33
285,108,33
285,109,33
285,110,33
285,111,33
285,112,33
285,113,33
285,114,33
285,115,33
285,116,33
285,117,33
285,118,33
285,119,33
285,120,33
285,121,33
285,122,33
285,123,33
285,124,33
285,125,33
285,126,33
285,127,33
285,128,33
285,129,33
285,130,33
285,131,33
285,132,33
285,133,33
285,134,33
285,135,33
285,136,33
285,137,33
285,138,33
285,139,33
285,140,33
285,141,33
285,142,33
285,143,33
285,144,33
285,145,33
286,146,33
286,147,33
286,148,33
286,149,33
286,150,33
286,151,33
286,152,33
286,153,33
286,154,33
286,155,33
286,156,33
286,157,33
286,158,33
286,159,33
286,160,33
286,161,33
286,162,33
286,163,33
286,164,33
286,165,33
286,166,33
286,167,33
286,168,33
286,169,33
286,170,33
286,171,33
286,172,33
286,173,33
286,174,33
286,175,33
286,176,33
286,177,33
286,178,33
286,179,33
286,180,33
286,181,33
286,182,33
286,183,33
286,184,33
286,185,33
286,186,33
287,187,33
287,188,33
287,189,33
287,190,33
287,191,33
287,192,33
287,193,33
287,194,33
287,195,33
287,196,33
287,197,33
287,198,33
287,199,33
287,200,33
287,201,33
287,202,33
287,203,33
287,204,33
287,205,33
287,206,33
287,207,33
287,208,33
287,209,33
287,210,33
287,211,33
287,212,33
287,213,33
287,214,33
287,215,33
287,216,33
287,217,33
287,218,33
287,219,33
287,220,33
287,221,33
287,222,33
287,223,33
287,224,33
287,225,33
287,226,33
287,227,33
287,228,33
288,229,33
288,230,33
288,231,33
288,232,33
288,233,33
288,234,33
288,235,33
288,236,33
288,237,33
288,238,33
288,239,33
288,0,34
288,1,34
288,2,34
288,3,34
288,4,34
288,5,34
288,6,34
288,7,34
288,8,34
288,9,34
288,10,34
288,11,34
288,12,34
288,13,34
288,14,34
288,15,34
288,16,34
288,17,34
288,18,34
288,19,34
288,20,34
288,21,34
288,22,34
288,23,34
288,24,34
288,25,34
288,26,34
288,27,34
288,28,34
288,29,34
289,30,34
289,31,34
289,32,34
289,33,34
289,34,34
289,35,34
289,36,34
289,37,34
289,38,34
289,39,34
289,40,34
289,41,34
289,42,34
289,43,34
289,44,34
289,45,34
289,46,34
289,47,34
289,48,34
289,49,34
289,50,34
289,51,34
289,52,34
289,53,34
289,54,34
289,55,34
289,56,34
289,57,34
289,58,34
289,59,34
289,60,34
289,61,34
289,62,34
289,63,34
289,64,34
290,65,34
290,66,34
290,67,34
290,68,34
290,69,34
290,70,34
290,71,34
290,72,34
290,73,34
290,74,34
290,75,34
290,76,34
290,77,34
290,78,34
290,79,34
290,80,34
290,81,34
290,82,34
290,83,34
290,84,34
290,85,34
290,86,34
290,87,34
290,88,34
290,89,34
290,90,34
290,91,34
290,92,34
290,93,34
290,94,34
290,95,34
290,96,34
290,97,34
290,98,34
290,99,34
290,100,34
290,101,34
290,102,34
290,103,34
290,104,34
290,105,34
290,106,34
290,107,34
291,108,34
291,109,34
291,110,34
291,111,34
291,112,34
291,113,34
291,114,34
291,115,34
291,116,34
291,117,34
291,118,34
291,119,34
291,120,34
291,121,34
291,122,34
291,123,34
291,124,34
291,125,34
291,126,34
291,127,34
291,128,34
291,129,34
291,130,34
291,131,34
291,132,34
291,133,34
291,134,34
291,135,34
291,136,34
291,137,34
291,138,34
291,139,34
291,140,34
291,141,34
291,142,34
291,143,34
291,144,34
291,145,34
291,146,34
291,147,34
291,148,34
291,149,34
291,150,34
292,151,34
292,152,34
292,153,34
292,154,34
292,155,34
292,156,34
292,157,34
292,158,34
292,159,34
292,160,34
292,161,34
292,162,34
292,163,34
292,164,34
292,165,34
292,166,34
292,167,34
292,168,34
292,169,34
292,170,34
292,171,34
292,172,34
292,173,34
292,174,34
292,175,34
292,176,34
292,177,34
292,178,34
292,179,34
292,180,34
292,181,34
292,182,34
292,183,34
292,184,34
292,185,34
292,186,34
292,187,34
292,188,34
292,189,34
292,190,34
293,191,34
293,192,34
293,193,34
293,194,34
293,195,34
293,196,34
293,197,34
293,198,34
293,199,34
293,200,34
293,201,34
293,202,34
293,203,34
293,204,34
293,205,34
293,206,34
293,207,34
293,208,34
293,209,34
293,210,34
293,211,34
293,212,34
293,213,34
293,214,34
293,215,34
293,216,34
293,217,34
293,218,34
293,219,34
293,220,34
293,221,34
293,222,34
293,223,34
293,224,34
293,225,34
293,226,34
293,227,34
293,228,34
293,229,34
293,230,34
293,231,34
293,232,34
294,233,34
294,234,34
294,235,34
294,236,34
294,237,34
294,238,34
294,239,34
294,0,35
294,1,35
294,2,35
294,3,35
294,4,35
294,5,35
294,6,35
294,7,35
294,8,35
294,9,35
294,10,35
294,11,35
294,12,35
294,13,35
294,14,35
294,15,35
294,16,35
294,17,35
294,18,35
294,19,35
294,20,35
294,21,35
294,22,35
294,23,35
294,24,35
294,25,35
294,26,35
294,27,35
294,28,35
294,29,35
294,30,35
294,31,35
294,32,35
294,33,35
294,34,35
294,35,35
295,36,35
295,37,35
295,38,35
295,39,35
295,40,35
295,41,35
295,42,35
295,43,35
295,44,35
295,45,35
295,46,35
295,47,35
295,48,35
295,49,35
295,50,35
295,51,35
295,52,35
295,53,35
295,54,35
295,55,35
295,56,35
295,57,35
295,58,35
295,59,35
295,60,35
295,61,35
295,62,35
295,63,35
295,64,35
295,65,35
295,66,35
295,67,35
295,68,35
295,69,35
295,70,35
295,71,35
295,72,35
295,73,35
295,74,35
295,75,35
295,76,35
296,77,35
296,78,35
296,79,35
296,80,35
296,81,35
296,82,35
296,83,35
296,84,35
296,85,35
296,86,35
296,87,35
296,88,35
296,89,35
296,90,35
296,91,35
296,92,35
296,93,35
296,94,35
296,95,35
296,96,35
296,97,35
296,98,35
296,99,35
296,100,35
296,101,35
296,102,35
296,103,35
296,104,35
296,105,35
296,106,35
296,107,35
296,108,35
296,109,35
296,110,35
296,111,35
296,112,35
296,113,35
296,114,35
296,115,35
296,116,35
296,117,35
296,118,35
296,119,35
297,120,35
297,121,35
297,122,35
297,123,35
297,124,35
297,125,35
297,126,35
297,127,35
297,128,35
297,129,35
297,130,35
297,131,35
297,132,35
297,133,35
297,134,35
297,135,35
297,136,35
297,137,35
297,138,35
297,139,35
297,140,35
297,141,35
297,142,35
297,143,35
297,144,35
297,145,35
297,146,35
297,147,35
297,148,35
297,149,35
297,150,35
297,151,35
297,152,35
297,153,35
297,154,35
297,155,35
297,156,35
297,157,35
297,158,35
297,159,35
297,160,35
297,161,35
298,162,35
298,163,35
298,164,35
298,165,35
298,166,35
298,167,35
298,168,35
298,169,35
298,170,35
298,171,35
298,172,35
298,173,35
298,174,35
298,175,35
298,176,35
298,177,35
298,178,35
298,179,35
298,180,35
298,181,35
298,182,35
298,183,35
298,184,35
298,185,35
298,186,35
298,187,35
298,188,35
298,189,35
298,190,35
298,191,35
298,192,35
298,193,35
298,194,35
298,195,35
298,196,35
298,197,35
298,198,35
298,199,35
299,200,35
299,201,35
299,202,35
299,203,35
299,204,35
299,205,35
299,206,35
299,207,35
299,208,35
299,209,35
299,210,35
299,211,35
299,212,35
299,213,35
299,214,35
299,215,35
299,216,35
299,217,35
299,218,35
299,219,35
299,220,35
299,221,35
299,222,35
299,223,35
299,224,35
299,225,35
299,226,35
299,227,35
299,228,35
299,229,35
299,230,35
300,231,35
300,232,35
300,233,35
300,234,35
300,235,35
300,236,35
300,237,35
300,238,35
300,239,35
300,0,36
300,1,36
300,2,36
300,3,36
300,4,36
300,5,36
300,6,36
300,7,36
300,8,36
300,9,36
300,10,36
300,11,36
300,12,36
300,13,36
300,14,36
300,15,36
300,16,36
300,17,36
300,18,36
300,19,36
300,20,36
300,21,36
300,22,36
300,23,36
300,24,36
300,25,36
300,26,36
301,27,36
301,28,36
301,29,36
301,30,36
301,31,36
301,32,36
301,33,36
301,34,36
301,35,36
301,36,36
301,37,36
301,38,36
301,39,36
301,40,36
301,41,36
301,42,36
301,43,36
301,44,36
301,45,36
301,46,36
301,47,36
301,48,36
301,49,36
301,50,36
301,51,36
301,52,36
301,53,36
301,54,36
301,55,36
301,56,36
301,57,36
301,58,36
301,59,36
301,60,36
301,61,36
301,62,36
301,63,36
301,64,36
301,65,36
301,66,36
301,67,36
301,68,36
301,69,36
302,70,36
302,71,36
302,72,36
302,73,36
302,74,36
302,75,36
302,76,36
302,77,36
302,78,36
302,79,36
302,80,36
302,81,36
302,82,36
302,83,36
302,84,36
302,85,36
302,86,36
302,87,36
302,88,36
302,89,36
302,90,36
302,91,36
302,92,36
302,93,36
302,94,36
302,95,36
302,96,36
302,97,36
302,98,36
302,99,36
302,100,36
302,101,36
302,102,36
302,103,36
302,104,36
302,105,36
302,106,36
302,107,36
302,108,36
302,109,36
302,110,36
302,111,36
303,112,36
303,113,36
303,114,36
303,115,36
303,116,36
303,117,36
303,118,36
303,119,36
303,120,36
303,121,36
303,122,36
303,123,36
303,124,36
303,125,36
303,126,36
303,127,36
303,128,36
303,129,36
303,130,36
303,131,36
303,132,36
303,133,36
303,134,36
303,135,36
303,136,36
303,137,36
303,138,36
303,139,36
303,140,36
303,141,36
303,142,36
303,143,36
303,144,36
303,145,36
303,146,36
303,147,36
303,148,36
303,149,36
303,150,36
303,151,36
303,152,36
303,153,36
304,154,36
304,155,36
304,156,36
304,157,36
304,158,36
304,159,36
304,160,36
304,161,36
304,162,36
304,163,36
304,164,36
304,165,36
304,166,36
304,167,36
304,168,36
304,169,36
304,170,36
304,171,36
304,172,36
304,173,36
304,174,36
304,175,36
304,176,36
304,177,36
304,178,36
304,179,36
304,180,36
304,181,36
304,182,36
304,183,36
304,184,36
304,185,36
304,186,36
304,187,36
304,188,36
304,189,36
304,190,36
304,191,36
304,192,36
304,193,36
304,194,36
304,195,36
304,196,36
305,197,36
305,198,36
305,199,36
305,200,36
305,201,36
305,202,36
305,203,36
305,204,36
305,205,36
305,206,36
305,207,36
305,208,36
305,209,36
305,210,36
305,211,36
305,212,36
305,213,36
305,214,36
305,215,36
305,216,36
305,217,36
305,218,36
305,219,36
305,220,36
305,221,36
305,222,36
305,223,36
305,224,36
305,225,36
305,226,36
305,227,36
305,228,36
305,229,36
305,230,36
305,231,36
305,232,36
305,233,36
305,234,36
305,235,36
305,236,36
305,237,36
306,238,36
306,239,36
306,0,37
306,1,37
306,2,37
306,3,37
306,4,37
306,5,37
306,6,37
306,7,37
306,8,37
306,9,37
306,10,37
306,11,37
306,12,37
306,13,37
306,14,37
306,15,37
306,16,37
306,17,37
306,18,37
306,19,37
306,20,37
306,21,37
306,22,37
306,23,37
306,24,37
306,25,37
306,26,37
306,27,37
306,28,37
306,29,37
306,30,37
306,31,37
306,32,37
306,33,37
306,34,37
306,35,37
306,36,37
306,37,37
306,38,37
306,39,37
306,40,37
307,41,37
307,42,37
307,43,37
307,44,37
307,45,37
307,46,37
307,47,37
307,48,37
307,49,37
307,50,37
307,51,37
307,52,37
307,53,37
307,54,37
307,55,37
307,56,37
307,57,37
307,58,37
307,59,37
307,60,37
307,61,37
307,62,37
307,63,37
307,64,37
307,65,37
307,66,37
307,67,37
307,68,37
307,69,37
307,70,37
307,71,37
307,72,37
307,73,37
307,74,37
307,75,37
307,76,37
307,77,37
307,78,37
307,79,37
307,80,37
307,81,37
307,82,37
308,83,37
308,84,37
308,85,37
308,86,37
308,87,37
308,88,37
308,89,37
308,90,37
308,91,37
308,92,37
308,93,37
308,94,37
308,95,37
308,96,37
308,97,37
308,98,37
308,99,37
308,100,37
308,101,37
308,102,37
308,103,37
308,104,37
308,105,37
308,106,37
308,107,37
308,108,37
308,109,37
308,110,37
308,111,37
308,112,37
308,113,37
308,114,37
308,115,37
308,116,37
308,117,37
308,118,37
308,119,37
308,120,37
308,121,37
308,122,37
308,123,37
308,124,37
309,125,37
309,126,37
309,127,37
309,128,37
309,129,37
309,130,37
309,131,37
309,132,37
309,133,37
309,134,37
309,135,37
309,136,37
309,137,37
309,138,37
309,139,37
309,140,37
309,141,37
309,142,37
309,143,37
309,144,37
309,145,37
309,146,37
309,147,37
309,148,37
309,149,37
309,150,37
309,151,37
309,152,37
309,153,37
309,154,37
309,155,37
309,156,37
309,157,37
309,158,37
309,159,37
309,160,37
309,161,37
309,162,37
309,163,37
309,164,37
310,165,37
310,166,37
310,167,37
310,168,37
310,169,37
310,170,37
310,171,37
310,172,37
310,173,37
310,174,37
310,175,37
310,176,37
310,177,37
310,178,37
310,179,37
310,180,37
310,181,37
310,182,37
310,183,37
310,184,37
310,185,37
310,186,37
310,187,37
310,188,37
310,189,37
310,190,37
310,191,37
310,192,37
310,193,37
310,194,37
310,195,37
310,196,37
310,197,37
310,198,37
310,199,37
310,200,37
310,201,37
310,202,37
310,203,37
310,204,37
310,205,37
310,206,37
311,207,37
311,208,37
311,209,37
311,210,37
311,211,37
311,212,37
311,213,37
311,214,37
311,215,37
311,216,37
311,217,37
311,218,37
311,219,37
311,220,37
311,221,37
311,222,37
311,223,37
311,224,37
311,225,37
311,226,37
311,227,37
311,228,37
311,229,37
311,230,37
311,231,37
311,232,37
311,233,37
311,234,37
311,235,37
311,236,37
311,237,37
311,238,37
311,239,37
311,0,38
311,1,38
311,2,38
311,3,38
311,4,38
311,5,38
311,6,38
311,7,38
311,8,38
311,9,38
312,10,38
312,11,38
312,12,38
312,13,38
312,14,38
312,15,38
312,16,38
312,17,38
312,18,38
312,19,38
312,20,38
312,21,38
312,22,38
312,23,38
312,24,38
312,25,38
312,26,38
312,27,38
312,28,38
312,29,38
312,30,38
312,31,38
312,32,38
312,33,38
312,34,38
312,35,38
312,36,38
312,37,38
312,38,38
312,39,38
312,40,38
312,41,38
312,42,38
312,43,38
312,44,38
312,45,38
312,46,38
312,47,38
312,48,38
312,49,38
312,50,38
312,51,38
312,52,38
313,53,38
313,54,38
313,55,38
313,56,38
313,57,38
313,58,38
313,59,38
313,60,38
313,61,38
313,62,38
313,63,38
313,64,38
313,65,38
313,66,38
313,67,38
313,68,38
313,69,38
313,70,38
313,71,38
313,72,38
313,73,38
313,74,38
313,75,38
313,76,38
313,77,38
313,78,38
313,79,38
313,80,38
313,81,38
313,82,38
313,83,38
313,84,38
313,85,38
313,86,38
313,87,38
313,88,38
313,89,38
313,90,38
313,91,38
313,92,38
313,93,38
313,94,38
314,95,38
314,96,38
314,97,38
314,98,38
314,99,38
314,100,38
314,101,38
314,102,38
314,103,38
314,104,38
314,105,38
314,106,38
314,107,38
314,108,38
314,109,38
314,110,38
314,111,38
314,112,38
314,113,38
314,114,38
314,115,38
314,116,38
314,117,38
314,118,38
314,119,38
314,120,38
314,121,38
314,122,38
314,123,38
314,124,38
314,125,38
314,126,38
315,127,38
315,128,38
315,129,38
315,130,38
315,131,38
315,132,38
315,133,38
315,134,38
315,135,38
315,136,38
315,137,38
315,138,38
315,139,38
315,140,38
315,141,38
315,142,38
315,143,38
315,144,38
315,145,38
315,146,38
315,147,38
315,148,38
315,149,38
315,150,38
315,151,38
315,152,38
315,153,38
315,154,38
315,155,38
315,156,38
315,157,38
315,158,38
315,159,38
315,160,38
315,161,38
316,162,38
316,163,38
316,164,38
316,165,38
316,166,38
316,167,38
316,168,38
316,169,38
316,170,38
316,171,38
316,172,38
316,173,38
316,174,38
316,175,38
316,176,38
316,177,38
316,178,38
316,179,38
316,180,38
316,181,38
316,182,38
316,183,38
316,184,38
316,185,38
316,186,38
316,187,38
316,188,38
316,189,38
316,190,38
316,191,38
316,192,38
316,193,38
316,194,38
316,195,38
316,196,38
316,197,38
316,198,38
316,199,38
316,200,38
316,201,38
316,202,38
316,203,38
316,204,38
317,205,38
317,206,38
317,207,38
317,208,38
317,209,38
317,210,38
317,211,38
317,212,38
317,213,38
317,214,38
317,215,38
317,216,38
317,217,38
317,218,38
317,219,38
317,220,38
317,221,38
317,222,38
317,223,38
317,224,38
317,225,38
317,226,38
317,227,38
317,228,38
317,229,38
317,230,38
317,231,38
317,232,38
317,233,38
317,234,38
317,235,38
317,236,38
317,237,38
317,238,38
317,239,38
317,0,39
317,1,39
317,2,39
317,3,39
317,4,39
317,5,39
317,6,39
318,7,39
318,8,39
318,9,39
318,10,39
318,11,39
318,12,39
318,13,39
318,14,39
318,15,39
318,16,39
318,17,39
318,18,39
318,19,39
318,20,39
318,21,39
318,22,39
318,23,39
318,24,39
318,25,39
318,26,39
318,27,39
318,28,39
318,29,39
318,30,39
318,31,39
318,32,39
318,33,39
318,34,39
318,35,39
318,36,39
318,37,39
318,38,39
318,39,39
318,40,39
318,41,39
318,42,39
318,43,39
318,44,39
318,45,39
318,46,39
319,47,39
319,48,39
319,49,39
319,50,39
319,51,39
319,52,39
319,53,39
319,54,39
319,55,39
319,56,39
319,57,39
319,58,39
319,59,39
319,60,39
319,61,39
319,62,39
319,63,39
319,64,39
319,65,39
319,66,39
319,67,39
319,68,39
319,69,39
319,70,39
319,71,39
319,72,39
319,73,39
319,74,39
319,75,39
319,76,39
319,77,39
319,78,39
319,79,39
319,80,39
319,81,39
319,82,39
319,83,39
319,84,39
320,85,39
320,86,39
320,87,39
320,88,39
320,89,39
320,90,39
320,91,39
320,92,39
320,93,39
320,94,39
320,95,39
320,96,39
320,97,39
320,98,39
320,99,39
320,100,39
320,101,39
320,102,39
320,103,39
320,104,39
320,105,39
320,106,39
320,107,39
320,108,39
320,109,39
320,110,39
320,111,39
320,112,39
320,113,39
320,114,39
320,115,39
320,116,39
320,117,39
320,118,39
320,119,39
320,120,39
320,121,39
320,122,39
321,123,39
321,124,39
321,125,39
321,126,39
321,127,39
321,128,39
321,129,39
321,130,39
321,131,39
321,132,39
321,133,39
321,134,39
321,135,39
321,136,39
321,137,39
321,138,39
321,139,39
321,140,39
321,141,39
321,142,39
321,143,39
321,144,39
321,145,39
321,146,39
321,147,39
321,148,39
321,149,39
321,150,39
321,151,39
321,152,39
321,153,39
321,154,39
321,155,39
321,156,39
322,157,39
322,158,39
322,159,39
322,160,39
322,161,39
322,162,39
322,163,39
322,164,39
322,165,39
322,166,39
322,167,39
322,168,39
322,169,39
322,170,39
322,171,39
322,172,39
322,173,39
322,174,39
322,175,39
322,176,39
322,177,39
322,178,39
322,179,39
322,180,39
322,181,39
322,182,39
322,183,39
322,184,39
322,185,39
322,186,39
322,187,39
322,188,39
322,189,39
322,190,39
322,191,39
322,192,39
322,193,39
322,194,39
322,195,39
322,196,39
322,197,39
322,198,39
322,199,39
323,200,39
323,201,39
323,202,39
323,203,39
323,204,39
323,205,39
323,206,39
323,207,39
323,208,39
323,209,39
323,210,39
323,211,39
323,212,39
323,213,39
323,214,39
323,215,39
323,216,39
323,217,39
323,218,39
323,219,39
323,220,39
323,221,39
323,222,39
323,223,39
323,224,39
323,225,39
323,226,39
323,227,39
323,228,39
323,229,39
323,230,39
323,231,39
323,232,39
323,233,39
323,234,39
323,235,39
323,236,39
323,237,39
323,238,39
323,239,39
323,0,40
323,1,40
324,2,40
324,3,40
324,4,40
324,5,40
324,6,40
324,7,40
324,8,40
324,9,40
324,10,40
324,11,40
324,12,40
324,13,40
324,14,40
324,15,40
324,16,40
324,17,40
324,18,40
324,19,40
324,20,40
324,21,40
324,22,40
324,23,40
324,24,40
324,25,40
324,26,40
324,27,40
324,28,40
324,29,40
324,30,40
324,31,40
324,32,40
324,33,40
324,34,40
324,35,40
324,36,40
324,37,40
324,38,40
324,39,40
324,40,40
324,41,40
324,42,40
324,43,40
325,44,40
325,45,40
325,46,40
325,47,40
325,48,40
325,49,40
325,50,40
325,51,40
325,52,40
325,53,40
325,54,40
325,55,40
325,56,40
325,57,40
325,58,40
325,59,40
325,60,40
325,61,40
325,62,40
325,63,40
325,64,40
325,65,40
325,66,40
325,67,40
325,68,40
325,69,40
325,70,40
325,71,40
325,72,40
325,73,40
325,74,40
325,75,40
325,76,40
325,77,40
325,78,40
325,79,40
325,80,40
325,81,40
325,82,40
325,83,40
325,84,40
325,85,40
326,86,40
326,87,40
326,88,40
326,89,40
326,90,40
326,91,40
326,92,40
326,93,40
326,94,40
326,95,40
326,96,40
326,97,40
326,98,40
326,99,40
326,100,40
326,101,40
326,102,40
326,103,40
326,104,40
326,105,40
326,106,40
326,107,40
326,108,40
326,109,40
326,110,40
326,111,40
326,112,40
326,113,40
326,114,40
326,115,40
326,116,40
326,117,40
326,118,40
326,119,40
326,120,40
326,121,40
326,122,40
326,123,40
326,124,40
326,125,40
326,126,40
326,127,40
327,128,40
327,129,40
327,130,40
327,131,40
327,132,40
327,133,40
327,134,40
327,135,40
327,136,40
327,137,40
327,138,40
327,139,40
327,140,40
327,141,40
327,142,40
327,143,40
327,144,40
327,145,40
327,146,40
327,147,40
327,148,40
327,149,40
327,150,40
327,151,40
327,152,40
327,153,40
327,154,40
327,155,40
327,156,40
327,157,40
327,158,40
327,159,40
327,160,40
327,161,40
327,162,40
327,163,40
327,164,40
327,165,40
327,166,40
327,167,40
327,168,40
327,169,40
327,170,40
328,171,40
328,172,40
328,173,40
328,174,40
328,175,40
328,176,40
328,177,40
328,178,40
328,179,40
328,180,40
328,181,40
328,182,40
328,183,40
328,184,40
328,185,40
328,186,40
328,187,40
328,188,40
328,189,40
328,190,40
328,191,40
328,192,40
328,193,40
328,194,40
328,195,40
328,196,40
328,197,40
328,198,40
328,199,40
328,200,40
328,201,40
328,202,40
328,203,40
328,204,40
328,205,40
328,206,40
328,207,40
328,208,40
328,209,40
329,210,40
329,211,40
329,212,40
329,213,40
329,214,40
329,215,40
329,216,40
329,217,40
329,218,40
329,219,40
329,220,40
329,221,40
329,222,40
329,223,40
329,224,40
329,225,40
329,226,40
329,227,40
329,228,40
329,229,40
329,230,40
329,231,40
329,232,40
329,233,40
329,234,40
329,235,40
329,236,40
329,237,40
329,238,40
329,239,40
329,0,41
329,1,41
329,2,41
329,3,41
329,4,41
329,5,41
329,6,41
329,7,41
329,8,41
329,9,41
330,10,41
330,11,41
330,12,41
330,13,41
330,14,41
330,15,41
330,16,41
330,17,41
330,18,41
330,19,41
330,20,41
330,21,41
330,22,41
330,23,41
330,24,41
330,25,41
330,26,41
330,27,41
330,28,41
330,29,41
330,30,41
330,31,41
330,32,41
330,33,41
330,34,41
330,35,41
330,36,41
330,37,41
330,38,41
330,39,41
330,40,41
330,41,41
330,42,41
330,43,41
331,44,41
331,45,41
331,46,41
331,47,41
331,48,41
331,49,41
331,50,41
331,51,41
331,52,41
331,53,41
331,54,41
331,55,41
331,56,41
331,57,41
331,58,41
331,59,41
331,60,41
331,61,41
331,62,41
331,63,41
331,64,41
331,65,41
331,66,41
331,67,41
331,68,41
331,69,41
331,70,41
331,71,41
331,72,41
331,73,41
331,74,41
331,75,41
331,76,41
331,77,41
331,78,41
331,79,41
331,80,41
331,81,41
331,82,41
331,83,41
331,84,41
331,85,41
331,86,41
332,87,41
332,88,41
332,89,41
332,90,41
332,91,41
332,92,41
332,93,41
332,94,41
332,95,41
332,96,41
332,97,41
332,98,41
332,99,41
332,100,41
332,101,41
332,102,41
332,103,41
332,104,41
332,105,41
332,106,41
332,107,41
332,108,41
332,109,41
332,110,41
332,111,41
332,112,41
332,113,41
332,114,41
332,115,41
332,116,41
332,117,41
332,118,41
332,119,41
332,120,41
332,121,41
332,122,41
332,123,41
332,124,41
332,125,41
332,126,41
332,127,41
332,128,41
333,129,41
333,130,41
333,131,41
333,132,41
333,133,41
333,134,41
333,135,41
333,136,41
333,137,41
333,138,41
333,139,41
333,140,41
333,141,41
333,142,41
333,143,41
333,144,41
333,145,41
333,146,41
333,147,41
333,148,41
333,149,41
333,150,41
333,151,41
333,152,41
333,153,41
333,154,41
333,155,41
333,156,41
333,157,41
333,158,41
333,159,41
333,160,41
333,161,41
333,162,41
333,163,41
333,164,41
333,165,41
333,166,41
333,167,41
333,168,41
333,169,41
333,170,41
333,171,41
334,172,41
334,173,41
334,174,41
334,175,41
334,176,41
334,177,41
334,178,41
334,179,41
334,180,41
334,181,41
334,182,41
334,183,41
334,184,41
334,185,41
334,186,41
334,187,41
334,188,41
334,189,41
334,190,41
334,191,41
334,192,41
334,193,41
334,194,41
334,195,41
334,196,41
334,197,41
334,198,41
334,199,41
334,200,41
334,201,41
334,202,41
334,203,41
334,204,41
334,205,41
334,206,41
334,207,41
334,208,41
334,209,41
334,210,41
334,211,41
334,212,41
335,213,41
335,214,41
335,215,41
335,216,41
335,217,41
335,218,41
335,219,41
335,220,41
335,221,41
335,222,41
335,223,41
335,224,41
335,225,41
335,226,41
335,227,41
335,228,41
335,229,41
335,230,41
335,231,41
335,232,41
335,233,41
335,234,41
335,235,41
335,236,41
335,237,41
335,238,41
335,239,41
335,0,42
335,1,42
335,2,42
335,3,42
335,4,42
335,5,42
335,6,42
335,7,42
335,8,42
335,9,42
335,10,42
335,11,42
335,12,42
335,13,42
336,14,42
336,15,42
336,16,42
336,17,42
336,18,42
336,19,42
336,20,42
336,21,42
336,22,42
336,23,42
336,24,42
336,25,42
336,26,42
336,27,42
336,28,42
336,29,42
336,30,42
336,31,42
336,32,42
336,33,42
336,34,42
336,35,42
336,36,42
336,37,42
336,38,42
336,39,42
336,40,42
336,41,42
336,42,42
336,43,42
336,44,42
336,45,42
336,46,42
336,47,42
336,48,42
336,49,42
336,50,42
336,51,42
336,52,42
336,53,42
336,54,42
336,55,42
336,56,42
337,57,42
337,58,42
337,59,42
337,60,42
337,61,42
337,62,42
337,63,42
337,64,42
337,65,42
337,66,42
337,67,42
337,68,42
337,69,42
337,70,42
337,71,42
337,72,42
337,73,42
337,74,42
337,75,42
337,76,42
337,77,42
337,78,42
337,79,42
337,80,42
337,81,42
337,82,42
337,83,42
337,84,42
337,85,42
337,86,42
337,87,42
337,88,42
337,89,42
337,90,42
337,91,42
337,92,42
337,93,42
337,94,42
337,95,42
337,96,42
337,97,42
337,98,42
338,99,42
338,100,42
338,101,42
338,102,42
338,103,42
338,104,42
338,105,42
338,106,42
338,107,42
338,108,42
338,109,42
338,110,42
338,111,42
338,112,42
338,113,42
338,114,42
338,115,42
338,116,42
338,117,42
338,118,42
338,119,42
338,120,42
338,121,42
338,122,42
338,123,42
338,124,42
338,125,42
338,126,42
338,127,42
338,128,42
338,129,42
338,130,42
338,131,42
338,132,42
338,133,42
338,134,42
338,135,42
338,136,42
338,137,42
338,138,42
338,139,42
339,140,42
339,141,42
339,142,42
339,143,42
339,144,42
339,145,42
339,146,42
339,147,42
339,148,42
339,149,42
339,150,42
339,151,42
339,152,42
339,153,42
339,154,42
339,155,42
339,156,42
339,157,42
339,158,42
339,159,42
339,160,42
339,161,42
339,162,42
339,163,42
339,164,42
339,165,42
339,166,42
339,167,42
339,168,42
339,169,42
339,170,42
339,171,42
339,172,42
339,173,42
339,174,42
339,175,42
339,176,42
339,177,42
340,178,42
340,179,42
340,180,42
340,181,42
340,182,42
340,183,42
340,184,42
340,185,42
340,186,42
340,187,42
340,188,42
340,189,42
340,190,42
340,191,42
340,192,42
340,193,42
340,194,42
340,195,42
340,196,42
340,197,42
340,198,42
340,199,42
340,200,42
340,201,42
340,202,42
340,203,42
340,204,42
340,205,42
340,206,42
340,207,42
340,208,42
340,209,42
340,210,42
340,211,42
340,212,42
340,213,42
340,214,42
340,215,42
340,216,42
341,217,42
341,218,42
341,219,42
341,220,42
341,221,42
341,222,42
341,223,42
341,224,42
341,225,42
341,226,42
341,227,42
341,228,42
341,229,42
341,230,42
341,231,42
341,232,42
341,233,42
341,234,42
341,235,42
341,236,42
341,237,42
341,238,42
341,239,42
341,0,43
341,1,43
341,2,43
341,3,43
341,4,43
341,5,43
341,6,43
341,7,43
341,8,43
341,9,43
341,10,43
341,11,43
341,12,43
341,13,43
341,14,43
341,15,43
341,16,43
341,17,43
341,18,43
341,19,43
342,20,43
342,21,43
342,22,43
342,23,43
342,24,43
342,25,43
342,26,43
342,27,43
342,28,43
342,29,43
342,30,43
342,31,43
342,32,43
342,33,43
342,34,43
342,35,43
342,36,43
342,37,43
342,38,43
342,39,43
342,40,43
342,41,43
342,42,43
342,43,43
342,44,43
342,45,43
342,46,43
342,47,43
342,48,43
342,49,43
342,50,43
342,51,43
342,52,43
342,53,43
342,54,43
342,55,43
342,56,43
342,57,43
342,58,43
342,59,43
342,60,43
342,61,43
343,62,43
343,63,43
343,64,43
343,65,43
343,66,43
343,67,43
343,68,43
343,69,43
343,70,43
343,71,43
343,72,43
343,73,43
343,74,43
343,75,43
343,76,43
343,77,43
343,78,43
343,79,43
343,80,43
343,81,43
343,82,43
343,83,43
343,84,43
343,85,43
343,86,43
343,87,43
343,88,43
343,89,43
343,90,43
343,91,43
343,92,43
343,93,43
343,94,43
343,95,43
343,96,43
343,97,43
343,98,43
343,99,43
343,100,43
343,101,43
343,102,43
343,103,43
344,104,43
344,105,43
344,106,43
344,107,43
344,108,43
344,109,43
344,110,43
344,111,43
344,112,43
344,113,43
344,114,43
344,115,43
344,116,43
344,117,43
344,118,43
344,119,43
344,120,43
344,121,43
344,122,43
344,123,43
344,124,43
344,125,43
344,126,43
344,127,43
344,128,43
344,129,43
344,130,43
344,131,43
344,132,43
344,133,43
344,134,43
344,135,43
344,136,43
344,137,43
344,138,43
344,139,43
344,140,43
344,141,43
344,142,43
344,143,43
344,144,43
345,145,43
345,146,43
345,147,43
345,148,43
345,149,43
345,150,43
345,151,43
345,152,43
345,153,43
345,154,43
345,155,43
345,156,43
345,157,43
345,158,43
345,159,43
345,160,43
345,161,43
345,162,43
345,163,43
345,164,43
345,165,43
345,166,43
345,167,43
345,168,43
345,169,43
345,170,43
345,171,43
345,172,43
345,173,43
345,174,43
345,175,43
345,176,43
345,177,43
345,178,43
345,179,43
345,180,43
345,181,43
345,182,43
345,183,43
345,184,43
345,185,43
345,186,43
346,187,43
346,188,43
346,189,43
346,190,43
346,191,43
346,192,43
346,193,43
346,194,43
346,195,43
346,196,43
346,197,43
346,198,43
346,199,43
346,200,43
346,201,43
346,202,43
346,203,43
346,204,43
346,205,43
346,206,43
346,207,43
346,208,43
346,209,43
346,210,43
346,211,43
346,212,43
346,213,43
346,214,43
346,215,43
346,216,43
346,217,43
346,218,43
346,219,43
346,220,43
346,221,43
346,222,43
346,223,43
346,224,43
346,225,43
346,226,43
347,227,43
347,228,43
347,229,43
347,230,43
347,231,43
347,232,43
347,233,43
347,234,43
347,235,43
347,236,43
347,237,43
347,238,43
347,239,43
347,0,44
347,1,44
347,2,44
347,3,44
347,4,44
347,5,44
347,6,44
347,7,44
347,8,44
347,9,44
347,10,44
347,11,44
347,12,44
347,13,44
347,14,44
347,15,44
347,16,44
347,17,44
347,18,44
347,19,44
347,20,44
347,21,44
347,22,44
347,23,44
347,24,44
347,25,44
347,26,44
347,27,44
347,28,44
348,29,44
348,30,44
348,31,44
348,32,44
348,33,44
348,34,44
348,35,44
348,36,44
348,37,44
348,38,44
348,39,44
348,40,44
348,41,44
348,42,44
348,43,44
348,44,44
348,45,44
348,46,44
348,47,44
348,48,44
348,49,44
348,50,44
348,51,44
348,52,44
348,53,44
348,54,44
348,55,44
348,56,44
348,57,44
348,58,44
348,59,44
348,60,44
348,61,44
348,62,44
348,63,44
348,64,44
348,65,44
348,66,44
348,67,44
348,68,44
348,69,44
348,70,44
349,71,44
349,72,44
349,73,44
349,74,44
349,75,44
349,76,44
349,77,44
349,78,44
349,79,44
349,80,44
349,81,44
349,82,44
349,83,44
349,84,44
349,85,44
349,86,44
349,87,44
349,88,44
349,89,44
349,90,44
349,91,44
349,92,44
349,93,44
349,94,44
349,95,44
349,96,44
349,97,44
349,98,44
349,99,44
349,100,44
349,101,44
349,102,44
349,103,44
349,104,44
349,105,44
349,106,44
349,107,44
349,108,44
349,109,44
349,110,44
349,111,44
350,112,44
350,113,44
350,114,44
350,115,44
350,116,44
350,117,44
350,118,44
350,119,44
350,120,44
350,121,44
350,122,44
350,123,44
350,124,44
350,125,44
350,126,44
350,127,44
350,128,44
350,129,44
350,130,44
350,131,44
350,132,44
350,133,44
350,134,44
350,135,44
350,136,44
350,137,44
350,138,44
350,139,44
350,140,44
350,141,44
350,142,44
350,143,44
350,144,44
350,145,44
350,146,44
350,147,44
350,148,44
350,149,44
350,150,44
350,151,44
350,152,44
350,153,44
351,154,44
351,155,44
351,156,44
351,157,44
351,158,44
351,159,44
351,160,44
351,161,44
351,162,44
351,163,44
351,164,44
351,165,44
351,166,44
351,167,44
351,168,44
351,169,44
351,170,44
351,171,44
351,172,44
351,173,44
351,174,44
351,175,44
351,176,44
351,177,44
351,178,44
351,179,44
351,180,44
351,181,44
351,182,44
351,183,44
351,184,44
351,185,44
351,186,44
351,187,44
351,188,44
351,189,44
351,190,44
351,191,44
351,192,44
351,193,44
351,194,44
351,195,44
351,196,44
352,197,44
352,198,44
352,199,44
352,200,44
352,201,44
352,202,44
352,203,44
352,204,44
352,205,44
352,206,44
352,207,44
352,208,44
352,209,44
352,210,44
352,211,44
352,212,44
352,213,44
352,214,44
352,215,44
352,216,44
352,217,44
352,218,44
352,219,44
352,220,44
352,221,44
352,222,44
352,223,44
352,224,44
352,225,44
352,226,44
352,227,44
352,228,44
352,229,44
352,230,44
352,231,44
352,232,44
352,233,44
352,234,44
352,235,44
352,236,44
353,237,44
353,238,44
353,239,44
353,0,45
353,1,45
353,2,45
353,3,45
353,4,45
353,5,45
353,6,45
353,7,45
353,8,45
353,9,45
353,10,45
353,11,45
353,12,45
353,13,45
353,14,45
353,15,45
353,16,45
353,17,45
353,18,45
353,19,45
353,20,45
353,21,45
353,22,45
353,23,45
353,24,45
353,25,45
353,26,45
353,27,45
353,28,45
353,29,45
353,30,45
353,31,45
353,32,45
353,33,45
353,34,45
353,35,45
353,36,45
353,37,45
353,38,45
353,39,45
354,40,45
354,41,45
354,42,45
354,43,45
354,44,45
354,45,45
354,46,45
354,47,45
354,48,45
354,49,45
354,50,45
354,51,45
354,52,45
354,53,45
354,54,45
354,55,45
354,56,45
354,57,45
354,58,45
354,59,45
354,60,45
354,61,45
354,62,45
354,63,45
354,64,45
354,65,45
354,66,45
354,67,45
354,68,45
354,69,45
354,70,45
354,71,45
354,72,45
354,73,45
354,74,45
354,75,45
354,76,45
354,77,45
354,78,45
354,79,45
354,80,45
354,81,45
355,82,45
355,83,45
355,84,45
355,85,45
355,86,45
355,87,45
355,88,45
355,89,45
355,90,45
355,91,45
355,92,45
355,93,45
355,94,45
355,95,45
355,96,45
355,97,45
355,98,45
355,99,45
355,100,45
355,101,45
355,102,45
355,103,45
355,104,45
355,105,45
355,106,45
355,107,45
355,108,45
355,109,45
355,110,45
355,111,45
355,112,45
355,113,45
355,114,45
355,115,45
355,116,45
355,117,45
355,118,45
355,119,45
355,120,45
356,121,45
356,122,45
356,123,45
356,124,45
356,125,45
356,126,45
356,127,45
356,128,45
356,129,45
356,130,45
356,131,45
356,132,45
356,133,45
356,134,45
356,135,45
356,136,45
356,137,45
356,138,45
356,139,45
356,140,45
356,141,45
356,142,45
356,143,45
356,144,45
356,145,45
356,146,45
356,147,45
356,148,45
356,149,45
356,150,45
356,151,45
356,152,45
356,153,45
356,154,45
356,155,45
356,156,45
356,157,45
356,158,45
356,159,45
356,160,45
357,161,45
357,162,45
357,163,45
357,164,45
357,165,45
357,166,45
357,167,45
357,168,45
357,169,45
357,170,45
357,171,45
357,172,45
357,173,45
357,174,45
357,175,45
357,176,45
357,177,45
357,178,45
357,179,45
357,180,45
357,181,45
357,182,45
357,183,45
357,184,45
357,185,45
357,186,45
357,187,45
357,188,45
357,189,45
357,190,45
357,191,45
357,192,45
357,193,45
357,194,45
357,195,45
357,196,45
357,197,45
357,198,45
357,199,45
357,200,45
357,201,45
357,202,45
357,203,45
358,204,45
358,205,45
358,206,45
358,207,45
358,208,45
358,209,45
358,210,45
358,211,45
358,212,45
358,213,45
358,214,45
358,215,45
358,216,45
358,217,45
358,218,45
358,219,45
358,220,45
358,221,45
358,222,45
358,223,45
358,224,45
358,225,45
358,226,45
358,227,45
358,228,45
358,229,45
358,230,45
358,231,45
358,232,45
358,233,45
358,234,45
358,235,45
358,236,45
358,237,45
358,238,45
358,239,45
358,0,46
358,1,46
358,2,46
359,3,46
359,4,46
359,5,46
359,6,46
359,7,46
359,8,46
359,9,46
359,10,46
359,11,46
359,12,46
359,13,46
359,14,46
359,15,46
359,16,46
359,17,46
359,18,46
359,19,46
359,20,46
359,21,46
359,22,46
359,23,46
359,24,46
359,25,46
359,26,46
359,27,46
359,28,46
359,29,46
359,30,46
359,31,46
359,32,46
359,33,46
359,34,46
359,35,46
360,36,46
360,37,46
360,38,46
360,39,46
360,40,46
360,41,46
360,42,46
360,43,46
360,44,46
360,45,46
360,46,46
360,47,46
360,48,46
360,49,46
360,50,46
360,51,46
360,52,46
360,53,46
360,54,46
360,55,46
360,56,46
360,57,46
360,58,46
360,59,46
360,60,46
360,61,46
360,62,46
360,63,46
360,64,46
360,65,46
360,66,46
360,67,46
360,68,46
360,69,46
360,70,46
360,71,46
360,72,46
361,73,46
361,74,46
361,75,46
361,76,46
361,77,46
361,78,46
361,79,46
361,80,46
361,81,46
361,82,46
361,83,46
361,84,46
361,85,46
361,86,46
361,87,46
361,88,46
361,89,46
361,90,46
361,91,46
361,92,46
361,93,46
361,94,46
361,95,46
361,96,46
361,97,46
361,98,46
361,99,46
361,100,46
361,101,46
361,102,46
361,103,46
361,104,46
361,105,46
361,106,46
361,107,46
361,108,46
362,109,46
362,110,46
362,111,46
362,112,46
362,113,46
362,114,46
362,115,46
362,116,46
362,117,46
362,118,46
362,119,46
362,120,46
362,121,46
362,122,46
362,123,46
362,124,46
362,125,46
362,126,46
362,127,46
362,128,46
362,129,46
362,130,46
362,131,46
362,132,46
362,133,46
362,134,46
362,135,46
362,136,46
362,137,46
362,138,46
362,139,46
362,140,46
362,141,46
362,142,46
362,143,46
362,144,46
362,145,46
362,146,46
362,147,46
363,148,46
363,149,46
363,150,46
363,151,46
363,152,46
363,153,46
363,154,46
363,155,46
363,156,46
363,157,46
363,158,46
363,159,46
363,160,46
363,161,46
363,162,46
363,163,46
363,164,46
363,165,46
363,166,46
363,167,46
363,168,46
363,169,46
363,170,46
363,171,46
363,172,46
363,173,46
363,174,46
363,175,46
363,176,46
363,177,46
363,178,46
363,179,46
363,180,46
363,181,46
363,182,46
363,183,46
363,184,46
363,185,46
363,186,46
363,187,46
363,188,46
364,189,46
364,190,46
364,191,46
364,192,46
364,193,46
364,194,46
364,195,46
364,196,46
364,197,46
364,198,46
364,199,46
364,200,46
364,201,46
364,202,46
364,203,46
364,204,46
364,205,46
364,206,46
364,207,46
364,208,46
364,209,46
364,210,46
364,211,46
364,212,46
364,213,46
364,214,46
364,215,46
364,216,46
364,217,46
364,218,46
364,219,46
364,220,46
364,221,46
364,222,46
364,223,46
364,224,46
364,225,46
364,226,46
364,227,46
364,228,46
364,229,46
364,230,46
365,231,46
365,232,46
365,233,46
365,234,46
365,235,46
365,236,46
365,237,46
365,238,46
365,239,46
365,0,47
365,1,47
365,2,47
365,3,47
365,4,47
365,5,47
365,6,47
365,7,47
365,8,47
365,9,47
365,10,47
365,11,47
365,12,47
365,13,47
365,14,47
365,15,47
365,16,47
365,17,47
365,18,47
365,19,47
365,20,47
365,21,47
365,22,47
365,23,47
365,24,47
365,25,47
365,26,47
365,27,47
365,28,47
365,29,47
365,30,47
365,31,47
365,32,47
365,33,47
366,34,47
366,35,47
366,36,47
366,37,47
366,38,47
366,39,47
366,40,47
366,41,47
366,42,47
366,43,47
366,44,47
366,45,47
366,46,47
366,47,47
366,48,47
366,49,47
366,50,47
366,51,47
366,52,47
366,53,47
366,54,47
366,55,47
366,56,47
366,57,47
366,58,47
366,59,47
366,60,47
366,61,47
366,62,47
366,63,47
366,64,47
366,65,47
366,66,47
366,67,47
366,68,47
366,69,47
366,70,47
366,71,47
366,72,47
366,73,47
366,74,47
366,75,47
367,76,47
367,77,47
367,78,47
367,79,47
367,80,47
367,81,47
367,82,47
367,83,47
367,84,47
367,85,47
367,86,47
367,87,47
367,88,47
367,89,47
367,90,47
367,91,47
367,92,47
367,93,47
367,94,47
367,95,47
367,96,47
367,97,47
367,98,47
367,99,47
367,100,47
367,101,47
367,102,47
367,103,47
367,104,47
367,105,47
367,106,47
367,107,47
367,108,47
367,109,47
367,110,47
367,111,47
367,112,47
367,113,47
367,114,47
367,115,47
367,116,47
367,117,47
367,118,47
368,119,47
368,120,47
368,121,47
368,122,47
368,123,47
368,124,47
368,125,47
368,126,47
368,127,47
368,128,47
368,129,47
368,130,47
368,131,47
368,132,47
368,133,47
368,134,47
368,135,47
368,136,47
368,137,47
368,138,47
368,139,47
368,140,47
368,141,47
368,142,47
368,143,47
368,144,47
368,145,47
368,146,47
368,147,47
368,148,47
368,149,47
368,150,47
368,151,47
368,152,47
368,153,47
368,154,47
368,155,47
368,156,47
368,157,47
368,158,47
368,159,47
368,160,47
369,161,47
369,162,47
369,163,47
369,164,47
369,165,47
369,166,47
369,167,47
369,168,47
369,169,47
369,170,47
369,171,47
369,172,47
369,173,47
369,174,47
369,175,47
369,176,47
369,177,47
369,178,47
369,179,47
369,180,47
369,181,47
369,182,47
369,183,47
369,184,47
369,185,47
369,186,47
369,187,47
369,188,47
369,189,47
369,190,47
369,191,47
369,192,47
369,193,47
369,194,47
369,195,47
369,196,47
369,197,47
369,198,47
369,199,47
369,200,47
369,201,47
370,202,47
370,203,47
370,204,47
370,205,47
370,206,47
370,207,47
370,208,47
370,209,47
370,210,47
370,211,47
370,212,47
370,213,47
370,214,47
370,215,47
370,216,47
370,217,47
370,218,47
370,219,47
370,220,47
370,221,47
370,222,47
370,223,47
370,224,47
370,225,47
370,226,47
370,227,47
370,228,47
370,229,47
370,230,47
370,231,47
370,232,47
370,233,47
370,234,47
370,235,47
370,236,47
370,237,47
370,238,47
370,239,47
370,0,48
370,1,48
370,2,48
371,3,48
371,4,48
371,5,48
371,6,48
371,7,48
371,8,48
371,9,48
371,10,48
371,11,48
371,12,48
371,13,48
371,14,48
371,15,48
371,16,48
371,17,48
371,18,48
371,19,48
371,20,48
371,21,48
371,22,48
371,23,48
371,24,48
371,25,48
371,26,48
371,27,48
371,28,48
371,29,48
371,30,48
371,31,48
371,32,48
371,33,48
371,34,48
371,35,48
371,36,48
371,37,48
371,38,48
371,39,48
371,40,48
371,41,48
371,42,48
371,43,48
371,44,48
371,45,48
372,46,48
372,47,48
372,48,48
372,49,48
372,50,48
372,51,48
372,52,48
372,53,48
372,54,48
372,55,48
372,56,48
372,57,48
372,58,48
372,59,48
372,60,48
372,61,48
372,62,48
372,63,48
372,64,48
372,65,48
372,66,48
372,67,48
372,68,48
372,69,48
372,70,48
372,71,48
372,72,48
372,73,48
372,74,48
372,75,48
372,76,48
372,77,48
372,78,48
372,79,48
372,80,48
372,81,48
372,82,48
372,83,48
372,84,48
372,85,48
372,86,48
373,87,48
373,88,48
373,89,48
373,90,48
373,91,48
373,92,48
373,93,48
373,94,48
373,95,48
373,96,48
373,97,48
373,98,48
373,99,48
373,100,48
373,101,48
373,102,48
373,103,48
373,104,48
373,105,48
373,106,48
373,107,48
373,108,48
373,109,48
373,110,48
373,111,48
373,112,48
373,113,48
373,114,48
373,115,48
373,116,48
373,117,48
373,118,48
373,119,48
373,120,48
373,121,48
373,122,48
373,123,48
373,124,48
373,125,48
373,126,48
373,127,48
373,128,48
374,129,48
374,130,48
374,131,48
374,132,48
374,133,48
374,134,48
374,135,48
374,136,48
374,137,48
374,138,48
374,139,48
374,140,48
374,141,48
374,142,48
374,143,48
374,144,48
374,145,48
374,146,48
374,147,48
374,148,48
374,149,48
374,150,48
374,151,48
374,152,48
374,153,48
374,154,48
374,155,48
374,156,48
374,157,48
374,158,48
374,159,48
374,160,48
374,161,48
374,162,48
374,163,48
374,164,48
374,165,48
374,166,48
374,167,48
374,168,48
374,169,48
374,170,48
375,171,48
375,172,48
375,173,48
375,174,48
375,175,48
375,176,48
375,177,48
375,178,48
375,179,48
375,180,48
375,181,48
375,182,48
375,183,48
375,184,48
375,185,48
375,186,48
375,187,48
375,188,48
375,189,48
375,190,48
375,191,48
375,192,48
375,193,48
375,194,48
375,195,48
375,196,48
375,197,48
375,198,48
375,199,48
375,200,48
375,201,48
375,202,48
375,203,48
375,204,48
375,205,48
375,206,48
375,207,48
375,208,48
375,209,48
375,210,48
375,211,48
376,212,48
376,213,48
376,214,48
376,215,48
376,216,48
376,217,48
376,218,48
376,219,48
376,220,48
376,221,48
376,222,48
376,223,48
376,224,48
376,225,48
376,226,48
376,227,48
376,228,48
376,229,48
376,230,48
376,231,48
376,232,48
376,233,48
376,234,48
376,235,48
376,236,48
376,237,48
376,238,48
376,239,48
376,0,49
376,1,49
376,2,49
376,3,49
376,4,49
376,5,49
376,6,49
376,7,49
376,8,49
376,9,49
376,10,49
376,11,49
376,12,49
376,13,49
377,14,49
377,15,49
377,16,49
377,17,49
377,18,49
377,19,49
377,20,49
377,21,49
377,22,49
377,23,49
377,24,49
377,25,49
377,26,49
377,27,49
377,28,49
377,29,49
377,30,49
377,31,49
377,32,49
377,33,49
377,34,49
377,35,49
377,36,49
377,37,49
377,38,49
377,39,49
377,40,49
377,41,49
377,42,49
377,43,49
377,44,49
377,45,49
377,46,49
378,47,49
378,48,49
378,49,49
378,50,49
378,51,49
378,52,49
378,53,49
378,54,49
378,55,49
378,56,49
378,57,49
378,58,49
378,59,49
378,60,49
378,61,49
378,62,49
378,63,49
378,64,49
378,65,49
378,66,49
378,67,49
378,68,49
378,69,49
378,70,49
378,71,49
378,72,49
378,73,49
378,74,49
378,75,49
378,76,49
378,77,49
378,78,49
378,79,49
378,80,49
378,81,49
378,82,49
378,83,49
378,84,49
378,85,49
378,86,49
379,87,49
379,88,49
379,89,49
379,90,49
379,91,49
379,92,49
379,93,49
379,94,49
379,95,49
379,96,49
379,97,49
379,98,49
379,99,49
379,100,49
379,101,49
379,102,49
379,103,49
379,104,49
379,105,49
379,106,49
379,107,49
379,108,49
379,109,49
379,110,49
379,111,49
379,112,49
379,113,49
380,114,49
380,115,49
380,116,49
380,117,49
380,118,49
380,119,49
380,120,49
380,121,49
380,122,49
380,123,49
380,124,49
380,125,49
380,126,49
380,127,49
380,128,49
380,129,49
380,130,49
380,131,49
380,132,49
380,133,49
380,134,49
380,135,49
380,136,49
380,137,49
380,138,49
380,139,49
380,140,49
380,141,49
380,142,49
380,143,49
380,144,49
380,145,49
380,146,49
380,147,49
380,148,49
380,149,49
380,150,49
380,151,49
381,152,49
381,153,49
381,154,49
381,155,49
381,156,49
381,157,49
381,158,49
381,159,49
381,160,49
381,161,49
381,162,49
381,163,49
381,164,49
381,165,49
381,166,49
381,167,49
381,168,49
381,169,49
381,170,49
381,171,49
381,172,49
381,173,49
381,174,49
381,175,49
381,176,49
381,177,49
381,178,49
381,179,49
381,180,49
381,181,49
381,182,49
381,183,49
381,184,49
381,185,49
381,186,49
381,187,49
381,188,49
381,189,49
381,190,49
381,191,49
381,192,49
382,193,49
382,194,49
382,195,49
382,196,49
382,197,49
382,198,49
382,199,49
382,200,49
382,201,49
382,202,49
382,203,49
382,204,49
382,205,49
382,206,49
382,207,49
382,208,49
382,209,49
382,210,49
382,211,49
382,212,49
382,213,49
382,214,49
382,215,49
382,216,49
382,217,49
382,218,49
382,219,49
382,220,49
382,221,49
382,222,49
382,223,49
382,224,49
382,225,49
382,226,49
382,227,49
382,228,49
382,229,49
383,230,49
383,231,49
383,232,49
383,233,49
383,234,49
383,235,49
383,236,49
383,237,49
383,238,49
383,239,49
383,0,50
383,1,50
383,2,50
383,3,50
383,4,50
383,5,50
383,6,50
383,7,50
383,8,50
383,9,50
383,10,50
383,11,50
383,12,50
383,13,50
383,14,50
383,15,50
383,16,50
383,17,50
383,18,50
383,19,50
383,20,50
383,21,50
383,22,50
383,23,50
383,24,50
383,25,50
383,26,50
383,27,50
383,28,50
383,29,50
384,30,50
384,31,50
384,32,50
384,33,50
384,34,50
384,35,50
384,36,50
384,37,50
384,38,50
384,39,50
384,40,50
384,41,50
384,42,50
384,43,50
384,44,50
384,45,50
384,46,50
384,47,50
384,48,50
384,49,50
384,50,50
384,51,50
384,52,50
384,53,50
384,54,50
384,55,50
384,56,50
384,57,50
384,58,50
384,59,50
384,60,50
384,61,50
384,62,50
384,63,50
384,64,50
384,65,50
384,66,50
384,67,50
384,68,50
384,69,50
384,70,50
384,71,50
385,72,50
385,73,50
385,74,50
385,75,50
385,76,50
385,77,50
385,78,50
385,79,50
385,80,50
385,81,50
385,82,50
385,83,50
385,84,50
385,85,50
385,86,50
385,87,50
385,88,50
385,89,50
385,90,50
385,91,50
385,92,50
385,93,50
385,94,50
385,95,50
385,96,50
385,97,50
385,98,50
385,99,50
385,100,50
385,101,50
385,102,50
385,103,50
385,104,50
385,105,50
385,106,50
385,107,50
385,108,50
385,109,50
385,110,50
385,111,50
385,112,50
386,113,50
386,114,50
386,115,50
386,116,50
386,117,50
386,118,50
386,119,50
386,120,50
386,121,50
386,122,50
386,123,50
386,124,50
386,125,50
386,126,50
386,127,50
386,128,50
386,129,50
386,130,50
386,131,50
386,132,50
386,133,50
386,134,50
386,135,50
386,136,50
386,137,50
386,138,50
386,139,50
386,140,50
386,141,50
386,142,50
386,143,50
386,144,50
386,145,50
386,146,50
386,147,50
386,148,50
386,149,50
386,150,50
386,151,50
386,152,50
386,153,50
386,154,50
387,155,50
387,156,50
387,157,50
387,158,50
387,159,50
387,160,50
387,161,50
387,162,50
387,163,50
387,164,50
387,165,50
387,166,50
387,167,50
387,168,50
387,169,50
387,170,50
387,171,50
387,172,50
387,173,50
387,174,50
387,175,50
387,176,50
387,177,50
387,178,50
387,179,50
387,180,50
387,181,50
387,182,50
387,183,50
387,184,50
387,185,50
387,186,50
387,187,50
387,188,50
387,189,50
387,190,50
387,191,50
387,192,50
387,193,50
388,194,50
388,195,50
388,196,50
388,197,50
388,198,50
388,199,50
388,200,50
388,201,50
388,202,50
388,203,50
388,204,50
388,205,50
388,206,50
388,207,50
388,208,50
388,209,50
388,210,50
388,211,50
388,212,50
388,213,50
388,214,50
388,215,50
388,216,50
388,217,50
388,218,50
388,219,50
388,220,50
388,221,50
388,222,50
388,223,50
388,224,50
388,225,50
388,226,50
388,227,50
388,228,50
388,229,50
388,230,50
388,231,50
388,232,50
388,233,50
389,234,50
389,235,50
389,236,50
389,237,50
389,238,50
389,239,50
389,0,51
389,1,51
389,2,51
389,3,51
389,4,51
389,5,51
389,6,51
389,7,51
389,8,51
389,9,51
389,10,51
389,11,51
389,12,51
389,13,51
389,14,51
389,15,51
389,16,51
389,17,51
389,18,51
389,19,51
389,20,51
389,21,51
389,22,51
389,23,51
389,24,51
389,25,51
389,26,51
389,27,51
389,28,51
389,29,51
389,30,51
389,31,51
389,32,51
389,33,51
390,34,51
390,35,51
390,36,51
390,37,51
390,38,51
390,39,51
390,40,51
390,41,51
390,42,51
390,43,51
390,44,51
390,45,51
390,46,51
390,47,51
390,48,51
390,49,51
390,50,51
390,51,51
390,52,51
390,53,51
390,54,51
390,55,51
390,56,51
390,57,51
390,58,51
390,59,51
390,60,51
390,61,51
390,62,51
390,63,51
390,64,51
390,65,51
390,66,51
390,67,51
390,68,51
390,69,51
390,70,51
390,71,51
390,72,51
390,73,51
390,74,51
391,75,51
391,76,51
391,77,51
391,78,51
391,79,51
391,80,51
391,81,51
391,82,51
391,83,51
391,84,51
391,85,51
391,86,51
391,87,51
391,88,51
391,89,51
391,90,51
391,91,51
391,92,51
391,93,51
391,94,51
391,95,51
391,96,51
391,97,51
391,98,51
391,99,51
391,100,51
391,101,51
391,102,51
391,103,51
391,104,51
391,105,51
391,106,51
391,107,51
391,108,51
391,109,51
391,110,51
391,111,51
391,112,51
391,113,51
391,114,51
391,115,51
392,116,51
392,117,51
392,118,51
392,119,51
392,120,51
392,121,51
392,122,51
392,123,51
392,124,51
392,125,51
392,126,51
392,127,51
392,128,51
392,129,51
392,130,51
392,131,51
392,132,51
392,133,51
392,134,51
392,135,51
392,136,51
392,137,51
392,138,51
392,139,51
392,140,51
392,141,51
392,142,51
392,143,51
392,144,51
392,145,51
392,146,51
392,147,51
392,148,51
392,149,51
392,150,51
393,151,51
393,152,51
393,153,51
393,154,51
393,155,51
393,156,51
393,157,51
393,158,51
393,159,51
393,160,51
393,161,51
393,162,51
393,163,51
393,164,51
393,165,51
393,166,51
393,167,51
393,168,51
393,169,51
393,170,51
393,171,51
393,172,51
393,173,51
393,174,51
393,175,51
394,176,51
394,177,51
394,178,51
394,179,51
394,180,51
394,181,51
394,182,51
394,183,51
394,184,51
394,185,51
394,186,51
394,187,51
394,188,51
394,189,51
394,190,51
394,191,51
394,192,51
394,193,51
394,194,51
394,195,51
394,196,51
394,197,51
394,198,51
394,199,51
394,200,51
394,201,51
394,202,51
394,203,51
394,204,51
394,205,51
394,206,51
394,207,51
394,208,51
394,209,51
394,210,51
394,211,51
394,212,51
394,213,51
394,214,51
394,215,51
394,216,51
395,217,51
395,218,51
395,219,51
395,220,51
395,221,51
395,222,51
395,223,51
395,224,51
395,225,51
395,226,51
395,227,51
395,228,51
395,229,51
395,230,51
395,231,51
395,232,51
395,233,51
395,234,51
395,235,51
395,236,51
395,237,51
395,238,51
395,239,51
395,0,52
395,1,52
395,2,52
395,3,52
395,4,52
395,5,52
395,6,52
395,7,52
395,8,52
395,9,52
395,10,52
395,11,52
395,12,52
395,13,52
395,14,52
395,15,52
395,16,52
396,17,52
396,18,52
396,19,52
396,20,52
396,21,52
396,22,52
396,23,52
396,24,52
396,25,52
396,26,52
396,27,52
396,28,52
396,29,52
396,30,52
396,31,52
396,32,52
396,33,52
396,34,52
396,35,52
396,36,52
396,37,52
396,38,52
396,39,52
396,40,52
396,41,52
396,42,52
396,43,52
396,44,52
396,45,52
396,46,52
396,47,52
396,48,52
396,49,52
396,50,52
396,51,52
396,52,52
396,53,52
396,54,52
396,55,52
396,56,52
397,57,52
397,58,52
397,59,52
397,60,52
397,61,52
397,62,52
397,63,52
397,64,52
397,65,52
397,66,52
397,67,52
397,68,52
397,69,52
397,70,52
397,71,52
397,72,52
397,73,52
397,74,52
397,75,52
397,76,52
397,77,52
397,78,52
397,79,52
397,80,52
397,81,52
397,82,52
397,83,52
397,84,52
397,85,52
397,86,52
397,87,52
397,88,52
397,89,52
397,90,52
397,91,52
397,92,52
397,93,52
397,94,52
397,95,52
398,96,52
398,97,52
398,98,52
398,99,52
398,100,52
398,101,52
398,102,52
398,103,52
398,104,52
398,105,52
398,106,52
398,107,52
398,108,52
398,109,52
398,110,52
398,111,52
398,112,52
398,113,52
398,114,52
398,115,52
398,116,52
398,117,52
398,118,52
398,119,52
398,120,52
398,121,52
398,122,52
398,123,52
398,124,52
398,125,52
398,126,52
398,127,52
398,128,52
398,129,52
398,130,52
398,131,52
398,132,52
398,133,52
398,134,52
399,135,52
399,136,52
399,137,52
399,138,52
399,139,52
399,140,52
399,141,52
399,142,52
399,143,52
399,144,52
399,145,52
399,146,52
399,147,52
399,148,52
399,149,52
399,150,52
399,151,52
399,152,52
399,153,52
399,154,52
399,155,52
399,156,52
399,157,52
399,158,52
399,159,52
399,160,52
399,161,52
399,162,52
399,163,52
399,164,52
399,165,52
399,166,52
400,167,52
400,168,52
400,169,52
400,170,52
400,171,52
400,172,52
400,173,52
400,174,52
400,175,52
400,176,52
400,177,52
400,178,52
400,179,52
400,180,52
400,181,52
400,182,52
400,183,52
400,184,52
400,185,52
400,186,52
400,187,52
400,188,52
400,189,52
400,190,52
400,191,52
400,192,52
400,193,52
400,194,52
400,195,52
400,196,52
400,197,52
400,198,52
400,199,52
400,200,52
400,201,52
400,202,52
400,203,52
400,204,52
401,205,52
401,206,52
401,207,52
401,208,52
401,209,52
401,210,52
401,211,52
401,212,52
401,213,52
401,214,52
401,215,52
401,216,52
401,217,52
401,218,52
401,219,52
401,220,52
401,221,52
401,222,52
401,223,52
401,224,52
401,225,52
401,226,52
401,227,52
401,228,52
401,229,52
401,230,52
401,231,52
401,232,52
401,233,52
401,234,52
401,235,52
401,236,52
401,237,52
401,238,52
401,239,52
401,0,53
401,1,53
401,2,53
401,3,53
401,4,53
402,5,53
402,6,53
402,7,53
402,8,53
402,9,53
402,10,53
402,11,53
402,12,53
402,13,53
402,14,53
402,15,53
402,16,53
402,17,53
402,18,53
402,19,53
402,20,53
402,21,53
402,22,53
402,23,53
402,24,53
402,25,53
402,26,53
402,27,53
402,28,53
402,29,53
402,30,53
402,31,53
402,32,53
402,33,53
402,34,53
402,35,53
402,36,53
402,37,53
402,38,53
402,39,53
402,40,53
402,41,53
403,42,53
403,43,53
403,44,53
403,45,53
403,46,53
403,47,53
403,48,53
403,49,53
403,50,53
403,51,53
403,52,53
403,53,53
403,54,53
403,55,53
403,56,53
403,57,53
403,58,53
403,59,53
403,60,53
403,61,53
403,62,53
403,63,53
403,64,53
403,65,53
403,66,53
403,67,53
403,68,53
403,69,53
403,70,53
403,71,53
403,72,53
403,73,53
403,74,53
403,75,53
403,76,53
403,77,53
403,78,53
403,79,53
403,80,53
403,81,53
403,82,53
404,83,53
404,84,53
404,85,53
404,86,53
404,87,53
404,88,53
404,89,53
404,90,53
404,91,53
404,92,53
404,93,53
404,94,53
404,95,53
404,96,53
404,97,53
404,98,53
404,99,53
404,100,53
404,101,53
404,102,53
404,103,53
404,104,53
404,105,53
404,106,53
404,107,53
404,108,53
404,109,53
404,110,53
404,111,53
404,112,53
404,113,53
404,114,53
404,115,53
404,116,53
404,117,53
404,118,53
404,119,53
404,120,53
404,121,53
404,122,53
404,123,53
405,124,53
405,125,53
405,126,53
405,127,53
405,128,53
405,129,53
405,130,53
405,131,53
405,132,53
405,133,53
405,134,53
405,135,53
405,136,53
405,137,53
405,138,53
405,139,53
405,140,53
405,141,53
405,142,53
405,143,53
405,144,53
405,145,53
405,146,53
405,147,53
405,148,53
405,149,53
405,150,53
405,151,53
405,152,53
405,153,53
405,154,53
405,155,53
405,156,53
405,157,53
405,158,53
405,159,53
405,160,53
405,161,53
405,162,53
405,163,53
406,164,53
406,165,53
406,166,53
406,167,53
406,168,53
406,169,53
406,170,53
406,171,53
406,172,53
406,173,53
406,174,53
406,175,53
406,176,53
406,177,53
406,178,53
406,179,53
406,180,53
406,181,53
406,182,53
406,183,53
406,184,53
406,185,53
406,186,53
406,187,53
406,188,53
406,189,53
406,190,53
406,191,53
406,192,53
406,193,53
406,194,53
406,195,53
406,196,53
406,197,53
406,198,53
406,199,53
406,200,53
406,201,53
406,202,53
407,203,53
407,204,53
407,205,53
407,206,53
407,207,53
407,208,53
407,209,53
407,210,53
407,211,53
407,212,53
407,213,53
407,214,53
407,215,53
407,216,53
407,217,53
407,218,53
407,219,53
407,220,53
407,221,53
407,222,53
407,223,53
407,224,53
407,225,53
407,226,53
407,227,53
407,228,53
407,229,53
407,230,53
407,231,53
407,232,53
407,233,53
407,234,53
407,235,53
407,236,53
407,237,53
407,238,53
407,239,53
407,0,54
407,1,54
407,2,54
407,3,54
408,4,54
408,5,54
408,6,54
408,7,54
408,8,54
408,9,54
408,10,54
408,11,54
408,12,54
408,13,54
408,14,54
408,15,54
408,16,54
408,17,54
408,18,54
408,19,54
408,20,54
408,21,54
408,22,54
408,23,54
408,24,54
408,25,54
408,26,54
408,27,54
408,28,54
408,29,54
408,30,54
408,31,54
408,32,54
408,33,54
408,34,54
408,35,54
408,36,54
408,37,54
408,38,54
408,39,54
408,40,54
408,41,54
409,42,54
409,43,54
409,44,54
409,45,54
409,46,54
409,47,54
409,48,54
409,49,54
409,50,54
409,51,54
409,52,54
409,53,54
409,54,54
409,55,54
409,56,54
409,57,54
409,58,54
409,59,54
409,60,54
409,61,54
409,62,54
409,63,54
409,64,54
409,65,54
409,66,54
409,67,54
409,68,54
409,69,54
409,70,54
409,71,54
409,72,54
409,73,54
409,74,54
409,75,54
410,76,54
410,77,54
410,78,54
410,79,54
410,80,54
410,81,54
410,82,54
410,83,54
410,84,54
410,85,54
410,86,54
410,87,54
410,88,54
410,89,54
410,90,54
410,91,54
410,92,54
410,93,54
410,94,54
410,95,54
410,96,54
410,97,54
410,98,54
410,99,54
410,100,54
410,101,54
410,102,54
410,103,54
410,104,54
410,105,54
410,106,54
410,107,54
410,108,54
410,109,54
410,110,54
410,111,54
410,112,54
410,113,54
410,114,54
410,115,54
410,116,54
411,117,54
411,118,54
411,119,54
411,120,54
411,121,54
411,122,54
411,123,54
411,124,54
411,125,54
411,126,54
411,127,54
411,128,54
411,129,54
411,130,54
411,131,54
411,132,54
411,133,54
411,134,54
411,135,54
411,136,54
411,137,54
411,138,54
411,139,54
411,140,54
411,141,54
411,142,54
411,143,54
411,144,54
411,145,54
411,146,54
411,147,54
411,148,54
411,149,54
411,150,54
411,151,54
411,152,54
411,153,54
411,154,54
411,155,54
411,156,54
412,157,54
412,158,54
412,159,54
412,160,54
412,161,54
412,162,54
412,163,54
412,164,54
412,165,54
412,166,54
412,167,54
412,168,54
412,169,54
412,170,54
412,171,54
412,172,54
412,173,54
412,174,54
412,175,54
412,176,54
412,177,54
412,178,54
412,179,54
412,180,54
412,181,54
412,182,54
412,183,54
412,184,54
412,185,54
412,186,54
412,187,54
412,188,54
412,189,54
412,190,54
412,191,54
412,192,54
412,193,54
412,194,54
412,195,54
413,196,54
413,197,54
413,198,54
413,199,54
413,200,54
413,201,54
413,202,54
413,203,54
413,204,54
413,205,54
413,206,54
413,207,54
413,208,54
413,209,54
413,210,54
413,211,54
413,212,54
413,213,54
413,214,54
413,215,54
413,216,54
413,217,54
413,218,54
413,219,54
413,220,54
413,221,54
413,222,54
413,223,54
413,224,54
413,225,54
413,226,54
413,227,54
413,228,54
413,229,54
413,230,54
413,231,54
413,232,54
413,233,54
413,234,54
413,235,54
413,236,54
414,237,54
414,238,54
414,239,54
414,0,55
414,1,55
414,2,55
414,3,55
414,4,55
414,5,55
414,6,55
414,7,55
414,8,55
414,9,55
414,10,55
414,11,55
414,12,55
414,13,55
414,14,55
414,15,55
414,16,55
414,17,55
414,18,55
414,19,55
414,20,55
414,21,55
414,22,55
414,23,55
414,24,55
414,25,55
414,26,55
414,27,55
414,28,55
414,29,55
414,30,55
414,31,55
414,32,55
414,33,55
414,34,55
414,35,55
414,36,55
414,37,55
415,38,55
415,39,55
415,40,55
415,41,55
415,42,55
415,43,55
415,44,55
415,45,55
415,46,55
415,47,55
415,48,55
415,49,55
415,50,55
415,51,55
415,52,55
415,53,55
415,54,55
415,55,55
415,56,55
415,57,55
415,58,55
415,59,55
415,60,55
415,61,55
415,62,55
415,63,55
415,64,55
415,65,55
415,66,55
415,67,55
415,68,55
415,69,55
415,70,55
415,71,55
415,72,55
415,73,55
415,74,55
415,75,55
415,76,55
415,77,55
416,78,55
416,79,55
416,80,55
416,81,55
416,82,55
416,83,55
416,84,55
416,85,55
416,86,55
416,87,55
416,88,55
416,89,55
416,90,55
416,91,55
416,92,55
416,93,55
416,94,55
416,95,55
416,96,55
416,97,55
416,98,55
416,99,55
416,100,55
416,101,55
416,102,55
416,103,55
416,104,55
416,105,55
416,106,55
416,107,55
416,108,55
416,109,55
416,110,55
416,111,55
416,112,55
416,113,55
416,114,55
416,115,55
416,116,55
416,117,55
417,118,55
417,119,55
417,120,55
417,121,55
417,122,55
417,123,55
417,124,55
417,125,55
417,126,55
417,127,55
417,128,55
417,129,55
417,130,55
417,131,55
417,132,55
417,133,55
417,134,55
417,135,55
417,136,55
417,137,55
417,138,55
417,139,55
417,140,55
417,141,55
417,142,55
417,143,55
417,144,55
417,145,55
417,146,55
417,147,55
417,148,55
417,149,55
417,150,55
417,151,55
417,152,55
417,153,55
417,154,55
417,155,55
417,156,55
417,157,55
417,158,55
418,159,55
418,160,55
418,161,55
418,162,55
418,163,55
418,164,55
418,165,55
418,166,55
418,167,55
418,168,55
418,169,55
418,170,55
418,171,55
418,172,55
418,173,55
418,174,55
418,175,55
418,176,55
418,177,55
418,178,55
418,179,55
418,180,55
418,181,55
418,182,55
418,183,55
418,184,55
418,185,55
418,186,55
418,187,55
418,188,55
418,189,55
418,190,55
418,191,55
418,192,55
418,193,55
418,194,55
418,195,55
418,196,55
419,197,55
419,198,55
419,199,55
419,200,55
419,201,55
419,202,55
419,203,55
419,204,55
419,205,55
419,206,55
419,207,55
419,208,55
419,209,55
419,210,55
419,211,55
419,212,55
419,213,55
419,214,55
419,215,55
419,216,55
419,217,55
419,218,55
419,219,55
419,220,55
419,221,55
419,222,55
419,223,55
419,224,55
419,225,55
419,226,55
419,227,55
419,228,55
419,229,55
419,230,55
419,231,55
419,232,55
420,233,55
420,234,55
420,235,55
420,236,55
420,237,55
420,238,55
420,239,55
420,0,56
420,1,56
420,2,56
420,3,56
420,4,56
420,5,56
420,6,56
420,7,56
420,8,56
420,9,56
420,10,56
420,11,56
420,12,56
420,13,56
420,14,56
420,15,56
420,16,56
420,17,56
420,18,56
420,19,56
420,20,56
420,21,56
420,22,56
420,23,56
420,24,56
420,25,56
420,26,56
420,27,56
420,28,56
420,29,56
420,30,56
420,31,56
421,32,56
421,33,56
421,34,56
421,35,56
421,36,56
421,37,56
421,38,56
421,39,56
421,40,56
421,41,56
421,42,56
421,43,56
421,44,56
421,45,56
421,46,56
421,47,56
421,48,56
421,49,56
421,50,56
421,51,56
421,52,56
421,53,56
421,54,56
421,55,56
421,56,56
421,57,56
421,58,56
421,59,56
421,60,56
421,61,56
421,62,56
421,63,56
421,64,56
421,65,56
421,66,56
421,67,56
421,68,56
421,69,56
421,70,56
421,71,56
421,72,56
422,73,56
422,74,56
422,75,56
422,76,56
422,77,56
422,78,56
422,79,56
422,80,56
422,81,56
422,82,56
422,83,56
422,84,56
422,85,56
422,86,56
422,87,56
422,88,56
422,89,56
422,90,56
422,91,56
422,92,56
422,93,56
422,94,56
422,95,56
422,96,56
422,97,56
422,98,56
422,99,56
422,100,56
422,101,56
422,102,56
422,103,56
422,104,56
422,105,56
422,106,56
422,107,56
422,108,56
422,109,56
422,110,56
422,111,56
422,112,56
423,113,56
423,114,56
423,115,56
423,116,56
423,117,56
423,118,56
423,119,56
423,120,56
423,121,56
423,122,56
423,123,56
423,124,56
423,125,56
423,126,56
423,127,56
423,128,56
423,129,56
423,130,56
423,131,56
423,132,56
423,133,56
423,134,56
423,135,56
423,136,56
423,137,56
423,138,56
423,139,56
423,140,56
423,141,56
423,142,56
423,143,56
423,144,56
423,145,56
423,146,56
423,147,56
423,148,56
423,149,56
424,150,56
424,151,56
424,152,56
424,153,56
424,154,56
424,155,56
424,156,56
424,157,56
424,158,56
424,159,56
424,160,56
424,161,56
424,162,56
424,163,56
424,164,56
424,165,56
424,166,56
424,167,56
424,168,56
424,169,56
424,170,56
424,171,56
424,172,56
424,173,56
424,174,56
424,175,56
424,176,56
424,177,56
424,178,56
424,179,56
424,180,56
424,181,56
424,182,56
424,183,56
424,184,56
424,185,56
424,186,56
424,187,56
424,188,56
425,189,56
425,190,56
425,191,56
425,192,56
425,193,56
425,194,56
425,195,56
425,196,56
425,197,56
425,198,56
425,199,56
425,200,56
425,201,56
425,202,56
425,203,56
425,204,56
425,205,56
425,206,56
425,207,56
425,208,56
425,209,56
425,210,56
425,211,56
425,212,56
425,213,56
425,214,56
425,215,56
425,216,56
425,217,56
425,218,56
425,219,56
425,220,56
425,221,56
425,222,56
425,223,56
425,224,56
425,225,56
425,226,56
425,227,56
426,228,56
426,229,56
426,230,56
426,231,56
426,232,56
426,233,56
426,234,56
426,235,56
426,236,56
426,237,56
426,238,56
426,239,56
426,0,57
426,1,57
426,2,57
426,3,57
426,4,57
426,5,57
426,6,57
426,7,57
426,8,57
426,9,57
426,10,57
426,11,57
426,12,57
426,13,57
426,14,57
426,15,57
426,16,57
426,17,57
426,18,57
426,19,57
426,20,57
426,21,57
426,22,57
426,23,57
426,24,57
426,25,57
426,26,57
426,27,57
426,28,57
427,29,57
427,30,57
427,31,57
427,32,57
427,33,57
427,34,57
427,35,57
427,36,57
427,37,57
427,38,57
427,39,57
427,40,57
427,41,57
427,42,57
427,43,57
427,44,57
427,45,57
427,46,57
427,47,57
427,48,57
427,49,57
427,50,57
427,51,57
427,52,57
427,53,57
427,54,57
427,55,57
427,56,57
427,57,57
427,58,57
427,59,57
427,60,57
427,61,57
427,62,57
427,63,57
427,64,57
427,65,57
427,66,57
427,67,57
427,68,57
427,69,57
428,70,57
428,71,57
428,72,57
428,73,57
428,74,57
428,75,57
428,76,57
428,77,57
428,78,57
428,79,57
428,80,57
428,81,57
428,82,57
428,83,57
428,84,57
428,85,57
428,86,57
428,87,57
428,88,57
428,89,57
428,90,57
428,91,57
428,92,57
428,93,57
428,94,57
428,95,57
428,96,57
428,97,57
428,98,57
428,99,57
428,100,57
428,101,57
428,102,57
428,103,57
428,104,57
428,105,57
428,106,57
428,107,57
428,108,57
428,109,57
428,110,57
429,111,57
429,112,57
429,113,57
429,114,57
429,115,57
429,116,57
429,117,57
429,118,57
429,119,57
429,120,57
429,121,57
429,122,57
429,123,57
429,124,57
429,125,57
429,126,57
429,127,57
429,128,57
429,129,57
429,130,57
429,131,57
429,132,57
429,133,57
429,134,57
429,135,57
429,136,57
429,137,57
429,138,57
429,139,57
429,140,57
429,141,57
429,142,57
429,143,57
429,144,57
429,145,57
429,146,57
429,147,57
429,148,57
430,149,57
430,150,57
430,151,57
430,152,57
430,153,57
430,154,57
430,155,57
430,156,57
430,157,57
430,158,57
430,159,57
430,160,57
430,161,57
430,162,57
430,163,57
430,164,57
430,165,57
430,166,57
430,167,57
430,168,57
430,169,57
430,170,57
430,171,57
430,172,57
430,173,57
430,174,57
430,175,57
430,176,57
430,177,57
430,178,57
430,179,57
430,180,57
430,181,57
430,182,57
430,183,57
430,184,57
430,185,57
430,186,57
430,187,57
430,188,57
430,189,57
430,190,57
431,191,57
431,192,57
431,193,57
431,194,57
431,195,57
431,196,57
431,197,57
431,198,57
431,199,57
431,200,57
431,201,57
431,202,57
431,203,57
431,204,57
431,205,57
431,206,57
431,207,57
431,208,57
431,209,57
431,210,57
431,211,57
431,212,57
431,213,57
431,214,57
431,215,57
431,216,57
431,217,57
431,218,57
431,219,57
431,220,57
431,221,57
431,222,57
431,223,57
431,224,57
431,225,57
431,226,57
431,227,57
431,228,57
431,229,57
431,230,57
432,231,57
432,232,57
432,233,57
432,234,57
432,235,57
432,236,57
432,237,57
432,238,57
432,239,57
432,0,58
432,1,58
432,2,58
432,3,58
432,4,58
432,5,58
432,6,58
432,7,58
432,8,58
432,9,58
432,10,58
432,11,58
432,12,58
432,13,58
432,14,58
432,15,58
432,16,58
432,17,58
432,18,58
432,19,58
432,20,58
432,21,58
432,22,58
432,23,58
432,24,58
432,25,58
432,26,58
432,27,58
432,28,58
432,29,58
432,30,58
432,31,58
433,32,58
433,33,58
433,34,58
433,35,58
433,36,58
433,37,58
433,38,58
433,39,58
433,40,58
433,41,58
433,42,58
433,43,58
433,44,58
433,45,58
433,46,58
433,47,58
433,48,58
433,49,58
433,50,58
433,51,58
433,52,58
433,53,58
433,54,58
433,55,58
433,56,58
433,57,58
433,58,58
433,59,58
433,60,58
433,61,58
433,62,58
433,63,58
433,64,58
433,65,58
433,66,58
433,67,58
433,68,58
433,69,58
433,70,58
433,71,58
433,72,58
433,73,58
434,74,58
434,75,58
434,76,58
434,77,58
434,78,58
434,79,58
434,80,58
434,81,58
434,82,58
434,83,58
434,84,58
434,85,58
434,86,58
434,87,58
434,88,58
434,89,58
434,90,58
434,91,58
434,92,58
434,93,58
434,94,58
434,95,58
434,96,58
434,97,58
434,98,58
434,99,58
434,100,58
434,101,58
434,102,58
434,103,58
434,104,58
434,105,58
434,106,58
434,107,58
434,108,58
434,109,58
434,110,58
434,111,58
434,112,58
434,113,58
434,114,58
435,115,58
435,116,58
435,117,58
435,118,58
435,119,58
435,120,58
435,121,58
435,122,58
435,123,58
435,124,58
435,125,58
435,126,58
435,127,58
435,128,58
435,129,58
435,130,58
435,131,58
435,132,58
435,133,58
435,134,58
435,135,58
435,136,58
435,137,58
435,138,58
435,139,58
435,140,58
435,141,58
435,142,58
435,143,58
435,144,58
435,145,58
435,146,58
435,147,58
435,148,58
435,149,58
435,150,58
435,151,58
435,152,58
435,153,58
435,154,58
435,155,58
435,156,58
436,157,58
436,158,58
436,159,58
436,160,58
436,161,58
436,162,58
436,163,58
436,164,58
436,165,58
436,166,58
436,167,58
436,168,58
436,169,58
436,170,58
436,171,58
436,172,58
436,173,58
436,174,58
436,175,58
436,176,58
436,177,58
436,178,58
436,179,58
436,180,58
436,181,58
436,182,58
436,183,58
436,184,58
436,185,58
436,186,58
436,187,58
436,188,58
436,189,58
436,190,58
436,191,58
436,192,58
436,193,58
436,194,58
436,195,58
436,196,58
436,197,58
436,198,58
437,199,58
437,200,58
437,201,58
437,202,58
437,203,58
437,204,58
437,205,58
437,206,58
437,207,58
437,208,58
437,209,58
437,210,58
437,211,58
437,212,58
437,213,58
437,214,58
437,215,58
437,216,58
437,217,58
437,218,58
437,219,58
437,220,58
437,221,58
437,222,58
437,223,58
437,224,58
437,225,58
437,226,58
437,227,58
437,228,58
437,229,58
437,230,58
437,231,58
437,232,58
437,233,58
437,234,58
437,235,58
437,236,58
437,237,58
437,238,58
437,239,58
438,0,59
438,1,59
438,2,59
438,3,59
438,4,59
438,5,59
438,6,59
438,7,59
438,8,59
438,9,59
438,10,59
438,11,59
438,12,59
438,13,59
438,14,59
438,15,59
438,16,59
438,17,59
438,18,59
438,19,59
438,20,59
438,21,59
438,22,59
438,23,59
438,24,59
438,25,59
438,26,59
438,27,59
438,28,59
438,29,59
438,30,59
438,31,59
438,32,59
438,33,59
438,34,59
438,35,59
438,36,59
438,37,59
438,38,59
438,39,59
438,40,59
439,41,59
439,42,59
439,43,59
439,44,59
439,45,59
439,46,59
439,47,59
439,48,59
439,49,59
439,50,59
439,51,59
439,52,59
439,53,59
439,54,59
439,55,59
439,56,59
439,57,59
439,58,59
439,59,59
439,60,59
439,61,59
439,62,59
439,63,59
439,64,59
439,65,59
439,66,59
439,67,59
439,68,59
439,69,59
439,70,59
439,71,59
439,72,59
439,73,59
439,74,59
440,75,59
440,76,59
440,77,59
440,78,59
440,79,59
440,80,59
440,81,59
440,82,59
440,83,59
440,84,59
440,85,59
440,86,59
440,87,59
440,88,59
440,89,59
440,90,59
440,91,59
440,92,59
440,93,59
440,94,59
440,95,59
440,96,59
440,97,59
440,98,59
440,99,59
440,100,59
440,101,59
440,102,59
440,103,59
440,104,59
440,105,59
440,106,59
440,107,59
440,108,59
440,109,59
440,110,59
440,111,59
440,112,59
440,113,59
440,114,59
440,115,59
441,116,59
441,117,59
441,118,59
441,119,59
441,120,59
441,121,59
441,122,59
441,123,59
441,124,59
441,125,59
441,126,59
441,127,59
441,128,59
441,129,59
441,130,59
441,131,59
441,132,59
441,133,59
441,134,59
441,135,59
441,136,59
441,137,59
441,138,59
441,139,59
441,140,59
441,141,59
441,142,59
441,143,59
441,144,59
441,145,59
441,146,59
441,147,59
441,148,59
441,149,59
441,150,59
441,151,59
441,152,59
441,153,59
441,154,59
441,155,59
442,156,59
442,157,59
442,158,59
442,159,59
442,160,59
442,161,59
442,162,59
442,163,59
442,164,59
442,165,59
442,166,59
442,167,59
442,168,59
442,169,59
442,170,59
442,171,59
442,172,59
442,173,59
442,174,59
442,175,59
442,176,59
442,177,59
442,178,59
442,179,59
442,180,59
442,181,59
442,182,59
442,183,59
442,184,59
442,185,59
442,186,59
442,187,59
442,188,59
442,189,59
442,190,59
442,191,59
442,192,59
442,193,59
442,194,59
442,195,59
442,196,59
443,197,59
443,198,59
443,199,59
443,200,59
443,201,59
443,202,59
443,203,59
443,204,59
443,205,59
443,206,59
443,207,59
443,208,59
443,209,59
443,210,59
443,211,59
443,212,59
443,213,59
443,214,59
443,215,59
443,216,59
443,217,59
443,218,59
443,219,59
443,220,59
443,221,59
443,222,59
443,223,59
443,224,59
443,225,59
443,226,59
443,227,59
443,228,59
443,229,59
443,230,59
443,231,59
443,232,59
443,233,59
443,234,59
443,235,59
443,236,59
443,237,59
444,238,59
444,239,59
444,0,60
444,1,60
444,2,60
444,3,60
444,4,60
444,5,60
444,6,60
444,7,60
444,8,60
444,9,60
444,10,60
444,11,60
444,12,60
444,13,60
444,14,60
444,15,60
444,16,60
444,17,60
444,18,60
444,19,60
444,20,60
444,21,60
444,22,60
444,23,60
444,24,60
444,25,60
444,26,60
444,27,60
444,28,60
444,29,60
444,30,60
444,31,60
444,32,60
444,33,60
444,34,60
444,35,60
444,36,60
444,37,60
444,38,60
444,39,60
445,40,60
445,41,60
445,42,60
445,43,60
445,44,60
445,45,60
445,46,60
445,47,60
445,48,60
445,49,60
445,50,60
445,51,60
445,52,60
445,53,60
445,54,60
445,55,60
445,56,60
445,57,60
445,58,60
445,59,60
445,60,60
445,61,60
445,62,60
445,63,60
445,64,60
445,65,60
445,66,60
445,67,60
445,68,60
445,69,60
445,70,60
445,71,60
445,72,60
445,73,60
445,74,60
445,75,60
445,76,60
445,77,60
445,78,60
445,79,60
445,80,60
445,81,60
446,82,60
446,83,60
446,84,60
446,85,60
446,86,60
446,87,60
446,88,60
446,89,60
446,90,60
446,91,60
446,92,60
446,93,60
446,94,60
446,95,60
446,96,60
446,97,60
446,98,60
446,99,60
446,100,60
446,101,60
446,102,60
446,103,60
446,104,60
446,105,60
446,106,60
446,107,60
446,108,60
446,109,60
446,110,60
446,111,60
446,112,60
446,113,60
446,114,60
446,115,60
446,116,60
446,117,60
446,118,60
446,119,60
446,120,60
446,121,60
447,122,60
447,123,60
447,124,60
447,125,60
447,126,60
447,127,60
447,128,60
447,129,60
447,130,60
447,131,60
447,132,60
447,133,60
447,134,60
447,135,60
447,136,60
447,137,60
447,138,60
447,139,60
447,140,60
447,141,60
447,142,60
447,143,60
447,144,60
447,145,60
447,146,60
447,147,60
447,148,60
447,149,60
447,150,60
447,151,60
447,152,60
447,153,60
447,154,60
447,155,60
447,156,60
447,157,60
447,158,60
447,159,60
447,160,60
447,161,60
447,162,60
447,163,60
448,164,60
448,165,60
448,166,60
448,167,60
448,168,60
448,169,60
448,170,60
448,171,60
448,172,60
448,173,60
448,174,60
448,175,60
448,176,60
448,177,60
448,178,60
448,179,60
448,180,60
448,181,60
448,182,60
448,183,60
448,184,60
448,185,60
448,186,60
448,187,60
448,188,60
448,189,60
448,190,60
448,191,60
448,192,60
448,193,60
448,194,60
448,195,60
448,196,60
448,197,60
448,198,60
448,199,60
448,200,60
448,201,60
449,202,60
449,203,60
449,204,60
449,205,60
449,206,60
449,207,60
449,208,60
449,209,60
449,210,60
449,211,60
449,212,60
449,213,60
449,214,60
449,215,60
449,216,60
449,217,60
449,218,60
449,219,60
449,220,60
449,221,60
449,222,60
449,223,60
449,224,60
449,225,60
449,226,60
449,227,60
449,228,60
449,229,60
449,230,60
449,231,60
449,232,60
449,233,60
449,234,60
449,235,60
450,236,60
450,237,60
450,238,60
450,239,60
450,0,61
450,1,61
450,2,61
450,3,61
450,4,61
450,5,61
450,6,61
450,7,61
450,8,61
450,9,61
450,10,61
450,11,61
450,12,61
450,13,61
450,14,61
450,15,61
450,16,61
450,17,61
450,18,61
450,19,61
450,20,61
450,21,61
450,22,61
450,23,61
450,24,61
450,25,61
450,26,61
450,27,61
450,28,61
450,29,61
450,30,61
450,31,61
450,32,61
450,33,61
450,34,61
450,35,61
450,36,61
451,37,61
451,38,61
451,39,61
451,40,61
451,41,61
451,42,61
451,43,61
451,44,61
451,45,61
451,46,61
451,47,61
451,48,61
451,49,61
451,50,61
451,51,61
451,52,61
451,53,61
451,54,61
451,55,61
451,56,61
451,57,61
451,58,61
451,59,61
451,60,61
451,61,61
451,62,61
451,63,61
451,64,61
451,65,61
451,66,61
451,67,61
451,68,61
451,69,61
451,70,61
451,71,61
451,72,61
451,73,61
451,74,61
451,75,61
452,76,61
452,77,61
452,78,61
452,79,61
452,80,61
452,81,61
452,82,61
452,83,61
452,84,61
452,85,61
452,86,61
452,87,61
452,88,61
452,89,61
452,90,61
452,91,61
452,92,61
452,93,61
452,94,61
452,95,61
452,96,61
452,97,61
452,98,61
452,99,61
452,100,61
452,101,61
452,102,61
452,103,61
452,104,61
452,105,61
452,106,61
452,107,61
452,108,61
452,109,61
452,110,61
452,111,61
452,112,61
452,113,61
452,114,61
452,115,61
452,116,61
453,117,61
453,118,61
453,119,61
453,120,61
453,121,61
453,122,61
453,123,61
453,124,61
453,125,61
453,126,61
453,127,61
453,128,61
453,129,61
453,130,61
453,131,61
453,132,61
453,133,61
453,134,61
453,135,61
453,136,61
453,137,61
453,138,61
453,139,61
453,140,61
453,141,61
453,142,61
453,143,61
453,144,61
453,145,61
453,146,61
453,147,61
453,148,61
453,149,61
453,150,61
453,151,61
453,152,61
453,153,61
453,154,61
453,155,61
453,156,61
453,157,61
453,158,61
454,159,61
454,160,61
454,161,61
454,162,61
454,163,61
454,164,61
454,165,61
454,166,61
454,167,61
454,168,61
454,169,61
454,170,61
454,171,61
454,172,61
454,173,61
454,174,61
454,175,61
454,176,61
454,177,61
454,178,61
454,179,61
454,180,61
454,181,61
454,182,61
454,183,61
454,184,61
454,185,61
454,186,61
454,187,61
454,188,61
454,189,61
454,190,61
454,191,61
454,192,61
454,193,61
454,194,61
454,195,61
454,196,61
454,197,61
454,198,61
454,199,61
454,200,61
455,201,61
455,202,61
455,203,61
455,204,61
455,205,61
455,206,61
455,207,61
455,208,61
455,209,61
455,210,61
455,211,61
455,212,61
455,213,61
455,214,61
455,215,61
455,216,61
455,217,61
455,218,61
455,219,61
455,220,61
455,221,61
455,222,61
455,223,61
455,224,61
455,225,61
455,226,61
455,227,61
455,228,61
455,229,61
455,230,61
455,231,61
455,232,61
455,233,61
455,234,61
455,235,61
455,236,61
455,237,61
456,238,61
456,239,61
456,0,62
456,1,62
456,2,62
456,3,62
456,4,62
456,5,62
456,6,62
456,7,62
456,8,62
456,9,62
456,10,62
456,11,62
456,12,62
456,13,62
456,14,62
456,15,62
456,16,62
456,17,62
456,18,62
456,19,62
456,20,62
456,21,62
456,22,62
456,23,62
456,24,62
456,25,62
456,26,62
456,27,62
456,28,62
456,29,62
456,30,62
456,31,62
456,32,62
456,33,62
456,34,62
456,35,62
456,36,62
456,37,62
456,38,62
456,39,62
457,40,62
457,41,62
457,42,62
457,43,62
457,44,62
457,45,62
457,46,62
457,47,62
457,48,62
457,49,62
457,50,62
457,51,62
457,52,62
457,53,62
457,54,62
457,55,62
457,56,62
457,57,62
457,58,62
457,59,62
457,60,62
457,61,62
457,62,62
457,63,62
457,64,62
457,65,62
457,66,62
457,67,62
457,68,62
457,69,62
457,70,62
457,71,62
457,72,62
457,73,62
457,74,62
457,75,62
457,76,62
457,77,62
457,78,62
457,79,62
457,80,62
458,81,62
458,82,62
458,83,62
458,84,62
458,85,62
458,86,62
458,87,62
458,88,62
458,89,62
458,90,62
458,91,62
458,92,62
458,93,62
458,94,62
458,95,62
458,96,62
458,97,62
458,98,62
458,99,62
458,100,62
458,101,62
458,102,62
458,103,62
458,104,62
458,105,62
458,106,62
458,107,62
458,108,62
458,109,62
458,110,62
458,111,62
458,112,62
458,113,62
458,114,62
458,115,62
458,116,62
458,117,62
458,118,62
458,119,62
458,120,62
458,121,62
459,122,62
459,123,62
459,124,62
459,125,62
459,126,62
459,127,62
459,128,62
459,129,62
459,130,62
459,131,62
459,132,62
459,133,62
459,134,62
459,135,62
459,136,62
459,137,62
459,138,62
459,139,62
459,140,62
459,141,62
459,142,62
459,143,62
459,144,62
459,145,62
459,146,62
459,147,62
459,148,62
459,149,62
459,150,62
459,151,62
459,152,62
459,153,62
459,154,62
459,155,62
459,156,62
459,157,62
459,158,62
459,159,62
459,160,62
460,161,62
460,162,62
460,163,62
460,164,62
460,165,62
460,166,62
460,167,62
460,168,62
460,169,62
460,170,62
460,171,62
460,172,62
460,173,62
460,174,62
460,175,62
460,176,62
460,177,62
460,178,62
460,179,62
460,180,62
460,181,62
460,182,62
460,183,62
460,184,62
460,185,62
460,186,62
460,187,62
460,188,62
460,189,62
460,190,62
460,191,62
460,192,62
460,193,62
460,194,62
460,195,62
460,196,62
460,197,62
461,198,62
461,199,62
461,200,62
461,201,62
461,202,62
461,203,62
461,204,62
461,205,62
461,206,62
461,207,62
461,208,62
461,209,62
461,210,62
461,211,62
461,212,62
461,213,62
461,214,62
461,215,62
461,216,62
461,217,62
461,218,62
461,219,62
461,220,62
461,221,62
461,222,62
461,223,62
461,224,62
461,225,62
461,226,62
461,227,62
461,228,62
461,229,62
461,230,62
461,231,62
461,232,62
461,233,62
461,234,62
461,235,62
461,236,62
461,237,62
461,238,62
462,239,62
462,0,63
462,1,63
462,2,63
462,3,63
462,4,63
462,5,63
462,6,63
462,7,63
462,8,63
462,9,63
462,10,63
462,11,63
462,12,63
462,13,63
462,14,63
462,15,63
462,16,63
462,17,63
462,18,63
462,19,63
462,20,63
462,21,63
462,22,63
462,23,63
462,24,63
462,25,63
462,26,63
462,27,63
462,28,63
462,29,63
462,30,63
462,31,63
462,32,63
462,33,63
462,34,63
462,35,63
462,36,63
462,37,63
462,38,63
462,39,63
463,40,63
463,41,63
463,42,63
463,43,63
463,44,63
463,45,63
463,46,63
463,47,63
463,48,63
463,49,63
463,50,63
463,51,63
463,52,63
463,53,63
463,54,63
463,55,63
463,56,63
463,57,63
463,58,63
463,59,63
463,60,63
463,61,63
463,62,63
463,63,63
463,64,63
463,65,63
463,66,63
463,67,63
463,68,63
463,69,63
463,70,63
463,71,63
463,72,63
463,73,63
463,74,63
463,75,63
463,76,63
463,77,63
463,78,63
463,79,63
463,80,63
463,81,63
464,82,63
464,83,63
464,84,63
464,85,63
464,86,63
464,87,63
464,88,63
464,89,63
464,90,63
464,91,63
464,92,63
464,93,63
464,94,63
464,95,63
464,96,63
464,97,63
464,98,63
464,99,63
464,100,63
464,101,63
464,102,63
464,103,63
464,104,63
464,105,63
464,106,63
464,107,63
464,108,63
464,109,63
464,110,63
464,111,63
464,112,63
464,113,63
464,114,63
464,115,63
464,116,63
464,117,63
464,118,63
464,119,63
464,120,63
464,121,63
464,122,63
464,123,63
465,124,63
465,125,63
465,126,63
465,127,63
465,128,63
465,129,63
465,130,63
465,131,63
465,132,63
465,133,63
465,134,63
465,135,63
465,136,63
465,137,63
465,138,63
465,139,63
465,140,63
465,141,63
465,142,63
465,143,63
465,144,63
465,145,63
465,146,63
465,147,63
465,148,63
465,149,63
465,150,63
465,151,63
465,152,63
465,153,63
465,154,63
465,155,63
465,156,63
465,157,63
465,158,63
465,159,63
465,160,63
465,161,63
465,162,63
465,163,63
465,164,63
465,165,63
466,166,63
466,167,63
466,168,63
466,169,63
466,170,63
466,171,63
466,172,63
466,173,63
466,174,63
466,175,63
466,176,63
466,177,63
466,178,63
466,179,63
466,180,63
466,181,63
466,182,63
466,183,63
466,184,63
466,185,63
466,186,63
466,187,63
466,188,63
466,189,63
466,190,63
466,191,63
466,192,63
466,193,63
466,194,63
466,195,63
466,196,63
466,197,63
466,198,63
466,199,63
466,200,63
466,201,63
466,202,63
466,203,63
466,204,63
466,205,63
466,206,63
466,207,63
467,208,63
467,209,63
467,210,63
467,211,63
467,212,63
467,213,63
467,214,63
467,215,63
467,216,63
467,217,63
467,218,63
467,219,63
467,220,63
467,221,63
467,222,63
467,223,63
467,224,63
467,225,63
467,226,63
467,227,63
467,228,63
467,229,63
467,230,63
467,231,63
467,232,63
467,233,63
467,234,63
467,235,63
467,236,63
467,237,63
467,238,63
467,239,63
467,0,64
467,1,64
467,2,64
467,3,64
467,4,64
467,5,64
467,6,64
467,7,64
467,8,64
468,9,64
468,10,64
468,11,64
468,12,64
468,13,64
468,14,64
468,15,64
468,16,64
468,17,64
468,18,64
468,19,64
468,20,64
468,21,64
468,22,64
468,23,64
468,24,64
468,25,64
468,26,64
468,27,64
468,28,64
468,29,64
468,30,64
468,31,64
468,32,64
468,33,64
468,34,64
468,35,64
468,36,64
468,37,64
468,38,64
468,39,64
468,40,64
468,41,64
468,42,64
468,43,64
468,44,64
468,45,64
468,46,64
468,47,64
468,48,64
468,49,64
469,50,64
469,51,64
469,52,64
469,53,64
469,54,64
469,55,64
469,56,64
469,57,64
469,58,64
469,59,64
469,60,64
469,61,64
469,62,64
469,63,64
469,64,64
469,65,64
469,66,64
469,67,64
469,68,64
469,69,64
469,70,64
469,71,64
469,72,64
469,73,64
469,74,64
469,75,64
469,76,64
469,77,64
469,78,64
469,79,64
469,80,64
469,81,64
469,82,64
469,83,64
469,84,64
469,85,64
469,86,64
469,87,64
469,88,64
470,89,64
470,90,64
470,91,64
470,92,64
470,93,64
470,94,64
470,95,64
470,96,64
470,97,64
470,98,64
470,99,64
470,100,64
470,101,64
470,102,64
470,103,64
470,104,64
470,105,64
470,106,64
470,107,64
470,108,64
470,109,64
470,110,64
470,111,64
470,112,64
470,113,64
470,114,64
470,115,64
470,116,64
470,117,64
470,118,64
470,119,64
470,120,64
470,121,64
470,122,64
471,123,64
471,124,64
471,125,64
471,126,64
471,127,64
471,128,64
471,129,64
471,130,64
471,131,64
471,132,64
471,133,64
471,134,64
471,135,64
471,136,64
471,137,64
471,138,64
471,139,64
471,140,64
471,141,64
471,142,64
471,143,64
471,144,64
471,145,64
471,146,64
471,147,64
471,148,64
471,149,64
471,150,64
471,151,64
471,152,64
471,153,64
471,154,64
471,155,64
471,156,64
471,157,64
471,158,64
472,159,64
472,160,64
472,161,64
472,162,64
472,163,64
472,164,64
472,165,64
472,166,64
472,167,64
472,168,64
472,169,64
472,170,64
472,171,64
472,172,64
472,173,64
472,174,64
472,175,64
472,176,64
472,177,64
472,178,64
472,179,64
472,180,64
472,181,64
472,182,64
472,183,64
472,184,64
472,185,64
472,186,64
472,187,64
472,188,64
472,189,64
472,190,64
472,191,64
473,192,64
473,193,64
473,194,64
473,195,64
473,196,64
473,197,64
473,198,64
473,199,64
473,200,64
473,201,64
473,202,64
473,203,64
473,204,64
473,205,64
473,206,64
473,207,64
473,208,64
473,209,64
473,210,64
473,211,64
473,212,64
473,213,64
473,214,64
473,215,64
473,216,64
473,217,64
473,218,64
473,219,64
473,220,64
473,221,64
473,222,64
473,223,64
473,224,64
473,225,64
473,226,64
473,227,64
473,228,64
473,229,64
473,230,64
473,231,64
473,232,64
473,233,64
474,234,64
474,235,64
474,236,64
474,237,64
474,238,64
474,239,64
474,0,65
474,1,65
474,2,65
474,3,65
474,4,65
474,5,65
474,6,65
474,7,65
474,8,65
474,9,65
474,10,65
474,11,65
474,12,65
474,13,65
474,14,65
474,15,65
474,16,65
474,17,65
474,18,65
474,19,65
474,20,65
474,21,65
474,22,65
474,23,65
474,24,65
474,25,65
474,26,65
474,27,65
474,28,65
474,29,65
475,30,65
475,31,65
475,32,65
475,33,65
475,34,65
475,35,65
475,36,65
475,37,65
475,38,65
475,39,65
475,40,65
475,41,65
475,42,65
475,43,65
475,44,65
475,45,65
475,46,65
475,47,65
475,48,65
475,49,65
475,50,65
475,51,65
475,52,65
475,53,65
475,54,65
475,55,65
475,56,65
475,57,65
475,58,65
475,59,65
475,60,65
475,61,65
475,62,65
475,63,65
475,64,65
475,65,65
475,66,65
475,67,65
475,68,65
475,69,65
475,70,65
475,71,65
476,72,65
476,73,65
476,74,65
476,75,65
476,76,65
476,77,65
476,78,65
476,79,65
476,80,65
476,81,65
476,82,65
476,83,65
476,84,65
476,85,65
476,86,65
476,87,65
476,88,65
476,89,65
476,90,65
476,91,65
476,92,65
476,93,65
476,94,65
476,95,65
476,96,65
476,97,65
476,98,65
476,99,65
476,100,65
476,101,65
476,102,65
476,103,65
476,104,65
476,105,65
476,106,65
476,107,65
476,108,65
476,109,65
476,110,65
476,111,65
476,112,65
477,113,65
477,114,65
477,115,65
477,116,65
477,117,65
477,118,65
477,119,65
477,120,65
477,121,65
477,122,65
477,123,65
477,124,65
477,125,65
477,126,65
477,127,65
477,128,65
477,129,65
477,130,65
477,131,65
477,132,65
477,133,65
477,134,65
477,135,65
477,136,65
477,137,65
477,138,65
477,139,65
477,140,65
477,141,65
477,142,65
477,143,65
477,144,65
477,145,65
477,146,65
477,147,65
477,148,65
477,149,65
477,150,65
477,151,65
477,152,65
477,153,65
477,154,65
478,155,65
478,156,65
478,157,65
478,158,65
478,159,65
478,160,65
478,161,65
478,162,65
478,163,65
478,164,65
478,165,65
478,166,65
478,167,65
478,168,65
478,169,65
478,170,65
478,171,65
478,172,65
478,173,65
478,174,65
478,175,65
478,176,65
478,177,65
478,178,65
478,179,65
478,180,65
478,181,65
478,182,65
478,183,65
478,184,65
478,185,65
478,186,65
478,187,65
478,188,65
478,189,65
478,190,65
478,191,65
478,192,65
479,193,65
479,194,65
479,195,65
479,196,65
479,197,65
479,198,65
479,199,65
479,200,65
479,201,65
479,202,65
479,203,65
479,204,65
479,205,65
479,206,65
479,207,65
479,208,65
479,209,65
479,210,65
479,211,65
479,212,65
479,213,65
479,214,65
479,215,65
479,216,65
479,217,65
479,218,65
479,219,65
479,220,65
479,221,65
479,222,65
479,223,65
479,224,65
480,225,65
480,226,65
480,227,65
480,228,65
480,229,65
480,230,65
480,231,65
480,232,65
480,233,65
480,234,65
480,235,65
480,236,65
480,237,65
480,238,65
480,239,65
480,0,66
480,1,66
480,2,66
480,3,66
480,4,66
480,5,66
480,6,66
480,7,66
480,8,66
480,9,66
480,10,66
480,11,66
480,12,66
480,13,66
480,14,66
480,15,66
480,16,66
480,17,66
480,18,66
480,19,66
481,20,66
481,21,66
481,22,66
481,23,66
481,24,66
481,25,66
481,26,66
481,27,66
481,28,66
481,29,66
481,30,66
481,31,66
481,32,66
481,33,66
481,34,66
481,35,66
481,36,66
481,37,66
481,38,66
481,39,66
481,40,66
481,41,66
481,42,66
481,43,66
481,44,66
481,45,66
481,46,66
481,47,66
481,48,66
481,49,66
481,50,66
481,51,66
481,52,66
481,53,66
481,54,66
481,55,66
481,56,66
481,57,66
481,58,66
481,59,66
481,60,66
481,61,66
482,62,66
482,63,66
482,64,66
482,65,66
482,66,66
482,67,66
482,68,66
482,69,66
482,70,66
482,71,66
482,72,66
482,73,66
482,74,66
482,75,66
482,76,66
482,77,66
482,78,66
482,79,66
482,80,66
482,81,66
482,82,66
482,83,66
482,84,66
482,85,66
482,86,66
482,87,66
482,88,66
482,89,66
482,90,66
482,91,66
482,92,66
482,93,66
482,94,66
482,95,66
482,96,66
482,97,66
482,98,66
482,99,66
482,100,66
482,101,66
482,102,66
482,103,66
483,104,66
483,105,66
483,106,66
483,107,66
483,108,66
483,109,66
483,110,66
483,111,66
483,112,66
483,113,66
483,114,66
483,115,66
483,116,66
483,117,66
483,118,66
483,119,66
483,120,66
483,121,66
483,122,66
483,123,66
483,124,66
483,125,66
483,126,66
483,127,66
483,128,66
483,129,66
483,130,66
483,131,66
483,132,66
483,133,66
483,134,66
483,135,66
483,136,66
483,137,66
483,138,66
483,139,66
483,140,66
483,141,66
483,142,66
483,143,66
483,144,66
484,145,66
484,146,66
484,147,66
484,148,66
484,149,66
484,150,66
484,151,66
484,152,66
484,153,66
484,154,66
484,155,66
484,156,66
484,157,66
484,158,66
484,159,66
484,160,66
484,161,66
484,162,66
484,163,66
484,164,66
484,165,66
484,166,66
484,167,66
484,168,66
484,169,66
484,170,66
484,171,66
484,172,66
484,173,66
484,174,66
484,175,66
484,176,66
484,177,66
484,178,66
484,179,66
484,180,66
484,181,66
484,182,66
484,183,66
484,184,66
484,185,66
485,186,66
485,187,66
485,188,66
485,189,66
485,190,66
485,191,66
485,192,66
485,193,66
485,194,66
485,195,66
485,196,66
485,197,66
485,198,66
485,199,66
485,200,66
485,201,66
485,202,66
485,203,66
485,204,66
485,205,66
485,206,66
485,207,66
485,208,66
485,209,66
485,210,66
485,211,66
485,212,66
485,213,66
485,214,66
485,215,66
485,216,66
485,217,66
485,218,66
485,219,66
485,220,66
485,221,66
485,222,66
485,223,66
485,224,66
485,225,66
486,226,66
486,227,66
486,228,66
486,229,66
486,230,66
486,231,66
486,232,66
486,233,66
486,234,66
486,235,66
486,236,66
486,237,66
486,238,66
486,239,66
486,0,67
486,1,67
486,2,67
486,3,67
486,4,67
486,5,67
486,6,67
486,7,67
486,8,67
486,9,67
486,10,67
486,11,67
486,12,67
486,13,67
486,14,67
486,15,67
486,16,67
486,17,67
486,18,67
486,19,67
486,20,67
486,21,67
486,22,67
486,23,67
487,24,67
487,25,67
487,26,67
487,27,67
487,28,67
487,29,67
487,30,67
487,31,67
487,32,67
487,33,67
487,34,67
487,35,67
487,36,67
487,37,67
487,38,67
487,39,67
487,40,67
487,41,67
487,42,67
487,43,67
487,44,67
487,45,67
487,46,67
487,47,67
487,48,67
487,49,67
487,50,67
487,51,67
487,52,67
487,53,67
487,54,67
487,55,67
487,56,67
487,57,67
487,58,67
487,59,67
487,60,67
487,61,67
487,62,67
487,63,67
487,64,67
488,65,67
488,66,67
488,67,67
488,68,67
488,69,67
488,70,67
488,71,67
488,72,67
488,73,67
488,74,67
488,75,67
488,76,67
488,77,67
488,78,67
488,79,67
488,80,67
488,81,67
488,82,67
488,83,67
488,84,67
488,85,67
488,86,67
488,87,67
488,88,67
488,89,67
488,90,67
488,91,67
488,92,67
488,93,67
488,94,67
488,95,67
488,96,67
488,97,67
488,98,67
488,99,67
488,100,67
488,101,67
488,102,67
488,103,67
488,104,67
488,105,67
489,106,67
489,107,67
489,108,67
489,109,67
489,110,67
489,111,67
489,112,67
489,113,67
489,114,67
489,115,67
489,116,67
489,117,67
489,118,67
489,119,67
489,120,67
489,121,67
489,122,67
489,123,67
489,124,67
489,125,67
489,126,67
489,127,67
489,128,67
489,129,67
489,130,67
489,131,67
489,132,67
489,133,67
489,134,67
489,135,67
489,136,67
489,137,67
489,138,67
489,139,67
489,140,67
489,141,67
489,142,67
489,143,67
489,144,67
489,145,67
489,146,67
489,147,67
490,148,67
490,149,67
490,150,67
490,151,67
490,152,67
490,153,67
490,154,67
490,155,67
490,156,67
490,157,67
490,158,67
490,159,67
490,160,67
490,161,67
490,162,67
490,163,67
490,164,67
490,165,67
490,166,67
490,167,67
490,168,67
490,169,67
490,170,67
490,171,67
490,172,67
490,173,67
490,174,67
490,175,67
490,176,67
490,177,67
490,178,67
490,179,67
490,180,67
490,181,67
490,182,67
490,183,67
490,184,67
490,185,67
490,186,67
490,187,67
490,188,67
491,189,67
491,190,67
491,191,67
491,192,67
491,193,67
491,194,67
491,195,67
491,196,67
491,197,67
491,198,67
491,199,67
491,200,67
491,201,67
491,202,67
491,203,67
491,204,67
491,205,67
491,206,67
491,207,67
491,208,67
491,209,67
491,210,67
491,211,67
491,212,67
491,213,67
491,214,67
491,215,67
491,216,67
491,217,67
491,218,67
491,219,67
491,220,67
491,221,67
491,222,67
491,223,67
491,224,67
491,225,67
491,226,67
491,227,67
491,228,67
491,229,67
492,230,67
492,231,67
492,232,67
492,233,67
492,234,67
492,235,67
492,236,67
492,237,67
492,238,67
492,239,67
492,0,68
492,1,68
492,2,68
492,3,68
492,4,68
492,5,68
492,6,68
492,7,68
492,8,68
492,9,68
492,10,68
492,11,68
492,12,68
492,13,68
492,14,68
492,15,68
492,16,68
492,17,68
492,18,68
492,19,68
492,20,68
492,21,68
492,22,68
492,23,68
492,24,68
493,25,68
493,26,68
493,27,68
493,28,68
493,29,68
493,30,68
493,31,68
493,32,68
493,33,68
493,34,68
493,35,68
493,36,68
493,37,68
493,38,68
493,39,68
493,40,68
493,41,68
493,42,68
493,43,68
493,44,68
493,45,68
493,46,68
493,47,68
493,48,68
493,49,68
493,50,68
493,51,68
493,52,68
493,53,68
493,54,68
493,55,68
493,56,68
493,57,68
493,58,68
493,59,68
493,60,68
493,61,68
493,62,68
493,63,68
493,64,68
493,65,68
494,66,68
494,67,68
494,68,68
494,69,68
494,70,68
494,71,68
494,72,68
494,73,68
494,74,68
494,75,68
494,76,68
494,77,68
494,78,68
494,79,68
494,80,68
494,81,68
494,82,68
494,83,68
494,84,68
494,85,68
494,86,68
494,87,68
494,88,68
494,89,68
494,90,68
494,91,68
494,92,68
494,93,68
494,94,68
494,95,68
494,96,68
494,97,68
494,98,68
494,99,68
494,100,68
494,101,68
494,102,68
494,103,68
494,104,68
494,105,68
494,106,68
494,107,68
494,108,68
495,109,68
495,110,68
495,111,68
495,112,68
495,113,68
495,114,68
495,115,68
495,116,68
495,117,68
495,118,68
495,119,68
495,120,68
495,121,68
495,122,68
495,123,68
495,124,68
495,125,68
495,126,68
495,127,68
495,128,68
495,129,68
495,130,68
495,131,68
495,132,68
495,133,68
495,134,68
495,135,68
495,136,68
495,137,68
495,138,68
495,139,68
495,140,68
495,141,68
495,142,68
495,143,68
495,144,68
495,145,68
495,146,68
495,147,68
495,148,68
495,149,68
495,150,68
495,151,68
496,152,68
496,153,68
496,154,68
496,155,68
496,156,68
496,157,68
496,158,68
496,159,68
496,160,68
496,161,68
496,162,68
496,163,68
496,164,68
496,165,68
496,166,68
496,167,68
496,168,68
496,169,68
496,170,68
496,171,68
496,172,68
496,173,68
496,174,68
496,175,68
496,176,68
496,177,68
496,178,68
496,179,68
496,180,68
496,181,68
496,182,68
496,183,68
496,184,68
496,185,68
496,186,68
496,187,68
496,188,68
496,189,68
496,190,68
497,191,68
497,192,68
497,193,68
497,194,68
497,195,68
497,196,68
497,197,68
497,198,68
497,199,68
497,200,68
497,201,68
497,202,68
497,203,68
497,204,68
497,205,68
497,206,68
497,207,68
497,208,68
497,209,68
497,210,68
497,211,68
497,212,68
497,213,68
497,214,68
497,215,68
497,216,68
497,217,68
497,218,68
497,219,68
497,220,68
497,221,68
497,222,68
497,223,68
497,224,68
497,225,68
497,226,68
497,227,68
497,228,68
497,229,68
497,230,68
497,231,68
497,232,68
498,233,68
498,234,68
498,235,68
498,236,68
498,237,68
498,238,68
498,239,68
498,0,69
498,1,69
498,2,69
498,3,69
498,4,69
498,5,69
498,6,69
498,7,69
498,8,69
498,9,69
498,10,69
498,11,69
498,12,69
498,13,69
498,14,69
498,15,69
498,16,69
498,17,69
498,18,69
498,19,69
498,20,69
498,21,69
498,22,69
498,23,69
498,24,69
498,25,69
498,26,69
498,27,69
498,28,69
498,29,69
498,30,69
498,31,69
498,32,69
498,33,69
498,34,69
499,35,69
499,36,69
499,37,69
499,38,69
499,39,69
499,40,69
499,41,69
499,42,69
499,43,69
499,44,69
499,45,69
499,46,69
499,47,69
499,48,69
499,49,69
499,50,69
499,51,69
499,52,69
499,53,69
499,54,69
499,55,69
499,56,69
499,57,69
499,58,69
499,59,69
499,60,69
499,61,69
499,62,69
499,63,69
499,64,69
499,65,69
499,66,69
499,67,69
499,68,69
499,69,69
499,70,69
499,71,69
499,72,69
500,73,69
500,74,69
500,75,69
500,76,69
500,77,69
500,78,69
500,79,69
500,80,69
500,81,69
500,82,69
500,83,69
500,84,69
500,85,69
500,86,69
500,87,69
500,88,69
500,89,69
500,90,69
500,91,69
500,92,69
500,93,69
500,94,69
500,95,69
500,96,69
500,97,69
500,98,69
500,99,69
500,100,69
500,101,69
500,102,69
500,103,69
500,104,69
500,105,69
500,106,69
500,107,69
500,108,69
500,109,69
500,110,69
501,111,69
501,112,69
501,113,69
501,114,69
501,115,69
501,116,69
501,117,69
501,118,69
501,119,69
501,120,69
501,121,69
501,122,69
501,123,69
501,124,69
501,125,69
501,126,69
501,127,69
501,128,69
501,129,69
501,130,69
501,131,69
501,132,69
501,133,69
501,134,69
501,135,69
501,136,69
501,137,69
501,138,69
501,139,69
501,140,69
501,141,69
501,142,69
501,143,69
501,144,69
501,145,69
501,146,69
501,147,69
501,148,69
501,149,69
501,150,69
501,151,69
502,152,69
502,153,69
502,154,69
502,155,69
502,156,69
502,157,69
502,158,69
502,159,69
502,160,69
502,161,69
502,162,69
502,163,69
502,164,69
502,165,69
502,166,69
502,167,69
502,168,69
502,169,69
502,170,69
502,171,69
502,172,69
502,173,69
502,174,69
502,175,69
502,176,69
502,177,69
502,178,69
502,179,69
502,180,69
502,181,69
502,182,69
502,183,69
502,184,69
502,185,69
502,186,69
502,187,69
502,188,69
502,189,69
502,190,69
502,191,69
502,192,69
502,193,69
503,194,69
503,195,69
503,196,69
503,197,69
503,198,69
503,199,69
503,200,69
503,201,69
503,202,69
503,203,69
503,204,69
503,205,69
503,206,69
503,207,69
503,208,69
503,209,69
503,210,69
503,211,69
503,212,69
503,213,69
503,214,69
503,215,69
503,216,69
503,217,69
503,218,69
503,219,69
503,220,69
503,221,69
503,222,69
503,223,69
503,224,69
503,225,69
503,226,69
503,227,69
503,228,69
503,229,69
503,230,69
503,231,69
503,232,69
503,233,69
503,234,69
503,235,69
503,236,69
504,237,69
504,238,69
504,239,69
504,0,70
504,1,70
504,2,70
504,3,70
504,4,70
504,5,70
504,6,70
504,7,70
504,8,70
504,9,70
504,10,70
504,11,70
504,12,70
504,13,70
504,14,70
504,15,70
504,16,70
504,17,70
504,18,70
504,19,70
504,20,70
504,21,70
504,22,70
504,23,70
504,24,70
504,25,70
504,26,70
504,27,70
504,28,70
504,29,70
504,30,70
504,31,70
504,32,70
504,33,70
504,34,70
504,35,70
504,36,70
504,37,70
505,38,70
505,39,70
505,40,70
505,41,70
505,42,70
505,43,70
505,44,70
505,45,70
505,46,70
505,47,70
505,48,70
505,49,70
505,50,70
505,51,70
505,52,70
505,53,70
505,54,70
505,55,70
505,56,70
505,57,70
505,58,70
505,59,70
505,60,70
505,61,70
505,62,70
505,63,70
505,64,70
505,65,70
505,66,70
505,67,70
505,68,70
505,69,70
505,70,70
505,71,70
505,72,70
505,73,70
505,74,70
505,75,70
505,76,70
505,77,70
505,78,70
505,79,70
505,80,70
506,81,70
506,82,70
506,83,70
506,84,70
506,85,70
506,86,70
506,87,70
506,88,70
506,89,70
506,90,70
506,91,70
506,92,70
506,93,70
506,94,70
506,95,70
506,96,70
506,97,70
506,98,70
506,99,70
506,100,70
506,101,70
506,102,70
506,103,70
506,104,70
506,105,70
506,106,70
506,107,70
506,108,70
506,109,70
506,110,70
506,111,70
506,112,70
506,113,70
506,114,70
506,115,70
506,116,70
506,117,70
506,118,70
506,119,70
506,120,70
506,121,70
506,122,70
506,123,70
507,124,70
507,125,70
507,126,70
507,127,70
507,128,70
507,129,70
507,130,70
507,131,70
507,132,70
507,133,70
507,134,70
507,135,70
507,136,70
507,137,70
507,138,70
507,139,70
507,140,70
507,141,70
507,142,70
507,143,70
507,144,70
507,145,70
507,146,70
507,147,70
507,148,70
507,149,70
507,150,70
507,151,70
507,152,70
507,153,70
507,154,70
507,155,70
507,156,70
507,157,70
507,158,70
507,159,70
507,160,70
507,161,70
507,162,70
507,163,70
507,164,70
507,165,70
508,166,70
508,167,70
508,168,70
508,169,70
508,170,70
508,171,70
508,172,70
508,173,70
508,174,70
508,175,70
508,176,70
508,177,70
508,178,70
508,179,70
508,180,70
508,181,70
508,182,70
508,183,70
508,184,70
508,185,70
508,186,70
508,187,70
508,188,70
508,189,70
508,190,70
508,191,70
508,192,70
508,193,70
508,194,70
508,195,70
508,196,70
508,197,70
508,198,70
508,199,70
508,200,70
508,201,70
508,202,70
508,203,70
508,204,70
508,205,70
509,206,70
509,207,70
509,208,70
509,209,70
509,210,70
509,211,70
509,212,70
509,213,70
509,214,70
509,215,70
509,216,70
509,217,70
509,218,70
509,219,70
509,220,70
509,221,70
509,222,70
509,223,70
509,224,70
509,225,70
509,226,70
509,227,70
509,228,70
509,229,70
509,230,70
509,231,70
509,232,70
509,233,70
509,234,70
509,235,70
509,236,70
509,237,70
509,238,70
509,239,70
509,0,71
509,1,71
509,2,71
509,3,71
509,4,71
509,5,71
509,6,71
510,7,71
510,8,71
510,9,71
510,10,71
510,11,71
510,12,71
510,13,71
510,14,71
510,15,71
510,16,71
510,17,71
510,18,71
510,19,71
510,20,71
510,21,71
510,22,71
510,23,71
510,24,71
510,25,71
510,26,71
510,27,71
510,28,71
510,29,71
510,30,71
510,31,71
510,32,71
510,33,71
510,34,71
510,35,71
510,36,71
510,37,71
510,38,71
510,39,71
510,40,71
510,41,71
510,42,71
510,43,71
510,44,71
510,45,71
510,46,71
510,47,71
510,48,71
510,49,71
511,50,71
511,51,71
511,52,71
511,53,71
511,54,71
511,55,71
511,56,71
511,57,71
511,58,71
511,59,71
511,60,71
511,61,71
511,62,71
511,63,71
511,64,71
511,65,71
511,66,71
511,67,71
511,68,71
511,69,71
511,70,71
511,71,71
511,72,71
511,73,71
511,74,71
511,75,71
511,76,71
511,77,71
511,78,71
511,79,71
511,80,71
511,81,71
511,82,71
511,83,71
511,84,71
511,85,71
511,86,71
511,87,71
511,88,71
511,89,71
511,90,71
511,91,71
512,92,71
512,93,71
512,94,71
512,95,71
512,96,71
512,97,71
512,98,71
512,99,71
512,100,71
512,101,71
512,102,71
512,103,71
512,104,71
512,105,71
512,106,71
512,107,71
512,108,71
512,109,71
512,110,71
512,111,71
512,112,71
512,113,71
512,114,71
512,115,71
512,116,71
512,117,71
512,118,71
512,119,71
512,120,71
512,121,71
512,122,71
512,123,71
512,124,71
512,125,71
512,126,71
512,127,71
512,128,71
512,129,71
512,130,71
512,131,71
512,132,71
512,133,71
512,134,71
513,135,71
513,136,71
513,137,71
513,138,71
513,139,71
513,140,71
513,141,71
513,142,71
513,143,71
513,144,71
513,145,71
513,146,71
513,147,71
513,148,71
513,149,71
513,150,71
513,151,71
513,152,71
513,153,71
513,154,71
513,155,71
513,156,71
513,157,71
513,158,71
513,159,71
513,160,71
513,161,71
513,162,71
513,163,71
513,164,71
513,165,71
513,166,71
513,167,71
513,168,71
513,169,71
513,170,71
513,171,71
513,172,71
513,173,71
513,174,71
513,175,71
514,176,71
514,177,71
514,178,71
514,179,71
514,180,71
514,181,71
514,182,71
514,183,71
514,184,71
514,185,71
514,186,71
514,187,71
514,188,71
514,189,71
514,190,71
514,191,71
514,192,71
514,193,71
514,194,71
514,195,71
514,196,71
514,197,71
514,198,71
514,199,71
514,200,71
514,201,71
514,202,71
514,203,71
514,204,71
514,205,71
514,206,71
514,207,71
514,208,71
514,209,71
514,210,71
514,211,71
514,212,71
514,213,71
514,214,71
514,215,71
514,216,71
514,217,71
514,218,71
515,219,71
515,220,71
515,221,71
515,222,71
515,223,71
515,224,71
515,225,71
515,226,71
515,227,71
515,228,71
515,229,71
515,230,71
515,231,71
515,232,71
515,233,71
515,234,71
515,235,71
515,236,71
515,237,71
515,238,71
515,239,71
515,0,72
515,1,72
515,2,72
515,3,72
515,4,72
515,5,72
515,6,72
515,7,72
515,8,72
515,9,72
515,10,72
515,11,72
515,12,72
515,13,72
515,14,72
515,15,72
515,16,72
515,17,72
515,18,72
515,19,72
515,20,72
516,21,72
516,22,72
516,23,72
516,24,72
516,25,72
516,26,72
516,27,72
516,28,72
516,29,72
516,30,72
516,31,72
516,32,72
516,33,72
516,34,72
516,35,72
516,36,72
516,37,72
516,38,72
516,39,72
516,40,72
516,41,72
516,42,72
516,43,72
516,44,72
516,45,72
516,46,72
516,47,72
516,48,72
516,49,72
516,50,72
516,51,72
516,52,72
516,53,72
516,54,72
516,55,72
516,56,72
516,57,72
516,58,72
516,59,72
516,60,72
516,61,72
516,62,72
517,63,72
517,64,72
517,65,72
517,66,72
517,67,72
517,68,72
517,69,72
517,70,72
517,71,72
517,72,72
517,73,72
517,74,72
517,75,72
517,76,72
517,77,72
517,78,72
517,79,72
517,80,72
517,81,72
517,82,72
517,83,72
517,84,72
517,85,72
517,86,72
517,87,72
517,88,72
517,89,72
517,90,72
517,91,72
517,92,72
517,93,72
517,94,72
518,95,72
518,96,72
518,97,72
518,98,72
518,99,72
518,100,72
518,101,72
518,102,72
518,103,72
518,104,72
518,105,72
518,106,72
518,107,72
518,108,72
518,109,72
518,110,72
518,111,72
518,112,72
518,113,72
518,114,72
518,115,72
518,116,72
518,117,72
518,118,72
518,119,72
518,120,72
518,121,72
518,122,72
518,123,72
518,124,72
518,125,72
519,126,72
519,127,72
519,128,72
519,129,72
519,130,72
519,131,72
519,132,72
519,133,72
519,134,72
519,135,72
519,136,72
519,137,72
519,138,72
519,139,72
519,140,72
519,141,72
519,142,72
519,143,72
519,144,72
519,145,72
519,146,72
519,147,72
519,148,72
519,149,72
519,150,72
519,151,72
519,152,72
519,153,72
519,154,72
519,155,72
519,156,72
519,157,72
519,158,72
519,159,72
519,160,72
519,161,72
520,162,72
520,163,72
520,164,72
520,165,72
520,166,72
520,167,72
520,168,72
520,169,72
520,170,72
520,171,72
520,172,72
520,173,72
520,174,72
520,175,72
520,176,72
520,177,72
520,178,72
520,179,72
520,180,72
520,181,72
520,182,72
520,183,72
520,184,72
520,185,72
520,186,72
520,187,72
520,188,72
520,189,72
520,190,72
520,191,72
520,192,72
520,193,72
520,194,72
520,195,72
520,196,72
520,197,72
520,198,72
520,199,72
521,200,72
521,201,72
521,202,72
521,203,72
521,204,72
521,205,72
521,206,72
521,207,72
521,208,72
521,209,72
521,210,72
521,211,72
521,212,72
521,213,72
521,214,72
521,215,72
521,216,72
521,217,72
521,218,72
521,219,72
521,220,72
521,221,72
521,222,72
521,223,72
521,224,72
521,225,72
521,226,72
521,227,72
521,228,72
521,229,72
521,230,72
521,231,72
521,232,72
521,233,72
521,234,72
521,235,72
521,236,72
521,237,72
521,238,72
521,239,72
522,0,73
522,1,73
522,2,73
522,3,73
522,4,73
522,5,73
522,6,73
522,7,73
522,8,73
522,9,73
522,10,73
522,11,73
522,12,73
522,13,73
522,14,73
522,15,73
522,16,73
522,17,73
522,18,73
522,19,73
522,20,73
522,21,73
522,22,73
522,23,73
522,24,73
522,25,73
522,26,73
522,27,73
522,28,73
522,29,73
522,30,73
522,31,73
522,32,73
522,33,73
522,34,73
522,35,73
522,36,73
522,37,73
523,38,73
523,39,73
523,40,73
523,41,73
523,42,73
523,43,73
523,44,73
523,45,73
523,46,73
523,47,73
523,48,73
523,49,73
523,50,73
523,51,73
523,52,73
523,53,73
523,54,73
523,55,73
523,56,73
523,57,73
523,58,73
523,59,73
523,60,73
523,61,73
523,62,73
523,63,73
523,64,73
523,65,73
523,66,73
523,67,73
523,68,73
523,69,73
523,70,73
523,71,73
523,72,73
523,73,73
523,74,73
523,75,73
523,76,73
523,77,73
524,78,73
524,79,73
524,80,73
524,81,73
524,82,73
524,83,73
524,84,73
524,85,73
524,86,73
524,87,73
524,88,73
524,89,73
524,90,73
524,91,73
524,92,73
524,93,73
524,94,73
524,95,73
524,96,73
524,97,73
524,98,73
524,99,73
524,100,73
524,101,73
524,102,73
524,103,73
524,104,73
524,105,73
524,106,73
524,107,73
524,108,73
524,109,73
524,110,73
524,111,73
524,112,73
524,113,73
524,114,73
524,115,73
524,116,73
525,117,73
525,118,73
525,119,73
525,120,73
525,121,73
525,122,73
525,123,73
525,124,73
525,125,73
525,126,73
525,127,73
525,128,73
525,129,73
525,130,73
525,131,73
525,132,73
525,133,73
525,134,73
525,135,73
525,136,73
525,137,73
525,138,73
525,139,73
525,140,73
525,141,73
525,142,73
525,143,73
525,144,73
525,145,73
525,146,73
525,147,73
525,148,73
525,149,73
525,150,73
525,151,73
525,152,73
525,153,73
525,154,73
525,155,73
525,156,73
526,157,73
526,158,73
526,159,73
526,160,73
526,161,73
526,162,73
526,163,73
526,164,73
526,165,73
526,166,73
526,167,73
526,168,73
526,169,73
526,170,73
526,171,73
526,172,73
526,173,73
526,174,73
526,175,73
526,176,73
526,177,73
526,178,73
526,179,73
526,180,73
526,181,73
526,182,73
526,183,73
526,184,73
526,185,73
526,186,73
526,187,73
526,188,73
526,189,73
526,190,73
526,191,73
526,192,73
526,193,73
526,194,73
526,195,73
526,196,73
526,197,73
527,198,73
527,199,73
527,200,73
527,201,73
527,202,73
527,203,73
527,204,73
527,205,73
527,206,73
527,207,73
527,208,73
527,209,73
527,210,73
527,211,73
527,212,73
527,213,73
527,214,73
527,215,73
527,216,73
527,217,73
527,218,73
527,219,73
527,220,73
527,221,73
527,222,73
527,223,73
527,224,73
527,225,73
527,226,73
527,227,73
527,228,73
527,229,73
527,230,73
527,231,73
527,232,73
527,233,73
527,234,73
527,235,73
527,236,73
527,237,73
527,238,73
527,239,73
527,0,74
528,1,74
528,2,74
528,3,74
528,4,74
528,5,74
528,6,74
528,7,74
528,8,74
528,9,74
528,10,74
528,11,74
528,12,74
528,13,74
528,14,74
528,15,74
528,16,74
528,17,74
528,18,74
528,19,74
528,20,74
528,21,74
528,22,74
528,23,74
528,24,74
528,25,74
528,26,74
528,27,74
528,28,74
528,29,74
528,30,74
528,31,74
528,32,74
528,33,74
528,34,74
528,35,74
528,36,74
528,37,74
528,38,74
528,39,74
528,40,74
529,41,74
529,42,74
529,43,74
529,44,74
529,45,74
529,46,74
529,47,74
529,48,74
529,49,74
529,50,74
529,51,74
529,52,74
529,53,74
529,54,74
529,55,74
529,56,74
529,57,74
529,58,74
529,59,74
529,60,74
529,61,74
529,62,74
529,63,74
529,64,74
529,65,74
529,66,74
529,67,74
529,68,74
529,69,74
529,70,74
529,71,74
529,72,74
529,73,74
529,74,74
529,75,74
529,76,74
529,77,74
529,78,74
529,79,74
529,80,74
529,81,74
530,82,74
530,83,74
530,84,74
530,85,74
530,86,74
530,87,74
530,88,74
530,89,74
530,90,74
530,91,74
530,92,74
530,93,74
530,94,74
530,95,74
530,96,74
530,97,74
530,98,74
530,99,74
530,100,74
530,101,74
530,102,74
530,103,74
530,104,74
530,105,74
530,106,74
530,107,74
530,108,74
530,109,74
530,110,74
530,111,74
530,112,74
530,113,74
530,114,74
530,115,74
530,116,74
530,117,74
530,118,74
530,119,74
530,120,74
530,121,74
530,122,74
530,123,74
531,124,74
531,125,74
531,126,74
531,127,74
531,128,74
531,129,74
531,130,74
531,131,74
531,132,74
531,133,74
531,134,74
531,135,74
531,136,74
531,137,74
531,138,74
531,139,74
531,140,74
531,141,74
531,142,74
531,143,74
531,144,74
531,145,74
531,146,74
531,147,74
531,148,74
531,149,74
531,150,74
531,151,74
531,152,74
531,153,74
531,154,74
531,155,74
531,156,74
531,157,74
531,158,74
531,159,74
531,160,74
531,161,74
531,162,74
531,163,74
531,164,74
531,165,74
532,166,74
532,167,74
532,168,74
532,169,74
532,170,74
532,171,74
532,172,74
532,173,74
532,174,74
532,175,74
532,176,74
532,177,74
532,178,74
532,179,74
532,180,74
532,181,74
532,182,74
532,183,74
532,184,74
532,185,74
532,186,74
532,187,74
532,188,74
532,189,74
532,190,74
532,191,74
532,192,74
532,193,74
532,194,74
532,195,74
532,196,74
532,197,74
532,198,74
532,199,74
532,200,74
532,201,74
532,202,74
532,203,74
532,204,74
532,205,74
532,206,74
532,207,74
533,208,74
533,209,74
533,210,74
533,211,74
533,212,74
533,213,74
533,214,74
533,215,74
533,216,74
533,217,74
533,218,74
533,219,74
533,220,74
533,221,74
533,222,74
533,223,74
533,224,74
533,225,74
533,226,74
533,227,74
533,228,74
533,229,74
533,230,74
533,231,74
533,232,74
533,233,74
533,234,74
533,235,74
533,236,74
533,237,74
533,238,74
533,239,74
533,0,75
533,1,75
533,2,75
533,3,75
533,4,75
533,5,75
533,6,75
533,7,75
533,8,75
534,9,75
534,10,75
534,11,75
534,12,75
534,13,75
534,14,75
534,15,75
534,16,75
534,17,75
534,18,75
534,19,75
534,20,75
534,21,75
534,22,75
534,23,75
534,24,75
534,25,75
534,26,75
534,27,75
534,28,75
534,29,75
534,30,75
534,31,75
534,32,75
534,33,75
534,34,75
534,35,75
534,36,75
534,37,75
534,38,75
534,39,75
534,40,75
534,41,75
534,42,75
534,43,75
534,44,75
534,45,75
534,46,75
534,47,75
534,48,75
534,49,75
534,50,75
535,51,75
535,52,75
535,53,75
535,54,75
535,55,75
535,56,75
535,57,75
535,58,75
535,59,75
535,60,75
535,61,75
535,62,75
535,63,75
535,64,75
535,65,75
535,66,75
535,67,75
535,68,75
535,69,75
535,70,75
535,71,75
535,72,75
535,73,75
535,74,75
535,75,75
535,76,75
535,77,75
535,78,75
535,79,75
535,80,75
535,81,75
535,82,75
535,83,75
535,84,75
535,85,75
535,86,75
535,87,75
535,88,75
535,89,75
535,90,75
535,91,75
535,92,75
535,93,75
536,94,75
536,95,75
536,96,75
536,97,75
536,98,75
536,99,75
536,100,75
536,101,75
536,102,75
536,103,75
536,104,75
536,105,75
536,106,75
536,107,75
536,108,75
536,109,75
536,110,75
536,111,75
536,112,75
536,113,75
536,114,75
536,115,75
536,116,75
536,117,75
536,118,75
536,119,75
536,120,75
536,121,75
536,122,75
536,123,75
536,124,75
536,125,75
536,126,75
536,127,75
536,128,75
536,129,75
536,130,75
536,131,75
536,132,75
536,133,75
536,134,75
536,135,75
536,136,75
537,137,75
537,138,75
537,139,75
537,140,75
537,141,75
537,142,75
537,143,75
537,144,75
537,145,75
537,146,75
537,147,75
537,148,75
537,149,75
537,150,75
537,151,75
537,152,75
537,153,75
537,154,75
537,155,75
537,156,75
537,157,75
537,158,75
537,159,75
537,160,75
537,161,75
537,162,75
537,163,75
537,164,75
537,165,75
537,166,75
537,167,75
537,168,75
537,169,75
537,170,75
537,171,75
537,172,75
537,173,75
537,174,75
537,175,75
537,176,75
537,177,75
537,178,75
538,179,75
538,180,75
538,181,75
538,182,75
538,183,75
538,184,75
538,185,75
538,186,75
538,187,75
538,188,75
538,189,75
538,190,75
538,191,75
538,192,75
538,193,75
538,194,75
538,195,75
538,196,75
538,197,75
538,198,75
538,199,75
538,200,75
538,201,75
538,202,75
538,203,75
538,204,75
538,205,75
538,206,75
538,207,75
538,208,75
538,209,75
538,210,75
538,211,75
538,212,75
538,213,75
538,214,75
538,215,75
538,216,75
538,217,75
539,218,75
539,219,75
539,220,75
539,221,75
539,222,75
539,223,75
539,224,75
539,225,75
539,226,75
539,227,75
539,228,75
539,229,75
539,230,75
539,231,75
539,232,75
539,233,75
539,234,75
539,235,75
539,236,75
539,237,75
539,238,75
539,239,75
539,0,76
539,1,76
539,2,76
539,3,76
539,4,76
539,5,76
539,6,76
539,7,76
539,8,76
539,9,76
539,10,76
539,11,76
539,12,76
539,13,76
540,14,76
540,15,76
540,16,76
540,17,76
540,18,76
540,19,76
540,20,76
540,21,76
540,22,76
540,23,76
540,24,76
540,25,76
540,26,76
540,27,76
540,28,76
540,29,76
540,30,76
540,31,76
540,32,76
540,33,76
540,34,76
540,35,76
540,36,76
540,37,76
540,38,76
540,39,76
540,40,76
540,41,76
540,42,76
540,43,76
540,44,76
540,45,76
540,46,76
540,47,76
540,48,76
540,49,76
540,50,76
541,51,76
541,52,76
541,53,76
541,54,76
541,55,76
541,56,76
541,57,76
541,58,76
541,59,76
541,60,76
541,61,76
541,62,76
541,63,76
541,64,76
541,65,76
541,66,76
541,67,76
541,68,76
541,69,76
541,70,76
541,71,76
541,72,76
541,73,76
541,74,76
541,75,76
541,76,76
541,77,76
541,78,76
541,79,76
541,80,76
541,81,76
541,82,76
541,83,76
541,84,76
541,85,76
541,86,76
541,87,76
541,88,76
541,89,76
541,90,76
541,91,76
541,92,76
541,93,76
542,94,76
542,95,76
542,96,76
542,97,76
542,98,76
542,99,76
542,100,76
542,101,76
542,102,76
542,103,76
542,104,76
542,105,76
542,106,76
542,107,76
542,108,76
542,109,76
542,110,76
542,111,76
542,112,76
542,113,76
542,114,76
542,115,76
542,116,76
542,117,76
542,118,76
542,119,76
542,120,76
542,121,76
542,122,76
542,123,76
542,124,76
542,125,76
542,126,76
542,127,76
542,128,76
542,129,76
542,130,76
542,131,76
542,132,76
542,133,76
542,134,76
542,135,76
542,136,76
543,137,76
543,138,76
543,139,76
543,140,76
543,141,76
543,142,76
543,143,76
543,144,76
543,145,76
543,146,76
543,147,76
543,148,76
543,149,76
543,150,76
543,151,76
543,152,76
543,153,76
543,154,76
543,155,76
543,156,76
543,157,76
543,158,76
543,159,76
543,160,76
543,161,76
543,162,76
543,163,76
543,164,76
543,165,76
543,166,76
543,167,76
543,168,76
543,169,76
543,170,76
543,171,76
543,172,76
543,173,76
543,174,76
543,175,76
543,176,76
543,177,76
543,178,76
544,179,76
544,180,76
544,181,76
544,182,76
544,183,76
544,184,76
544,185,76
544,186,76
544,187,76
544,188,76
544,189,76
544,190,76
544,191,76
544,192,76
544,193,76
544,194,76
544,195,76
544,196,76
544,197,76
544,198,76
544,199,76
544,200,76
544,201,76
544,202,76
544,203,76
544,204,76
544,205,76
544,206,76
544,207,76
544,208,76
544,209,76
544,210,76
544,211,76
544,212,76
544,213,76
544,214,76
544,215,76
544,216,76
544,217,76
544,218,76
544,219,76
544,220,76
544,221,76
545,222,76
545,223,76
545,224,76
545,225,76
545,226,76
545,227,76
545,228,76
545,229,76
545,230,76
545,231,76
545,232,76
545,233,76
545,234,76
545,235,76
545,236,76
545,237,76
545,238,76
545,239,76
545,0,77
545,1,77
545,2,77
545,3,77
545,4,77
545,5,77
545,6,77
545,7,77
545,8,77
545,9,77
545,10,77
545,11,77
545,12,77
545,13,77
545,14,77
545,15,77
545,16,77
545,17,77
545,18,77
545,19,77
545,20,77
545,21,77
545,22,77
545,23,77
546,24,77
546,25,77
546,26,77
546,27,77
546,28,77
546,29,77
546,30,77
546,31,77
546,32,77
546,33,77
546,34,77
546,35,77
546,36,77
546,37,77
546,38,77
546,39,77
546,40,77
546,41,77
546,42,77
546,43,77
546,44,77
546,45,77
546,46,77
546,47,77
546,48,77
546,49,77
546,50,77
546,51,77
546,52,77
546,53,77
546,54,77
546,55,77
546,56,77
546,57,77
546,58,77
546,59,77
546,60,77
546,61,77
546,62,77
546,63,77
546,64,77
546,65,77
547,66,77
547,67,77
547,68,77
547,69,77
547,70,77
547,71,77
547,72,77
547,73,77
547,74,77
547,75,77
547,76,77
547,77,77
547,78,77
547,79,77
547,80,77
547,81,77
547,82,77
547,83,77
547,84,77
547,85,77
547,86,77
547,87,77
547,88,77
547,89,77
547,90,77
547,91,77
547,92,77
547,93,77
547,94,77
547,95,77
547,96,77
547,97,77
547,98,77
547,99,77
547,100,77
547,101,77
547,102,77
547,103,77
547,104,77
547,105,77
547,106,77
547,107,77
548,108,77
548,109,77
548,110,77
548,111,77
548,112,77
548,113,77
548,114,77
548,115,77
548,116,77
548,117,77
548,118,77
548,119,77
548,120,77
548,121,77
548,122,77
548,123,77
548,124,77
548,125,77
548,126,77
548,127,77
548,128,77
548,129,77
548,130,77
548,131,77
548,132,77
548,133,77
548,134,77
548,135,77
548,136,77
548,137,77
548,138,77
548,139,77
548,140,77
548,141,77
548,142,77
548,143,77
548,144,77
548,145,77
548,146,77
548,147,77
548,148,77
549,149,77
549,150,77
549,151,77
549,152,77
549,153,77
549,154,77
549,155,77
549,156,77
549,157,77
549,158,77
549,159,77
549,160,77
549,161,77
549,162,77
549,163,77
549,164,77
549,165,77
549,166,77
549,167,77
549,168,77
549,169,77
549,170,77
549,171,77
549,172,77
549,173,77
549,174,77
549,175,77
549,176,77
549,177,77
549,178,77
549,179,77
549,180,77
549,181,77
549,182,77
549,183,77
549,184,77
549,185,77
549,186,77
549,187,77
549,188,77
550,189,77
550,190,77
550,191,77
550,192,77
550,193,77
550,194,77
550,195,77
550,196,77
550,197,77
550,198,77
550,199,77
550,200,77
550,201,77
550,202,77
550,203,77
550,204,77
550,205,77
550,206,77
550,207,77
550,208,77
550,209,77
550,210,77
550,211,77
550,212,77
550,213,77
550,214,77
550,215,77
550,216,77
550,217,77
550,218,77
550,219,77
550,220,77
550,221,77
550,222,77
550,223,77
550,224,77
550,225,77
550,226,77
550,227,77
550,228,77
550,229,77
550,230,77
550,231,77
551,232,77
551,233,77
551,234,77
551,235,77
551,236,77
551,237,77
551,238,77
551,239,77
551,0,78
551,1,78
551,2,78
551,3,78
551,4,78
551,5,78
551,6,78
551,7,78
551,8,78
551,9,78
551,10,78
551,11,78
551,12,78
551,13,78
551,14,78
551,15,78
551,16,78
551,17,78
551,18,78
551,19,78
551,20,78
551,21,78
551,22,78
551,23,78
551,24,78
551,25,78
551,26,78
551,27,78
551,28,78
551,29,78
551,30,78
551,31,78
551,32,78
551,33,78
552,34,78
552,35,78
552,36,78
552,37,78
552,38,78
552,39,78
552,40,78
552,41,78
552,42,78
552,43,78
552,44,78
552,45,78
552,46,78
552,47,78
552,48,78
552,49,78
552,50,78
552,51,78
552,52,78
552,53,78
552,54,78
552,55,78
552,56,78
552,57,78
552,58,78
552,59,78
552,60,78
552,61,78
552,62,78
552,63,78
552,64,78
552,65,78
552,66,78
552,67,78
552,68,78
552,69,78
552,70,78
552,71,78
552,72,78
552,73,78
552,74,78
552,75,78
552,76,78
553,77,78
553,78,78
553,79,78
553,80,78
553,81,78
553,82,78
553,83,78
553,84,78
553,85,78
553,86,78
553,87,78
553,88,78
553,89,78
553,90,78
553,91,78
553,92,78
553,93,78
553,94,78
553,95,78
553,96,78
553,97,78
553,98,78
553,99,78
553,100,78
553,101,78
553,102,78
553,103,78
553,104,78
553,105,78
553,106,78
553,107,78
553,108,78
553,109,78
553,110,78
553,111,78
553,112,78
553,113,78
553,114,78
553,115,78
553,116,78
553,117,78
553,118,78
554,119,78
554,120,78
554,121,78
554,122,78
554,123,78
554,124,78
554,125,78
554,126,78
554,127,78
554,128,78
554,129,78
554,130,78
554,131,78
554,132,78
554,133,78
554,134,78
554,135,78
554,136,78
554,137,78
554,138,78
554,139,78
554,140,78
554,141,78
554,142,78
554,143,78
554,144,78
554,145,78
554,146,78
554,147,78
554,148,78
554,149,78
554,150,78
554,151,78
554,152,78
554,153,78
554,154,78
554,155,78
554,156,78
554,157,78
555,158,78
555,159,78
555,160,78
555,161,78
555,162,78
555,163,78
555,164,78
555,165,78
555,166,78
555,167,78
555,168,78
555,169,78
555,170,78
555,171,78
555,172,78
555,173,78
555,174,78
555,175,78
555,176,78
555,177,78
555,178,78
555,179,78
555,180,78
555,181,78
555,182,78
555,183,78
555,184,78
555,185,78
556,186,78
556,187,78
556,188,78
556,189,78
556,190,78
556,191,78
556,192,78
556,193,78
556,194,78
556,195,78
556,196,78
556,197,78
556,198,78
556,199,78
556,200,78
556,201,78
556,202,78
556,203,78
556,204,78
556,205,78
556,206,78
556,207,78
556,208,78
556,209,78
556,210,78
556,211,78
556,212,78
556,213,78
556,214,78
556,215,78
556,216,78
556,217,78
556,218,78
556,219,78
556,220,78
556,221,78
556,222,78
556,223,78
556,224,78
556,225,78
557,226,78
557,227,78
557,228,78
557,229,78
557,230,78
557,231,78
557,232,78
557,233,78
557,234,78
557,235,78
557,236,78
557,237,78
557,238,78
557,239,78
557,0,79
557,1,79
557,2,79
557,3,79
557,4,79
557,5,79
557,6,79
557,7,79
557,8,79
557,9,79
557,10,79
557,11,79
557,12,79
557,13,79
557,14,79
557,15,79
557,16,79
557,17,79
557,18,79
557,19,79
557,20,79
557,21,79
557,22,79
557,23,79
557,24,79
558,25,79
558,26,79
558,27,79
558,28,79
558,29,79
558,30,79
558,31,79
558,32,79
558,33,79
558,34,79
558,35,79
558,36,79
558,37,79
558,38,79
558,39,79
558,40,79
558,41,79
558,42,79
558,43,79
558,44,79
558,45,79
558,46,79
558,47,79
558,48,79
558,49,79
558,50,79
558,51,79
558,52,79
558,53,79
558,54,79
558,55,79
558,56,79
558,57,79
558,58,79
558,59,79
558,60,79
558,61,79
558,62,79
558,63,79
558,64,79
558,65,79
559,66,79
559,67,79
559,68,79
559,69,79
559,70,79
559,71,79
559,72,79
559,73,79
559,74,79
559,75,79
559,76,79
559,77,79
559,78,79
559,79,79
559,80,79
559,81,79
559,82,79
559,83,79
559,84,79
559,85,79
559,86,79
559,87,79
559,88,79
559,89,79
559,90,79
559,91,79
559,92,79
559,93,79
559,94,79
559,95,79
559,96,79
559,97,79
559,98,79
559,99,79
559,100,79
559,101,79
559,102,79
559,103,79
560,104,79
560,105,79
560,106,79
560,107,79
560,108,79
560,109,79
560,110,79
560,111,79
560,112,79
560,113,79
560,114,79
560,115,79
560,116,79
560,117,79
560,118,79
560,119,79
560,120,79
560,121,79
560,122,79
560,123,79
560,124,79
560,125,79
560,126,79
560,127,79
560,128,79
560,129,79
560,130,79
560,131,79
560,132,79
560,133,79
560,134,79
560,135,79
560,136,79
560,137,79
560,138,79
560,139,79
560,140,79
560,141,79
560,142,79
560,143,79
560,144,79
561,145,79
561,146,79
561,147,79
561,148,79
561,149,79
561,150,79
561,151,79
561,152,79
561,153,79
561,154,79
561,155,79
561,156,79
561,157,79
561,158,79
561,159,79
561,160,79
561,161,79
561,162,79
561,163,79
561,164,79
561,165,79
561,166,79
561,167,79
561,168,79
561,169,79
561,170,79
561,171,79
561,172,79
561,173,79
561,174,79
561,175,79
561,176,79
561,177,79
561,178,79
561,179,79
561,180,79
561,181,79
561,182,79
561,183,79
562,184,79
562,185,79
562,186,79
562,187,79
562,188,79
562,189,79
562,190,79
562,191,79
562,192,79
562,193,79
562,194,79
562,195,79
562,196,79
562,197,79
562,198,79
562,199,79
562,200,79
562,201,79
562,202,79
562,203,79
562,204,79
562,205,79
562,206,79
562,207,79
562,208,79
562,209,79
562,210,79
562,211,79
562,212,79
562,213,79
562,214,79
562,215,79
562,216,79
562,217,79
562,218,79
562,219,79
562,220,79
562,221,79
563,222,79
563,223,79
563,224,79
563,225,79
563,226,79
563,227,79
563,228,79
563,229,79
563,230,79
563,231,79
563,232,79
563,233,79
563,234,79
563,235,79
563,236,79
563,237,79
563,238,79
563,239,79
