TimeMs,X,Y
78,0,160
78,1,160
78,2,160
78,3,160
78,4,160
78,5,160
78,6,160
78,7,160
78,8,160
78,9,160
78,10,160
78,11,160
78,12,160
78,13,160
78,14,160
79,15,160
79,16,160
79,17,160
79,18,160
79,19,160
79,20,160
79,21,160
79,22,160
79,23,160
79,24,160
79,25,160
79,26,160
79,27,160
79,28,160
79,29,160
79,30,160
79,31,160
79,32,160
79,33,160
79,34,160
79,35,160
79,36,160
79,37,160
79,38,160
79,39,160
79,40,160
79,41,160
79,42,160
79,43,160
80,44,160
80,45,160
80,46,160
80,47,160
80,48,160
80,49,160
80,50,160
80,51,160
80,52,160
80,53,160
80,54,160
80,55,160
80,56,160
80,57,160
80,58,160
80,59,160
80,60,160
80,61,160
80,62,160
80,63,160
80,64,160
80,65,160
80,66,160
80,67,160
80,68,160
80,69,160
80,70,160
80,71,160
80,72,160
80,73,160
80,74,160
80,75,160
81,76,160
81,77,160
81,78,160
81,79,160
81,80,160
81,81,160
81,82,160
81,83,160
81,84,160
81,85,160
81,86,160
81,87,160
81,88,160
81,89,160
81,90,160
81,91,160
81,92,160
81,93,160
81,94,160
81,95,160
81,96,160
81,97,160
81,98,160
81,99,160
81,100,160
81,101,160
81,102,160
81,103,160
81,104,160
81,105,160
81,106,160
81,107,160
81,108,160
81,109,160
81,110,160
81,111,160
81,112,160
81,113,160
81,114,160
82,115,160
82,116,160
82,117,160
82,118,160
82,119,160
82,120,160
82,121,160
82,122,160
82,123,160
82,124,160
82,125,160
82,126,160
82,127,160
82,128,160
82,129,160
82,130,160
82,131,160
82,132,160
82,133,160
82,134,160
82,135,160
82,136,160
82,137,160
82,138,160
82,139,160
82,140,160
82,141,160
82,142,160
82,143,160
82,144,160
82,145,160
82,146,160
82,147,160
82,148,160
82,149,160
83,150,160
83,151,160
83,152,160
83,153,160
83,154,160
83,155,160
83,156,160
83,157,160
83,158,160
83,159,160
83,160,160
83,161,160
83,162,160
83,163,160
83,164,160
83,165,160
83,166,160
83,167,160
83,168,160
83,169,160
83,170,160
83,171,160
83,172,160
83,173,160
83,174,160
83,175,160
83,176,160
83,177,160
83,178,160
83,179,160
83,180,160
83,181,160
83,182,160
83,183,160
83,184,160
83,185,160
83,186,160
83,187,160
83,188,160
84,189,160
84,190,160
84,191,160
84,192,160
84,193,160
84,194,160
84,195,160
84,196,160
84,197,160
84,198,160
84,199,160
84,200,160
84,201,160
84,202,160
84,203,160
84,204,160
84,205,160
84,206,160
84,207,160
84,208,160
84,209,160
84,210,160
84,211,160
84,212,160
84,213,160
84,214,160
84,215,160
84,216,160
84,217,160
84,218,160
84,219,160
85,220,160
85,221,160
85,222,160
85,223,160
85,224,160
85,225,160
85,226,160
85,227,160
85,228,160
85,229,160
85,230,160
85,231,160
85,232,160
85,233,160
85,234,160
85,235,160
85,236,160
85,237,160
85,238,160
85,239,160
85,0,161
85,1,161
85,2,161
85,3,161
85,4,161
85,5,161
85,6,161
85,7,161
85,8,161
85,9,161
85,10,161
85,11,161
85,12,161
85,13,161
85,14,161
85,15,161
85,16,161
85,17,161
85,18,161
85,19,161
86,20,161
86,21,161
86,22,161
86,23,161
86,24,161
86,25,161
86,26,161
86,27,161
86,28,161
86,29,161
86,30,161
86,31,161
86,32,161
86,33,161
86,34,161
86,35,161
86,36,161
86,37,161
86,38,161
86,39,161
86,40,161
86,41,161
86,42,161
86,43,161
86,44,161
86,45,161
86,46,161
86,47,161
86,48,161
86,49,161
86,50,161
86,51,161
86,52,161
86,53,161
86,54,161
86,55,161
86,56,161
86,57,161
86,58,161
86,59,161
87,60,161
87,61,161
87,62,161
87,63,161
87,64,161
87,65,161
87,66,161
87,67,161
87,68,161
87,69,161
87,70,161
87,71,161
87,72,161
87,73,161
87,74,161
87,75,161
87,76,161
87,77,161
87,78,161
87,79,161
87,80,161
87,81,161
87,82,161
87,83,161
87,84,161
87,85,161
87,86,161
87,87,161
87,88,161
87,89,161
87,90,161
87,91,161
87,92,161
87,93,161
87,94,161
87,95,161
87,96,161
87,97,161
87,98,161
87,99,161
88,100,161
88,101,161
88,102,161
88,103,161
88,104,161
88,105,161
88,106,161
88,107,161
88,108,161
88,109,161
88,110,161
88,111,161
88,112,161
88,113,161
88,114,161
88,115,161
88,116,161
88,117,161
88,118,161
88,119,161
88,120,161
88,121,161
88,122,161
88,123,161
88,124,161
88,125,161
88,126,161
88,127,161
88,128,161
88,129,161
88,130,161
88,131,161
88,132,161
88,133,161
88,134,161
88,135,161
88,136,161
88,137,161
88,138,161
89,139,161
89,140,161
89,141,161
89,142,161
89,143,161
89,144,161
89,145,161
89,146,161
89,147,161
89,148,161
89,149,161
89,150,161
89,151,161
89,152,161
89,153,161
89,154,161
89,155,161
89,156,161
89,157,161
89,158,161
89,159,161
89,160,161
90,161,161
90,162,161
90,163,161
90,164,161
90,165,161
90,166,161
90,167,161
90,168,161
90,169,161
90,170,161
90,171,161
90,172,161
90,173,161
90,174,161
90,175,161
90,176,161
90,177,161
90,178,161
90,179,161
90,180,161
90,181,161
90,182,161
90,183,161
90,184,161
90,185,161
90,186,161
90,187,161
90,188,161
90,189,161
90,190,161
90,191,161
90,192,161
90,193,161
90,194,161
90,195,161
90,196,161
90,197,161
90,198,161
90,199,161
91,200,161
91,201,161
91,202,161
91,203,161
91,204,161
91,205,161
91,206,161
91,207,161
91,208,161
91,209,161
91,210,161
91,211,161
91,212,161
91,213,161
91,214,161
91,215,161
91,216,161
91,217,161
91,218,161
91,219,161
91,220,161
91,221,161
91,222,161
91,223,161
91,224,161
91,225,161
91,226,161
91,227,161
91,228,161
91,229,161
91,230,161
91,231,161
91,232,161
91,233,161
91,234,161
92,235,161
92,236,161
92,237,161
92,238,161
92,239,161
92,0,162
92,1,162
92,2,162
92,3,162
92,4,162
92,5,162
92,6,162
92,7,162
92,8,162
92,9,162
92,10,162
92,11,162
92,12,162
92,13,162
92,14,162
92,15,162
92,16,162
92,17,162
92,18,162
92,19,162
92,20,162
92,21,162
92,22,162
92,23,162
92,24,162
92,25,162
92,26,162
92,27,162
92,28,162
92,29,162
92,30,162
92,31,162
92,32,162
92,33,162
92,34,162
92,35,162
92,36,162
92,37,162
93,38,162
93,39,162
93,40,162
93,41,162
93,42,162
93,43,162
93,44,162
93,45,162
93,46,162
93,47,162
93,48,162
93,49,162
93,50,162
93,51,162
93,52,162
93,53,162
93,54,162
93,55,162
93,56,162
93,57,162
93,58,162
93,59,162
93,60,162
93,61,162
93,62,162
93,63,162
93,64,162
93,65,162
93,66,162
93,67,162
93,68,162
94,69,162
94,70,162
94,71,162
94,72,162
94,73,162
94,74,162
94,75,162
94,76,162
94,77,162
94,78,162
94,79,162
94,80,162
94,81,162
94,82,162
94,83,162
94,84,162
94,85,162
94,86,162
94,87,162
94,88,162
94,89,162
94,90,162
94,91,162
94,92,162
94,93,162
94,94,162
94,95,162
94,96,162
94,97,162
94,98,162
94,99,162
94,100,162
94,101,162
94,102,162
95,103,162
95,104,162
95,105,162
95,106,162
95,107,162
95,108,162
95,109,162
95,110,162
95,111,162
95,112,162
95,113,162
95,114,162
95,115,162
95,116,162
95,117,162
95,118,162
95,119,162
95,120,162
95,121,162
95,122,162
95,123,162
95,124,162
95,125,162
95,126,162
95,127,162
95,128,162
95,129,162
95,130,162
95,131,162
95,132,162
95,133,162
95,134,162
95,135,162
95,136,162
95,137,162
95,138,162
95,139,162
95,140,162
95,141,162
95,142,162
96,143,162
96,144,162
96,145,162
96,146,162
96,147,162
96,148,162
96,149,162
96,150,162
96,151,162
96,152,162
96,153,162
96,154,162
96,155,162
96,156,162
96,157,162
96,158,162
96,159,162
96,160,162
96,161,162
96,162,162
96,163,162
96,164,162
96,165,162
96,166,162
96,167,162
96,168,162
96,169,162
96,170,162
96,171,162
96,172,162
96,173,162
96,174,162
96,175,162
96,176,162
96,177,162
96,178,162
96,179,162
96,180,162
96,181,162
96,182,162
96,183,162
96,184,162
96,185,162
97,186,162
97,187,162
97,188,162
97,189,162
97,190,162
97,191,162
97,192,162
97,193,162
97,194,162
97,195,162
97,196,162
97,197,162
97,198,162
97,199,162
97,200,162
97,201,162
97,202,162
97,203,162
97,204,162
97,205,162
97,206,162
97,207,162
97,208,162
97,209,162
97,210,162
97,211,162
97,212,162
97,213,162
97,214,162
97,215,162
97,216,162
97,217,162
97,218,162
97,219,162
97,220,162
97,221,162
97,222,162
97,223,162
97,224,162
97,225,162
97,226,162
97,227,162
97,228,162
98,229,162
98,230,162
98,231,162
98,232,162
98,233,162
98,234,162
98,235,162
98,236,162
98,237,162
98,238,162
98,239,162
98,0,163
98,1,163
98,2,163
98,3,163
98,4,163
98,5,163
98,6,163
98,7,163
98,8,163
98,9,163
98,10,163
98,11,163
98,12,163
98,13,163
98,14,163
98,15,163
98,16,163
98,17,163
98,18,163
98,19,163
98,20,163
98,21,163
98,22,163
98,23,163
98,24,163
98,25,163
98,26,163
98,27,163
98,28,163
98,29,163
98,30,163
99,31,163
99,32,163
99,33,163
99,34,163
99,35,163
99,36,163
99,37,163
99,38,163
99,39,163
99,40,163
99,41,163
99,42,163
99,43,163
99,44,163
99,45,163
99,46,163
99,47,163
99,48,163
99,49,163
99,50,163
99,51,163
99,52,163
99,53,163
99,54,163
99,55,163
99,56,163
99,57,163
99,58,163
99,59,163
99,60,163
100,61,163
100,62,163
100,63,163
100,64,163
100,65,163
100,66,163
100,67,163
100,68,163
100,69,163
100,70,163
100,71,163
100,72,163
100,73,163
100,74,163
100,75,163
100,76,163
100,77,163
100,78,163
100,79,163
100,80,163
100,81,163
100,82,163
100,83,163
100,84,163
100,85,163
100,86,163
100,87,163
100,88,163
100,89,163
100,90,163
100,91,163
100,92,163
100,93,163
100,94,163
100,95,163
100,96,163
100,97,163
100,98,163
101,99,163
101,100,163
101,101,163
101,102,163
101,103,163
101,104,163
101,105,163
101,106,163
101,107,163
101,108,163
101,109,163
101,110,163
101,111,163
101,112,163
101,113,163
101,114,163
101,115,163
101,116,163
101,117,163
101,118,163
101,119,163
101,120,163
101,121,163
101,122,163
101,123,163
101,124,163
101,125,163
101,126,163
101,127,163
101,128,163
101,129,163
101,130,163
101,131,163
101,132,163
102,133,163
102,134,163
102,135,163
102,136,163
102,137,163
102,138,163
102,139,163
102,140,163
102,141,163
102,142,163
102,143,163
102,144,163
102,145,163
102,146,163
102,147,163
102,148,163
102,149,163
102,150,163
102,151,163
102,152,163
102,153,163
102,154,163
102,155,163
102,156,163
102,157,163
102,158,163
102,159,163
102,160,163
102,161,163
102,162,163
102,163,163
102,164,163
102,165,163
102,166,163
102,167,163
102,168,163
102,169,163
102,170,163
102,171,163
102,172,163
102,173,163
102,174,163
103,175,163
103,176,163
103,177,163
103,178,163
103,179,163
103,180,163
103,181,163
103,182,163
103,183,163
103,184,163
103,185,163
103,186,163
103,187,163
103,188,163
103,189,163
103,190,163
103,191,163
103,192,163
103,193,163
103,194,163
103,195,163
103,196,163
103,197,163
103,198,163
103,199,163
103,200,163
103,201,163
103,202,163
103,203,163
103,204,163
103,205,163
103,206,163
103,207,163
103,208,163
103,209,163
103,210,163
103,211,163
104,212,163
104,213,163
104,214,163
104,215,163
104,216,163
104,217,163
104,218,163
104,219,163
104,220,163
104,221,163
104,222,163
104,223,163
104,224,163
104,225,163
104,226,163
104,227,163
104,228,163
104,229,163
104,230,163
104,231,163
104,232,163
104,233,163
104,234,163
104,235,163
104,236,163
104,237,163
104,238,163
104,239,163
104,0,164
104,1,164
104,2,164
104,3,164
104,4,164
104,5,164
104,6,164
104,7,164
104,8,164
104,9,164
104,10,164
104,11,164
104,12,164
104,13,164
104,14,164
105,15,164
105,16,164
105,17,164
105,18,164
105,19,164
105,20,164
105,21,164
105,22,164
105,23,164
105,24,164
105,25,164
105,26,164
105,27,164
105,28,164
105,29,164
105,30,164
105,31,164
105,32,164
105,33,164
105,34,164
105,35,164
105,36,164
105,37,164
105,38,164
105,39,164
105,40,164
105,41,164
105,42,164
105,43,164
105,44,164
105,45,164
105,46,164
105,47,164
105,48,164
105,49,164
105,50,164
105,51,164
105,52,164
105,53,164
105,54,164
105,55,164
105,56,164
106,57,164
106,58,164
106,59,164
106,60,164
106,61,164
106,62,164
106,63,164
106,64,164
106,65,164
106,66,164
106,67,164
106,68,164
106,69,164
106,70,164
106,71,164
106,72,164
106,73,164
106,74,164
106,75,164
106,76,164
106,77,164
106,78,164
106,79,164
106,80,164
106,81,164
106,82,164
106,83,164
106,84,164
106,85,164
106,86,164
106,87,164
106,88,164
106,89,164
106,90,164
106,91,164
106,92,164
106,93,164
106,94,164
106,95,164
106,96,164
106,97,164
106,98,164
106,99,164
107,100,164
107,101,164
107,102,164
107,103,164
107,104,164
107,105,164
107,106,164
107,107,164
107,108,164
107,109,164
107,110,164
107,111,164
107,112,164
107,113,164
107,114,164
107,115,164
107,116,164
107,117,164
107,118,164
107,119,164
107,120,164
107,121,164
107,122,164
107,123,164
107,124,164
107,125,164
107,126,164
107,127,164
107,128,164
107,129,164
107,130,164
107,131,164
107,132,164
107,133,164
107,134,164
107,135,164
107,136,164
107,137,164
107,138,164
107,139,164
107,140,164
107,141,164
107,142,164
108,143,164
108,144,164
108,145,164
108,146,164
108,147,164
108,148,164
108,149,164
108,150,164
108,151,164
108,152,164
108,153,164
108,154,164
108,155,164
108,156,164
108,157,164
108,158,164
108,159,164
108,160,164
108,161,164
108,162,164
108,163,164
108,164,164
108,165,164
108,166,164
108,167,164
108,168,164
108,169,164
108,170,164
108,171,164
108,172,164
108,173,164
108,174,164
108,175,164
108,176,164
108,177,164
108,178,164
108,179,164
108,180,164
108,181,164
108,182,164
108,183,164
109,184,164
109,185,164
109,186,164
109,187,164
109,188,164
109,189,164
109,190,164
109,191,164
109,192,164
109,193,164
109,194,164
109,195,164
109,196,164
109,197,164
109,198,164
109,199,164
109,200,164
109,201,164
109,202,164
109,203,164
109,204,164
109,205,164
109,206,164
109,207,164
109,208,164
109,209,164
109,210,164
109,211,164
109,212,164
109,213,164
109,214,164
109,215,164
109,216,164
109,217,164
109,218,164
109,219,164
109,220,164
109,221,164
109,222,164
110,223,164
110,224,164
110,225,164
110,226,164
110,227,164
110,228,164
110,229,164
110,230,164
110,231,164
110,232,164
110,233,164
110,234,164
110,235,164
110,236,164
110,237,164
110,238,164
110,239,164
110,0,165
110,1,165
110,2,165
110,3,165
110,4,165
110,5,165
110,6,165
110,7,165
110,8,165
110,9,165
110,10,165
110,11,165
110,12,165
110,13,165
110,14,165
110,15,165
110,16,165
111,17,165
111,18,165
111,19,165
111,20,165
111,21,165
111,22,165
111,23,165
111,24,165
111,25,165
111,26,165
111,27,165
111,28,165
111,29,165
111,30,165
111,31,165
111,32,165
111,33,165
111,34,165
111,35,165
111,36,165
111,37,165
111,38,165
111,39,165
111,40,165
111,41,165
111,42,165
111,43,165
111,44,165
111,45,165
111,46,165
111,47,165
111,48,165
111,49,165
111,50,165
111,51,165
111,52,165
111,53,165
111,54,165
111,55,165
111,56,165
111,57,165
111,58,165
111,59,165
112,60,165
112,61,165
112,62,165
112,63,165
112,64,165
112,65,165
112,66,165
112,67,165
112,68,165
112,69,165
112,70,165
112,71,165
112,72,165
112,73,165
112,74,165
112,75,165
112,76,165
112,77,165
112,78,165
112,79,165
112,80,165
112,81,165
112,82,165
112,83,165
112,84,165
112,85,165
112,86,165
112,87,165
112,88,165
112,89,165
112,90,165
112,91,165
112,92,165
112,93,165
112,94,165
112,95,165
112,96,165
112,97,165
112,98,165
112,99,165
112,100,165
112,101,165
112,102,165
113,103,165
113,104,165
113,105,165
113,106,165
113,107,165
113,108,165
113,109,165
113,110,165
113,111,165
113,112,165
113,113,165
113,114,165
113,115,165
113,116,165
113,117,165
113,118,165
113,119,165
113,120,165
113,121,165
113,122,165
113,123,165
113,124,165
113,125,165
113,126,165
113,127,165
113,128,165
113,129,165
113,130,165
113,131,165
113,132,165
113,133,165
113,134,165
113,135,165
113,136,165
113,137,165
113,138,165
113,139,165
113,140,165
113,141,165
114,142,165
114,143,165
114,144,165
114,145,165
114,146,165
114,147,165
114,148,165
114,149,165
114,150,165
114,151,165
114,152,165
114,153,165
114,154,165
114,155,165
114,156,165
114,157,165
114,158,165
114,159,165
114,160,165
114,161,165
114,162,165
114,163,165
114,164,165
114,165,165
114,166,165
114,167,165
114,168,165
114,169,165
114,170,165
114,171,165
114,172,165
114,173,165
114,174,165
114,175,165
114,176,165
114,177,165
114,178,165
114,179,165
114,180,165
114,181,165
114,182,165
114,183,165
114,184,165
115,185,165
115,186,165
115,187,165
115,188,165
115,189,165
115,190,165
115,191,165
115,192,165
115,193,165
115,194,165
115,195,165
115,196,165
115,197,165
115,198,165
115,199,165
115,200,165
115,201,165
115,202,165
115,203,165
115,204,165
115,205,165
115,206,165
115,207,165
115,208,165
115,209,165
115,210,165
115,211,165
115,212,165
115,213,165
115,214,165
115,215,165
115,216,165
115,217,165
115,218,165
115,219,165
115,220,165
115,221,165
115,222,165
115,223,165
115,224,165
115,225,165
115,226,165
115,227,165
116,228,165
116,229,165
116,230,165
116,231,165
116,232,165
116,233,165
116,234,165
116,235,165
116,236,165
116,237,165
116,238,165
116,239,165
116,0,166
116,1,166
116,2,166
116,3,166
116,4,166
116,5,166
116,6,166
116,7,166
116,8,166
116,9,166
116,10,166
116,11,166
116,12,166
116,13,166
116,14,166
116,15,166
116,16,166
116,17,166
116,18,166
116,19,166
116,20,166
116,21,166
116,22,166
116,23,166
116,24,166
116,25,166
116,26,166
116,27,166
116,28,166
116,29,166
116,30,166
117,31,166
117,32,166
117,33,166
117,34,166
117,35,166
117,36,166
117,37,166
117,38,166
117,39,166
117,40,166
117,41,166
117,42,166
117,43,166
117,44,166
117,45,166
117,46,166
117,47,166
117,48,166
117,49,166
117,50,166
117,51,166
117,52,166
117,53,166
117,54,166
117,55,166
117,56,166
117,57,166
117,58,166
117,59,166
117,60,166
117,61,166
117,62,166
117,63,166
117,64,166
117,65,166
117,66,166
117,67,166
118,68,166
118,69,166
118,70,166
118,71,166
118,72,166
118,73,166
118,74,166
118,75,166
118,76,166
118,77,166
118,78,166
118,79,166
118,80,166
118,81,166
118,82,166
118,83,166
118,84,166
118,85,166
118,86,166
118,87,166
118,88,166
118,89,166
118,90,166
118,91,166
118,92,166
118,93,166
118,94,166
118,95,166
118,96,166
118,97,166
118,98,166
118,99,166
118,100,166
118,101,166
118,102,166
118,103,166
118,104,166
118,105,166
118,106,166
118,107,166
119,108,166
119,109,166
119,110,166
119,111,166
119,112,166
119,113,166
119,114,166
119,115,166
119,116,166
119,117,166
119,118,166
119,119,166
119,120,166
119,121,166
119,122,166
119,123,166
119,124,166
119,125,166
119,126,166
119,127,166
119,128,166
119,129,166
119,130,166
119,131,166
119,132,166
119,133,166
119,134,166
119,135,166
119,136,166
119,137,166
119,138,166
119,139,166
119,140,166
119,141,166
119,142,166
119,143,166
120,144,166
120,145,166
120,146,166
120,147,166
120,148,166
120,149,166
120,150,166
120,151,166
120,152,166
120,153,166
120,154,166
120,155,166
120,156,166
120,157,166
120,158,166
120,159,166
120,160,166
120,161,166
120,162,166
120,163,166
120,164,166
120,165,166
120,166,166
120,167,166
120,168,166
120,169,166
120,170,166
120,171,166
120,172,166
120,173,166
120,174,166
120,175,166
121,176,166
121,177,166
121,178,166
121,179,166
121,180,166
121,181,166
121,182,166
121,183,166
121,184,166
121,185,166
121,186,166
121,187,166
121,188,166
121,189,166
121,190,166
121,191,166
121,192,166
121,193,166
121,194,166
121,195,166
121,196,166
121,197,166
121,198,166
121,199,166
121,200,166
121,201,166
121,202,166
121,203,166
121,204,166
121,205,166
121,206,166
121,207,166
121,208,166
121,209,166
121,210,166
121,211,166
121,212,166
121,213,166
121,214,166
121,215,166
122,216,166
122,217,166
122,218,166
122,219,166
122,220,166
122,221,166
122,222,166
122,223,166
122,224,166
122,225,166
122,226,166
122,227,166
122,228,166
122,229,166
122,230,166
122,231,166
122,232,166
122,233,166
122,234,166
122,235,166
122,236,166
122,237,166
122,238,166
122,239,166
122,0,167
122,1,167
122,2,167
122,3,167
122,4,167
122,5,167
122,6,167
122,7,167
122,8,167
122,9,167
122,10,167
122,11,167
122,12,167
122,13,167
122,14,167
122,15,167
123,16,167
123,17,167
123,18,167
123,19,167
123,20,167
123,21,167
123,22,167
123,23,167
123,24,167
123,25,167
123,26,167
123,27,167
123,28,167
123,29,167
123,30,167
123,31,167
123,32,167
123,33,167
123,34,167
123,35,167
123,36,167
123,37,167
123,38,167
123,39,167
123,40,167
123,41,167
123,42,167
123,43,167
123,44,167
123,45,167
123,46,167
123,47,167
123,48,167
123,49,167
123,50,167
123,51,167
123,52,167
123,53,167
123,54,167
123,55,167
124,56,167
124,57,167
124,58,167
124,59,167
124,60,167
124,61,167
124,62,167
124,63,167
124,64,167
124,65,167
124,66,167
124,67,167
124,68,167
124,69,167
124,70,167
124,71,167
124,72,167
124,73,167
124,74,167
124,75,167
124,76,167
124,77,167
124,78,167
124,79,167
124,80,167
124,81,167
124,82,167
124,83,167
124,84,167
124,85,167
124,86,167
124,87,167
124,88,167
124,89,167
124,90,167
125,91,167
125,92,167
125,93,167
125,94,167
125,95,167
125,96,167
125,97,167
125,98,167
125,99,167
125,100,167
125,101,167
125,102,167
125,103,167
125,104,167
125,105,167
125,106,167
125,107,167
125,108,167
125,109,167
125,110,167
125,111,167
125,112,167
125,113,167
125,114,167
125,115,167
125,116,167
127,117,167
127,118,167
127,119,167
127,120,167
127,121,167
127,122,167
127,123,167
127,124,167
127,125,167
127,126,167
127,127,167
127,128,167
127,129,167
127,130,167
127,131,167
127,132,167
127,133,167
127,134,167
127,135,167
127,136,167
127,137,167
128,138,167
128,139,167
128,140,167
128,141,167
128,142,167
128,143,167
128,144,167
128,145,167
128,146,167
128,147,167
128,148,167
128,149,167
128,150,167
128,151,167
128,152,167
128,153,167
128,154,167
128,155,167
128,156,167
128,157,167
128,158,167
128,159,167
128,160,167
128,161,167
128,162,167
128,163,167
128,164,167
128,165,167
128,166,167
128,167,167
128,168,167
128,169,167
128,170,167
128,171,167
128,172,167
128,173,167
128,174,167
129,175,167
129,176,167
129,177,167
129,178,167
129,179,167
129,180,167
129,181,167
129,182,167
129,183,167
129,184,167
129,185,167
129,186,167
129,187,167
129,188,167
129,189,167
129,190,167
129,191,167
129,192,167
129,193,167
129,194,167
129,195,167
129,196,167
129,197,167
129,198,167
129,199,167
129,200,167
129,201,167
129,202,167
129,203,167
129,204,167
129,205,167
129,206,167
129,207,167
130,208,167
130,209,167
130,210,167
130,211,167
130,212,167
130,213,167
130,214,167
130,215,167
130,216,167
130,217,167
130,218,167
130,219,167
130,220,167
130,221,167
130,222,167
130,223,167
130,224,167
130,225,167
130,226,167
130,227,167
130,228,167
130,229,167
131,230,167
131,231,167
131,232,167
131,233,167
131,234,167
131,235,167
131,236,167
131,237,167
131,238,167
131,239,167
131,0,168
131,1,168
131,2,168
131,3,168
131,4,168
131,5,168
131,6,168
131,7,168
131,8,168
131,9,168
131,10,168
131,11,168
131,12,168
131,13,168
131,14,168
131,15,168
131,16,168
131,17,168
131,18,168
131,19,168
131,20,168
131,21,168
131,22,168
131,23,168
131,24,168
131,25,168
131,26,168
131,27,168
131,28,168
131,29,168
132,30,168
132,31,168
132,32,168
132,33,168
132,34,168
132,35,168
132,36,168
132,37,168
132,38,168
132,39,168
132,40,168
132,41,168
132,42,168
132,43,168
132,44,168
132,45,168
132,46,168
132,47,168
132,48,168
132,49,168
132,50,168
132,51,168
132,52,168
132,53,168
132,54,168
132,55,168
132,56,168
132,57,168
132,58,168
132,59,168
132,60,168
132,61,168
132,62,168
132,63,168
132,64,168
132,65,168
132,66,168
134,67,168
135,68,168
135,69,168
135,70,168
135,71,168
135,72,168
135,73,168
135,74,168
135,75,168
135,76,168
135,77,168
135,78,168
135,79,168
135,80,168
135,81,168
135,82,168
135,83,168
135,84,168
135,85,168
135,86,168
135,87,168
135,88,168
135,89,168
135,90,168
135,91,168
135,92,168
135,93,168
135,94,168
135,95,168
136,96,168
136,97,168
136,98,168
136,99,168
136,100,168
136,101,168
136,102,168
136,103,168
136,104,168
136,105,168
136,106,168
136,107,168
136,108,168
136,109,168
136,110,168
136,111,168
136,112,168
136,113,168
136,114,168
136,115,168
136,116,168
136,117,168
136,118,168
136,119,168
136,120,168
136,121,168
136,122,168
136,123,168
136,124,168
136,125,168
136,126,168
136,127,168
137,128,168
137,129,168
137,130,168
137,131,168
137,132,168
137,133,168
137,134,168
137,135,168
137,136,168
137,137,168
137,138,168
137,139,168
137,140,168
137,141,168
137,142,168
137,143,168
137,144,168
137,145,168
137,146,168
137,147,168
137,148,168
137,149,168
137,150,168
137,151,168
137,152,168
137,153,168
137,154,168
137,155,168
138,156,168
138,157,168
138,158,168
138,159,168
138,160,168
138,161,168
138,162,168
138,163,168
138,164,168
138,165,168
138,166,168
138,167,168
138,168,168
138,169,168
138,170,168
138,171,168
138,172,168
138,173,168
138,174,168
138,175,168
138,176,168
138,177,168
138,178,168
138,179,168
138,180,168
138,181,168
138,182,168
138,183,168
138,184,168
138,185,168
139,186,168
139,187,168
139,188,168
139,189,168
139,190,168
139,191,168
139,192,168
139,193,168
139,194,168
139,195,168
139,196,168
139,197,168
139,198,168
139,199,168
139,200,168
139,201,168
139,202,168
139,203,168
139,204,168
139,205,168
139,206,168
139,207,168
139,208,168
139,209,168
139,210,168
139,211,168
139,212,168
139,213,168
139,214,168
139,215,168
140,216,168
140,217,168
140,218,168
140,219,168
140,220,168
140,221,168
140,222,168
140,223,168
140,224,168
140,225,168
140,226,168
140,227,168
140,228,168
140,229,168
140,230,168
140,231,168
140,232,168
140,233,168
140,234,168
140,235,168
140,236,168
140,237,168
140,238,168
140,239,168
140,0,169
140,1,169
140,2,169
140,3,169
140,4,169
140,5,169
140,6,169
140,7,169
140,8,169
140,9,169
140,10,169
140,11,169
141,12,169
141,13,169
141,14,169
141,15,169
141,16,169
141,17,169
141,18,169
141,19,169
141,20,169
141,21,169
141,22,169
141,23,169
141,24,169
141,25,169
141,26,169
141,27,169
141,28,169
141,29,169
141,30,169
141,31,169
141,32,169
141,33,169
141,34,169
141,35,169
141,36,169
141,37,169
141,38,169
141,39,169
141,40,169
141,41,169
141,42,169
141,43,169
141,44,169
142,45,169
142,46,169
142,47,169
142,48,169
142,49,169
142,50,169
142,51,169
142,52,169
142,53,169
142,54,169
142,55,169
142,56,169
142,57,169
142,58,169
142,59,169
142,60,169
142,61,169
142,62,169
142,63,169
142,64,169
142,65,169
142,66,169
142,67,169
142,68,169
142,69,169
142,70,169
142,71,169
142,72,169
142,73,169
142,74,169
142,75,169
142,76,169
142,77,169
142,78,169
142,79,169
143,80,169
143,81,169
143,82,169
143,83,169
143,84,169
143,85,169
143,86,169
143,87,169
143,88,169
143,89,169
143,90,169
143,91,169
143,92,169
143,93,169
143,94,169
143,95,169
143,96,169
143,97,169
143,98,169
143,99,169
143,100,169
143,101,169
143,102,169
143,103,169
143,104,169
143,105,169
143,106,169
143,107,169
143,108,169
143,109,169
143,110,169
143,111,169
143,112,169
143,113,169
144,114,169
144,115,169
144,116,169
144,117,169
144,118,169
144,119,169
144,120,169
144,121,169
144,122,169
144,123,169
144,124,169
144,125,169
144,126,169
144,127,169
144,128,169
144,129,169
144,130,169
144,131,169
144,132,169
144,133,169
144,134,169
144,135,169
144,136,169
144,137,169
144,138,169
144,139,169
144,140,169
144,141,169
144,142,169
144,143,169
144,144,169
144,145,169
145,146,169
145,147,169
145,148,169
145,149,169
145,150,169
145,151,169
145,152,169
145,153,169
145,154,169
145,155,169
145,156,169
145,157,169
145,158,169
145,159,169
145,160,169
145,161,169
145,162,169
145,163,169
145,164,169
145,165,169
145,166,169
145,167,169
145,168,169
145,169,169
145,170,169
145,171,169
145,172,169
145,173,169
145,174,169
145,175,169
145,176,169
145,177,169
145,178,169
145,179,169
145,180,169
145,181,169
145,182,169
145,183,169
145,184,169
146,185,169
146,186,169
146,187,169
146,188,169
146,189,169
146,190,169
146,191,169
146,192,169
146,193,169
146,194,169
146,195,169
146,196,169
146,197,169
146,198,169
146,199,169
146,200,169
146,201,169
146,202,169
146,203,169
146,204,169
146,205,169
146,206,169
146,207,169
146,208,169
146,209,169
146,210,169
146,211,169
146,212,169
146,213,169
146,214,169
146,215,169
146,216,169
146,217,169
146,218,169
146,219,169
146,220,169
146,221,169
146,222,169
146,223,169
147,224,169
147,225,169
147,226,169
147,227,169
147,228,169
147,229,169
147,230,169
147,231,169
147,232,169
147,233,169
147,234,169
147,235,169
147,236,169
147,237,169
147,238,169
147,239,169
147,0,170
147,1,170
147,2,170
147,3,170
147,4,170
147,5,170
147,6,170
147,7,170
147,8,170
147,9,170
147,10,170
147,11,170
147,12,170
147,13,170
148,14,170
148,15,170
148,16,170
148,17,170
148,18,170
148,19,170
148,20,170
148,21,170
148,22,170
148,23,170
148,24,170
148,25,170
148,26,170
148,27,170
148,28,170
148,29,170
148,30,170
148,31,170
148,32,170
148,33,170
148,34,170
148,35,170
148,36,170
148,37,170
148,38,170
148,39,170
148,40,170
148,41,170
148,42,170
148,43,170
148,44,170
148,45,170
148,46,170
148,47,170
148,48,170
148,49,170
148,50,170
148,51,170
149,52,170
149,53,170
149,54,170
149,55,170
149,56,170
149,57,170
149,58,170
149,59,170
149,60,170
149,61,170
149,62,170
149,63,170
149,64,170
149,65,170
149,66,170
149,67,170
149,68,170
149,69,170
149,70,170
149,71,170
149,72,170
149,73,170
149,74,170
150,75,170
150,76,170
150,77,170
150,78,170
150,79,170
150,80,170
150,81,170
150,82,170
150,83,170
150,84,170
150,85,170
150,86,170
150,87,170
150,88,170
150,89,170
150,90,170
150,91,170
150,92,170
150,93,170
150,94,170
150,95,170
150,96,170
150,97,170
150,98,170
150,99,170
150,100,170
150,101,170
150,102,170
150,103,170
150,104,170
150,105,170
150,106,170
150,107,170
150,108,170
150,109,170
151,110,170
151,111,170
151,112,170
151,113,170
151,114,170
151,115,170
151,116,170
151,117,170
151,118,170
151,119,170
151,120,170
151,121,170
151,122,170
151,123,170
151,124,170
151,125,170
151,126,170
151,127,170
151,128,170
151,129,170
151,130,170
151,131,170
151,132,170
151,133,170
151,134,170
151,135,170
151,136,170
151,137,170
151,138,170
151,139,170
151,140,170
151,141,170
151,142,170
151,143,170
151,144,170
151,145,170
151,146,170
151,147,170
152,148,170
152,149,170
152,150,170
152,151,170
152,152,170
152,153,170
152,154,170
152,155,170
152,156,170
152,157,170
152,158,170
152,159,170
152,160,170
152,161,170
152,162,170
152,163,170
152,164,170
152,165,170
152,166,170
152,167,170
152,168,170
152,169,170
152,170,170
152,171,170
152,172,170
152,173,170
152,174,170
152,175,170
152,176,170
152,177,170
152,178,170
152,179,170
152,180,170
152,181,170
152,182,170
152,183,170
153,184,170
153,185,170
153,186,170
153,187,170
153,188,170
153,189,170
153,190,170
153,191,170
153,192,170
153,193,170
153,194,170
153,195,170
153,196,170
153,197,170
153,198,170
153,199,170
153,200,170
153,201,170
153,202,170
153,203,170
153,204,170
153,205,170
153,206,170
153,207,170
153,208,170
153,209,170
153,210,170
153,211,170
153,212,170
153,213,170
153,214,170
153,215,170
153,216,170
153,217,170
153,218,170
153,219,170
153,220,170
154,221,170
154,222,170
154,223,170
154,224,170
154,225,170
154,226,170
154,227,170
154,228,170
154,229,170
154,230,170
154,231,170
154,232,170
154,233,170
154,234,170
154,235,170
154,236,170
154,237,170
154,238,170
154,239,170
154,0,171
154,1,171
154,2,171
154,3,171
154,4,171
154,5,171
154,6,171
154,7,171
154,8,171
154,9,171
154,10,171
154,11,171
154,12,171
154,13,171
154,14,171
154,15,171
154,16,171
154,17,171
155,18,171
155,19,171
155,20,171
155,21,171
155,22,171
155,23,171
155,24,171
155,25,171
155,26,171
155,27,171
155,28,171
155,29,171
155,30,171
155,31,171
155,32,171
155,33,171
155,34,171
155,35,171
155,36,171
155,37,171
155,38,171
155,39,171
155,40,171
155,41,171
155,42,171
155,43,171
155,44,171
155,45,171
155,46,171
155,47,171
155,48,171
156,49,171
156,50,171
156,51,171
156,52,171
156,53,171
156,54,171
156,55,171
156,56,171
156,57,171
156,58,171
156,59,171
156,60,171
156,61,171
156,62,171
156,63,171
156,64,171
156,65,171
156,66,171
156,67,171
156,68,171
156,69,171
156,70,171
156,71,171
156,72,171
156,73,171
156,74,171
156,75,171
156,76,171
156,77,171
156,78,171
156,79,171
156,80,171
156,81,171
156,82,171
156,83,171
157,84,171
157,85,171
157,86,171
157,87,171
157,88,171
157,89,171
157,90,171
157,91,171
157,92,171
157,93,171
157,94,171
157,95,171
157,96,171
157,97,171
157,98,171
157,99,171
157,100,171
157,101,171
157,102,171
157,103,171
157,104,171
157,105,171
157,106,171
157,107,171
158,108,171
158,109,171
158,110,171
158,111,171
158,112,171
158,113,171
158,114,171
158,115,171
158,116,171
158,117,171
158,118,171
158,119,171
158,120,171
158,121,171
158,122,171
158,123,171
158,124,171
158,125,171
158,126,171
158,127,171
158,128,171
158,129,171
158,130,171
158,131,171
158,132,171
158,133,171
158,134,171
158,135,171
159,136,171
159,137,171
159,138,171
159,139,171
159,140,171
159,141,171
159,142,171
159,143,171
159,144,171
159,145,171
159,146,171
159,147,171
159,148,171
159,149,171
159,150,171
159,151,171
159,152,171
159,153,171
159,154,171
159,155,171
159,156,171
159,157,171
159,158,171
159,159,171
159,160,171
159,161,171
159,162,171
159,163,171
159,164,171
159,165,171
159,166,171
159,167,171
159,168,171
159,169,171
159,170,171
159,171,171
160,172,171
160,173,171
160,174,171
160,175,171
160,176,171
160,177,171
160,178,171
160,179,171
160,180,171
160,181,171
160,182,171
160,183,171
160,184,171
160,185,171
160,186,171
160,187,171
160,188,171
160,189,171
160,190,171
160,191,171
160,192,171
160,193,171
160,194,171
160,195,171
160,196,171
160,197,171
160,198,171
160,199,171
160,200,171
160,201,171
160,202,171
160,203,171
160,204,171
160,205,171
160,206,171
160,207,171
160,208,171
160,209,171
160,210,171
160,211,171
161,212,171
161,213,171
161,214,171
161,215,171
161,216,171
161,217,171
161,218,171
161,219,171
161,220,171
161,221,171
161,222,171
161,223,171
161,224,171
161,225,171
161,226,171
161,227,171
161,228,171
161,229,171
161,230,171
161,231,171
161,232,171
161,233,171
161,234,171
161,235,171
161,236,171
161,237,171
161,238,171
161,239,171
161,0,172
161,1,172
161,2,172
161,3,172
161,4,172
161,5,172
161,6,172
162,7,172
162,8,172
162,9,172
162,10,172
162,11,172
162,12,172
162,13,172
162,14,172
162,15,172
162,16,172
162,17,172
162,18,172
162,19,172
162,20,172
162,21,172
162,22,172
162,23,172
162,24,172
162,25,172
162,26,172
162,27,172
162,28,172
162,29,172
162,30,172
162,31,172
162,32,172
162,33,172
162,34,172
162,35,172
162,36,172
162,37,172
162,38,172
162,39,172
162,40,172
162,41,172
162,42,172
162,43,172
163,44,172
163,45,172
163,46,172
163,47,172
163,48,172
163,49,172
163,50,172
163,51,172
163,52,172
163,53,172
163,54,172
163,55,172
163,56,172
163,57,172
163,58,172
163,59,172
163,60,172
163,61,172
163,62,172
163,63,172
163,64,172
163,65,172
163,66,172
163,67,172
163,68,172
163,69,172
163,70,172
163,71,172
163,72,172
163,73,172
163,74,172
163,75,172
163,76,172
163,77,172
163,78,172
163,79,172
163,80,172
163,81,172
163,82,172
163,83,172
164,84,172
164,85,172
164,86,172
164,87,172
164,88,172
164,89,172
164,90,172
164,91,172
164,92,172
164,93,172
164,94,172
164,95,172
164,96,172
164,97,172
164,98,172
164,99,172
164,100,172
164,101,172
164,102,172
164,103,172
164,104,172
164,105,172
164,106,172
164,107,172
164,108,172
164,109,172
164,110,172
164,111,172
164,112,172
164,113,172
164,114,172
164,115,172
164,116,172
164,117,172
164,118,172
164,119,172
164,120,172
164,121,172
164,122,172
164,123,172
165,124,172
165,125,172
165,126,172
165,127,172
165,128,172
165,129,172
165,130,172
165,131,172
165,132,172
165,133,172
165,134,172
165,135,172
165,136,172
165,137,172
165,138,172
165,139,172
165,140,172
165,141,172
165,142,172
165,143,172
165,144,172
165,145,172
165,146,172
165,147,172
165,148,172
165,149,172
165,150,172
165,151,172
165,152,172
165,153,172
165,154,172
165,155,172
165,156,172
165,157,172
165,158,172
165,159,172
165,160,172
165,161,172
165,162,172
165,163,172
166,164,172
166,165,172
166,166,172
166,167,172
166,168,172
166,169,172
166,170,172
166,171,172
166,172,172
166,173,172
166,174,172
166,175,172
166,176,172
166,177,172
166,178,172
166,179,172
166,180,172
166,181,172
166,182,172
166,183,172
166,184,172
166,185,172
166,186,172
166,187,172
166,188,172
166,189,172
166,190,172
166,191,172
166,192,172
166,193,172
166,194,172
166,195,172
166,196,172
166,197,172
166,198,172
167,199,172
167,200,172
167,201,172
167,202,172
167,203,172
167,204,172
167,205,172
167,206,172
167,207,172
167,208,172
167,209,172
167,210,172
167,211,172
167,212,172
167,213,172
167,214,172
167,215,172
167,216,172
167,217,172
167,218,172
167,219,172
167,220,172
167,221,172
167,222,172
167,223,172
167,224,172
167,225,172
167,226,172
167,227,172
167,228,172
167,229,172
167,230,172
167,231,172
167,232,172
167,233,172
167,234,172
167,235,172
167,236,172
167,237,172
167,238,172
168,239,172
168,0,173
168,1,173
168,2,173
168,3,173
168,4,173
168,5,173
168,6,173
168,7,173
168,8,173
168,9,173
168,10,173
168,11,173
168,12,173
168,13,173
168,14,173
168,15,173
168,16,173
168,17,173
168,18,173
168,19,173
168,20,173
168,21,173
168,22,173
168,23,173
168,24,173
168,25,173
168,26,173
168,27,173
168,28,173
168,29,173
168,30,173
168,31,173
168,32,173
168,33,173
168,34,173
168,35,173
168,36,173
168,37,173
168,38,173
169,39,173
169,40,173
169,41,173
169,42,173
169,43,173
169,44,173
169,45,173
169,46,173
169,47,173
169,48,173
169,49,173
169,50,173
169,51,173
169,52,173
169,53,173
169,54,173
169,55,173
169,56,173
169,57,173
169,58,173
169,59,173
169,60,173
169,61,173
169,62,173
169,63,173
169,64,173
169,65,173
169,66,173
169,67,173
169,68,173
169,69,173
169,70,173
169,71,173
169,72,173
169,73,173
169,74,173
169,75,173
169,76,173
169,77,173
169,78,173
169,79,173
170,80,173
170,81,173
170,82,173
170,83,173
170,84,173
170,85,173
170,86,173
170,87,173
170,88,173
170,89,173
170,90,173
170,91,173
170,92,173
170,93,173
170,94,173
170,95,173
170,96,173
170,97,173
170,98,173
170,99,173
170,100,173
170,101,173
170,102,173
170,103,173
170,104,173
170,105,173
170,106,173
170,107,173
170,108,173
170,109,173
170,110,173
170,111,173
170,112,173
170,113,173
170,114,173
170,115,173
170,116,173
170,117,173
170,118,173
170,119,173
170,120,173
170,121,173
170,122,173
171,123,173
171,124,173
171,125,173
171,126,173
171,127,173
171,128,173
171,129,173
171,130,173
171,131,173
171,132,173
171,133,173
171,134,173
171,135,173
171,136,173
171,137,173
171,138,173
171,139,173
171,140,173
171,141,173
171,142,173
171,143,173
171,144,173
171,145,173
171,146,173
171,147,173
171,148,173
171,149,173
171,150,173
171,151,173
171,152,173
171,153,173
171,154,173
171,155,173
171,156,173
171,157,173
171,158,173
171,159,173
171,160,173
172,161,173
172,162,173
172,163,173
172,164,173
172,165,173
172,166,173
172,167,173
172,168,173
172,169,173
172,170,173
172,171,173
172,172,173
172,173,173
172,174,173
172,175,173
172,176,173
172,177,173
172,178,173
172,179,173
172,180,173
172,181,173
172,182,173
172,183,173
172,184,173
172,185,173
172,186,173
172,187,173
172,188,173
172,189,173
172,190,173
172,191,173
172,192,173
172,193,173
172,194,173
172,195,173
172,196,173
172,197,173
172,198,173
172,199,173
172,200,173
172,201,173
172,202,173
173,203,173
173,204,173
173,205,173
173,206,173
173,207,173
173,208,173
173,209,173
173,210,173
173,211,173
173,212,173
173,213,173
173,214,173
173,215,173
173,216,173
173,217,173
173,218,173
173,219,173
173,220,173
173,221,173
173,222,173
173,223,173
173,224,173
173,225,173
173,226,173
173,227,173
173,228,173
173,229,173
173,230,173
173,231,173
173,232,173
173,233,173
173,234,173
174,235,173
174,236,173
174,237,173
174,238,173
174,239,173
174,0,174
174,1,174
174,2,174
174,3,174
174,4,174
174,5,174
174,6,174
174,7,174
174,8,174
174,9,174
174,10,174
174,11,174
174,12,174
174,13,174
174,14,174
174,15,174
174,16,174
174,17,174
174,18,174
174,19,174
174,20,174
174,21,174
174,22,174
174,23,174
174,24,174
174,25,174
174,26,174
174,27,174
174,28,174
174,29,174
174,30,174
174,31,174
174,32,174
174,33,174
174,34,174
174,35,174
174,36,174
174,37,174
175,38,174
175,39,174
175,40,174
175,41,174
175,42,174
175,43,174
175,44,174
175,45,174
175,46,174
175,47,174
175,48,174
175,49,174
175,50,174
175,51,174
175,52,174
175,53,174
175,54,174
175,55,174
175,56,174
175,57,174
175,58,174
175,59,174
175,60,174
175,61,174
175,62,174
175,63,174
175,64,174
175,65,174
175,66,174
175,67,174
175,68,174
175,69,174
175,70,174
175,71,174
175,72,174
175,73,174
175,74,174
175,75,174
176,76,174
176,77,174
176,78,174
176,79,174
176,80,174
176,81,174
176,82,174
176,83,174
176,84,174
176,85,174
176,86,174
176,87,174
176,88,174
176,89,174
176,90,174
176,91,174
176,92,174
176,93,174
176,94,174
176,95,174
176,96,174
176,97,174
176,98,174
176,99,174
176,100,174
176,101,174
176,102,174
176,103,174
176,104,174
176,105,174
176,106,174
176,107,174
176,108,174
176,109,174
176,110,174
176,111,174
176,112,174
176,113,174
176,114,174
176,115,174
176,116,174
176,117,174
176,118,174
177,119,174
177,120,174
177,121,174
177,122,174
177,123,174
177,124,174
177,125,174
177,126,174
177,127,174
177,128,174
177,129,174
177,130,174
177,131,174
177,132,174
177,133,174
177,134,174
177,135,174
177,136,174
177,137,174
177,138,174
177,139,174
177,140,174
177,141,174
177,142,174
177,143,174
177,144,174
177,145,174
177,146,174
177,147,174
177,148,174
177,149,174
177,150,174
177,151,174
177,152,174
177,153,174
177,154,174
177,155,174
177,156,174
177,157,174
177,158,174
177,159,174
177,160,174
177,161,174
178,162,174
178,163,174
178,164,174
178,165,174
178,166,174
178,167,174
178,168,174
178,169,174
178,170,174
178,171,174
178,172,174
178,173,174
178,174,174
178,175,174
178,176,174
178,177,174
178,178,174
178,179,174
178,180,174
178,181,174
178,182,174
178,183,174
178,184,174
178,185,174
178,186,174
178,187,174
178,188,174
178,189,174
178,190,174
178,191,174
178,192,174
178,193,174
178,194,174
178,195,174
178,196,174
178,197,174
178,198,174
178,199,174
178,200,174
178,201,174
178,202,174
179,203,174
179,204,174
179,205,174
179,206,174
179,207,174
179,208,174
179,209,174
179,210,174
179,211,174
179,212,174
179,213,174
179,214,174
179,215,174
179,216,174
179,217,174
179,218,174
179,219,174
179,220,174
179,221,174
179,222,174
179,223,174
179,224,174
179,225,174
179,226,174
179,227,174
179,228,174
179,229,174
179,230,174
179,231,174
179,232,174
179,233,174
179,234,174
179,235,174
179,236,174
179,237,174
179,238,174
179,239,174
180,0,175
180,1,175
180,2,175
180,3,175
180,4,175
180,5,175
180,6,175
180,7,175
180,8,175
180,9,175
180,10,175
180,11,175
180,12,175
180,13,175
180,14,175
180,15,175
180,16,175
180,17,175
180,18,175
180,19,175
180,20,175
180,21,175
180,22,175
180,23,175
180,24,175
180,25,175
180,26,175
180,27,175
180,28,175
180,29,175
180,30,175
180,31,175
180,32,175
180,33,175
180,34,175
180,35,175
180,36,175
180,37,175
180,38,175
181,39,175
181,40,175
181,41,175
181,42,175
181,43,175
181,44,175
181,45,175
181,46,175
181,47,175
181,48,175
181,49,175
181,50,175
181,51,175
181,52,175
181,53,175
181,54,175
181,55,175
181,56,175
181,57,175
181,58,175
181,59,175
181,60,175
181,61,175
181,62,175
181,63,175
181,64,175
181,65,175
181,66,175
181,67,175
181,68,175
181,69,175
181,70,175
181,71,175
181,72,175
181,73,175
181,74,175
181,75,175
181,76,175
182,77,175
182,78,175
182,79,175
182,80,175
182,81,175
182,82,175
182,83,175
182,84,175
182,85,175
182,86,175
182,87,175
182,88,175
182,89,175
182,90,175
182,91,175
182,92,175
182,93,175
182,94,175
182,95,175
182,96,175
182,97,175
182,98,175
182,99,175
182,100,175
182,101,175
182,102,175
182,103,175
182,104,175
182,105,175
182,106,175
182,107,175
182,108,175
182,109,175
182,110,175
182,111,175
182,112,175
182,113,175
182,114,175
182,115,175
182,116,175
182,117,175
182,118,175
183,119,175
183,120,175
183,121,175
183,122,175
183,123,175
183,124,175
183,125,175
183,126,175
183,127,175
183,128,175
183,129,175
183,130,175
183,131,175
183,132,175
183,133,175
183,134,175
183,135,175
183,136,175
183,137,175
183,138,175
183,139,175
183,140,175
183,141,175
183,142,175
183,143,175
183,144,175
183,145,175
183,146,175
183,147,175
183,148,175
183,149,175
183,150,175
183,151,175
183,152,175
183,153,175
183,154,175
183,155,175
183,156,175
183,157,175
183,158,175
183,159,175
183,160,175
183,161,175
184,162,175
184,163,175
184,164,175
184,165,175
184,166,175
184,167,175
184,168,175
184,169,175
184,170,175
184,171,175
184,172,175
184,173,175
184,174,175
184,175,175
184,176,175
184,177,175
184,178,175
184,179,175
184,180,175
184,181,175
184,182,175
184,183,175
184,184,175
184,185,175
184,186,175
184,187,175
184,188,175
184,189,175
184,190,175
184,191,175
184,192,175
184,193,175
184,194,175
184,195,175
184,196,175
184,197,175
184,198,175
184,199,175
184,200,175
184,201,175
184,202,175
184,203,175
184,204,175
185,205,175
185,206,175
185,207,175
185,208,175
185,209,175
185,210,175
185,211,175
185,212,175
185,213,175
185,214,175
185,215,175
185,216,175
185,217,175
185,218,175
185,219,175
185,220,175
185,221,175
185,222,175
185,223,175
185,224,175
185,225,175
185,226,175
185,227,175
185,228,175
185,229,175
185,230,175
185,231,175
185,232,175
185,233,175
185,234,175
185,235,175
185,236,175
185,237,175
185,238,175
185,239,175
185,0,176
185,1,176
185,2,176
186,3,176
186,4,176
186,5,176
186,6,176
186,7,176
186,8,176
186,9,176
186,10,176
186,11,176
186,12,176
186,13,176
186,14,176
186,15,176
186,16,176
186,17,176
186,18,176
186,19,176
186,20,176
186,21,176
186,22,176
186,23,176
186,24,176
186,25,176
186,26,176
186,27,176
186,28,176
186,29,176
186,30,176
186,31,176
186,32,176
186,33,176
186,34,176
186,35,176
186,36,176
186,37,176
186,38,176
186,39,176
186,40,176
186,41,176
186,42,176
186,43,176
186,44,176
186,45,176
187,46,176
187,47,176
187,48,176
187,49,176
187,50,176
187,51,176
187,52,176
187,53,176
187,54,176
187,55,176
187,56,176
187,57,176
187,58,176
187,59,176
187,60,176
187,61,176
187,62,176
187,63,176
187,64,176
187,65,176
187,66,176
187,67,176
187,68,176
187,69,176
187,70,176
187,71,176
187,72,176
187,73,176
187,74,176
187,75,176
187,76,176
187,77,176
187,78,176
187,79,176
187,80,176
187,81,176
187,82,176
187,83,176
187,84,176
187,85,176
187,86,176
187,87,176
187,88,176
188,89,176
188,90,176
188,91,176
188,92,176
188,93,176
188,94,176
188,95,176
188,96,176
188,97,176
188,98,176
188,99,176
188,100,176
188,101,176
188,102,176
188,103,176
188,104,176
188,105,176
188,106,176
188,107,176
188,108,176
188,109,176
188,110,176
188,111,176
188,112,176
188,113,176
188,114,176
188,115,176
188,116,176
188,117,176
188,118,176
188,119,176
188,120,176
188,121,176
188,122,176
188,123,176
188,124,176
188,125,176
188,126,176
188,127,176
188,128,176
188,129,176
189,130,176
189,131,176
189,132,176
189,133,176
189,134,176
189,135,176
189,136,176
189,137,176
189,138,176
189,139,176
189,140,176
189,141,176
189,142,176
189,143,176
189,144,176
189,145,176
189,146,176
189,147,176
189,148,176
189,149,176
189,150,176
189,151,176
189,152,176
189,153,176
189,154,176
189,155,176
189,156,176
189,157,176
189,158,176
189,159,176
189,160,176
189,161,176
189,162,176
190,163,176
190,164,176
190,165,176
190,166,176
190,167,176
190,168,176
190,169,176
190,170,176
190,171,176
190,172,176
190,173,176
190,174,176
190,175,176
190,176,176
190,177,176
190,178,176
190,179,176
190,180,176
190,181,176
190,182,176
190,183,176
190,184,176
190,185,176
190,186,176
190,187,176
190,188,176
190,189,176
190,190,176
190,191,176
190,192,176
190,193,176
190,194,176
191,195,176
191,196,176
191,197,176
191,198,176
191,199,176
191,200,176
191,201,176
191,202,176
191,203,176
191,204,176
191,205,176
191,206,176
191,207,176
191,208,176
191,209,176
191,210,176
191,211,176
191,212,176
191,213,176
191,214,176
191,215,176
191,216,176
191,217,176
191,218,176
191,219,176
191,220,176
191,221,176
191,222,176
191,223,176
191,224,176
191,225,176
191,226,176
191,227,176
191,228,176
191,229,176
191,230,176
191,231,176
191,232,176
191,233,176
191,234,176
191,235,176
191,236,176
192,237,176
192,238,176
192,239,176
192,0,177
192,1,177
192,2,177
192,3,177
192,4,177
192,5,177
192,6,177
192,7,177
192,8,177
192,9,177
192,10,177
192,11,177
192,12,177
192,13,177
192,14,177
192,15,177
192,16,177
192,17,177
192,18,177
192,19,177
192,20,177
192,21,177
192,22,177
192,23,177
192,24,177
192,25,177
192,26,177
192,27,177
192,28,177
192,29,177
192,30,177
192,31,177
192,32,177
192,33,177
192,34,177
192,35,177
192,36,177
192,37,177
192,38,177
193,39,177
193,40,177
193,41,177
193,42,177
193,43,177
193,44,177
193,45,177
193,46,177
193,47,177
193,48,177
193,49,177
193,50,177
193,51,177
193,52,177
193,53,177
193,54,177
193,55,177
193,56,177
193,57,177
193,58,177
193,59,177
193,60,177
193,61,177
193,62,177
193,63,177
193,64,177
193,65,177
193,66,177
193,67,177
193,68,177
193,69,177
193,70,177
193,71,177
193,72,177
193,73,177
193,74,177
193,75,177
193,76,177
193,77,177
193,78,177
193,79,177
193,80,177
193,81,177
194,82,177
194,83,177
194,84,177
194,85,177
194,86,177
194,87,177
194,88,177
194,89,177
194,90,177
194,91,177
194,92,177
194,93,177
194,94,177
194,95,177
194,96,177
194,97,177
194,98,177
194,99,177
194,100,177
194,101,177
194,102,177
194,103,177
194,104,177
194,105,177
194,106,177
194,107,177
194,108,177
194,109,177
194,110,177
194,111,177
194,112,177
194,113,177
194,114,177
194,115,177
194,116,177
194,117,177
194,118,177
194,119,177
194,120,177
195,121,177
195,122,177
195,123,177
195,124,177
195,125,177
195,126,177
195,127,177
195,128,177
195,129,177
195,130,177
195,131,177
195,132,177
195,133,177
195,134,177
195,135,177
195,136,177
195,137,177
195,138,177
195,139,177
195,140,177
195,141,177
195,142,177
195,143,177
195,144,177
195,145,177
195,146,177
195,147,177
195,148,177
195,149,177
195,150,177
195,151,177
195,152,177
195,153,177
195,154,177
195,155,177
195,156,177
195,157,177
195,158,177
195,159,177
195,160,177
195,161,177
195,162,177
195,163,177
196,164,177
196,165,177
196,166,177
196,167,177
196,168,177
196,169,177
196,170,177
196,171,177
196,172,177
196,173,177
196,174,177
196,175,177
196,176,177
196,177,177
196,178,177
196,179,177
196,180,177
196,181,177
196,182,177
196,183,177
196,184,177
196,185,177
196,186,177
196,187,177
196,188,177
196,189,177
196,190,177
196,191,177
196,192,177
196,193,177
196,194,177
196,195,177
196,196,177
196,197,177
196,198,177
196,199,177
196,200,177
196,201,177
196,202,177
196,203,177
196,204,177
196,205,177
197,206,177
197,207,177
197,208,177
197,209,177
197,210,177
197,211,177
197,212,177
197,213,177
197,214,177
197,215,177
197,216,177
197,217,177
197,218,177
197,219,177
197,220,177
197,221,177
197,222,177
197,223,177
197,224,177
197,225,177
197,226,177
197,227,177
197,228,177
197,229,177
197,230,177
197,231,177
197,232,177
197,233,177
197,234,177
197,235,177
197,236,177
197,237,177
197,238,177
197,239,177
197,0,178
197,1,178
197,2,178
197,3,178
197,4,178
197,5,178
197,6,178
197,7,178
198,8,178
198,9,178
198,10,178
198,11,178
198,12,178
198,13,178
198,14,178
198,15,178
198,16,178
198,17,178
198,18,178
198,19,178
198,20,178
198,21,178
198,22,178
198,23,178
198,24,178
198,25,178
198,26,178
198,27,178
198,28,178
198,29,178
198,30,178
198,31,178
198,32,178
198,33,178
198,34,178
198,35,178
198,36,178
198,37,178
198,38,178
198,39,178
198,40,178
198,41,178
198,42,178
198,43,178
198,44,178
198,45,178
199,46,178
199,47,178
199,48,178
199,49,178
199,50,178
199,51,178
199,52,178
199,53,178
199,54,178
199,55,178
199,56,178
199,57,178
199,58,178
199,59,178
199,60,178
199,61,178
199,62,178
199,63,178
199,64,178
199,65,178
199,66,178
199,67,178
199,68,178
199,69,178
199,70,178
199,71,178
199,72,178
199,73,178
199,74,178
199,75,178
199,76,178
199,77,178
199,78,178
199,79,178
199,80,178
200,81,178
200,82,178
200,83,178
200,84,178
200,85,178
200,86,178
200,87,178
200,88,178
200,89,178
200,90,178
200,91,178
200,92,178
200,93,178
200,94,178
200,95,178
200,96,178
200,97,178
200,98,178
200,99,178
200,100,178
200,101,178
200,102,178
200,103,178
200,104,178
200,105,178
200,106,178
200,107,178
200,108,178
200,109,178
200,110,178
200,111,178
200,112,178
200,113,178
200,114,178
200,115,178
200,116,178
200,117,178
200,118,178
201,119,178
201,120,178
201,121,178
201,122,178
201,123,178
201,124,178
201,125,178
201,126,178
201,127,178
201,128,178
201,129,178
201,130,178
201,131,178
201,132,178
201,133,178
201,134,178
201,135,178
201,136,178
201,137,178
201,138,178
201,139,178
201,140,178
201,141,178
201,142,178
201,143,178
201,144,178
201,145,178
201,146,178
201,147,178
201,148,178
201,149,178
201,150,178
201,151,178
201,152,178
201,153,178
201,154,178
201,155,178
201,156,178
201,157,178
201,158,178
201,159,178
201,160,178
202,161,178
202,162,178
202,163,178
202,164,178
202,165,178
202,166,178
202,167,178
202,168,178
202,169,178
202,170,178
202,171,178
202,172,178
202,173,178
202,174,178
202,175,178
202,176,178
202,177,178
202,178,178
202,179,178
202,180,178
202,181,178
202,182,178
202,183,178
202,184,178
202,185,178
202,186,178
202,187,178
202,188,178
202,189,178
202,190,178
202,191,178
202,192,178
202,193,178
202,194,178
202,195,178
202,196,178
202,197,178
202,198,178
202,199,178
202,200,178
202,201,178
202,202,178
202,203,178
203,204,178
203,205,178
203,206,178
203,207,178
203,208,178
203,209,178
203,210,178
203,211,178
203,212,178
203,213,178
203,214,178
203,215,178
203,216,178
203,217,178
203,218,178
203,219,178
203,220,178
203,221,178
203,222,178
203,223,178
203,224,178
203,225,178
203,226,178
203,227,178
203,228,178
203,229,178
203,230,178
203,231,178
203,232,178
203,233,178
203,234,178
203,235,178
203,236,178
203,237,178
203,238,178
203,239,178
203,0,179
203,1,179
203,2,179
203,3,179
203,4,179
203,5,179
203,6,179
204,7,179
204,8,179
204,9,179
204,10,179
204,11,179
204,12,179
204,13,179
204,14,179
204,15,179
204,16,179
204,17,179
204,18,179
204,19,179
204,20,179
204,21,179
204,22,179
204,23,179
204,24,179
204,25,179
204,26,179
204,27,179
204,28,179
204,29,179
204,30,179
204,31,179
204,32,179
204,33,179
204,34,179
204,35,179
204,36,179
204,37,179
204,38,179
204,39,179
204,40,179
204,41,179
204,42,179
204,43,179
204,44,179
204,45,179
205,46,179
205,47,179
205,48,179
205,49,179
205,50,179
205,51,179
205,52,179
205,53,179
205,54,179
205,55,179
205,56,179
205,57,179
205,58,179
205,59,179
205,60,179
205,61,179
205,62,179
205,63,179
205,64,179
205,65,179
205,66,179
205,67,179
205,68,179
205,69,179
205,70,179
205,71,179
205,72,179
205,73,179
205,74,179
205,75,179
205,76,179
205,77,179
205,78,179
205,79,179
205,80,179
205,81,179
205,82,179
205,83,179
205,84,179
205,85,179
205,86,179
206,87,179
206,88,179
206,89,179
206,90,179
206,91,179
206,92,179
206,93,179
206,94,179
206,95,179
206,96,179
206,97,179
206,98,179
206,99,179
206,100,179
206,101,179
206,102,179
206,103,179
206,104,179
206,105,179
206,106,179
206,107,179
206,108,179
206,109,179
206,110,179
206,111,179
206,112,179
206,113,179
206,114,179
206,115,179
206,116,179
206,117,179
206,118,179
206,119,179
206,120,179
206,121,179
206,122,179
206,123,179
206,124,179
206,125,179
206,126,179
206,127,179
207,128,179
207,129,179
207,130,179
207,131,179
207,132,179
207,133,179
207,134,179
207,135,179
207,136,179
207,137,179
207,138,179
207,139,179
207,140,179
207,141,179
207,142,179
207,143,179
207,144,179
207,145,179
207,146,179
207,147,179
207,148,179
207,149,179
207,150,179
207,151,179
207,152,179
207,153,179
207,154,179
207,155,179
207,156,179
207,157,179
207,158,179
207,159,179
207,160,179
207,161,179
207,162,179
207,163,179
207,164,179
207,165,179
207,166,179
207,167,179
207,168,179
207,169,179
207,170,179
208,171,179
208,172,179
208,173,179
208,174,179
208,175,179
208,176,179
208,177,179
208,178,179
208,179,179
208,180,179
208,181,179
208,182,179
208,183,179
208,184,179
208,185,179
208,186,179
208,187,179
208,188,179
208,189,179
208,190,179
208,191,179
208,192,179
208,193,179
208,194,179
208,195,179
208,196,179
208,197,179
208,198,179
208,199,179
208,200,179
208,201,179
208,202,179
208,203,179
208,204,179
208,205,179
208,206,179
208,207,179
208,208,179
209,209,179
209,210,179
209,211,179
209,212,179
209,213,179
209,214,179
209,215,179
209,216,179
209,217,179
209,218,179
209,219,179
209,220,179
209,221,179
209,222,179
209,223,179
209,224,179
209,225,179
209,226,179
209,227,179
209,228,179
209,229,179
209,230,179
209,231,179
209,232,179
209,233,179
209,234,179
209,235,179
209,236,179
209,237,179
209,238,179
209,239,179
209,0,180
209,1,180
209,2,180
209,3,180
209,4,180
209,5,180
209,6,180
210,7,180
210,8,180
210,9,180
210,10,180
210,11,180
210,12,180
210,13,180
210,14,180
210,15,180
210,16,180
210,17,180
210,18,180
210,19,180
210,20,180
210,21,180
210,22,180
210,23,180
210,24,180
210,25,180
210,26,180
210,27,180
210,28,180
210,29,180
210,30,180
210,31,180
210,32,180
210,33,180
210,34,180
210,35,180
210,36,180
210,37,180
210,38,180
210,39,180
210,40,180
210,41,180
210,42,180
210,43,180
210,44,180
210,45,180
210,46,180
210,47,180
210,48,180
210,49,180
211,50,180
211,51,180
211,52,180
211,53,180
211,54,180
211,55,180
211,56,180
211,57,180
211,58,180
211,59,180
211,60,180
211,61,180
211,62,180
211,63,180
211,64,180
211,65,180
211,66,180
211,67,180
211,68,180
211,69,180
211,70,180
211,71,180
211,72,180
211,73,180
211,74,180
211,75,180
211,76,180
211,77,180
211,78,180
211,79,180
211,80,180
211,81,180
211,82,180
211,83,180
211,84,180
211,85,180
211,86,180
211,87,180
211,88,180
211,89,180
211,90,180
211,91,180
211,92,180
212,93,180
212,94,180
212,95,180
212,96,180
212,97,180
212,98,180
212,99,180
212,100,180
212,101,180
212,102,180
212,103,180
212,104,180
212,105,180
212,106,180
212,107,180
212,108,180
212,109,180
212,110,180
212,111,180
212,112,180
212,113,180
212,114,180
212,115,180
212,116,180
212,117,180
212,118,180
212,119,180
212,120,180
212,121,180
212,122,180
212,123,180
212,124,180
212,125,180
212,126,180
212,127,180
212,128,180
212,129,180
212,130,180
212,131,180
212,132,180
212,133,180
212,134,180
213,135,180
213,136,180
213,137,180
213,138,180
213,139,180
213,140,180
213,141,180
213,142,180
213,143,180
213,144,180
213,145,180
213,146,180
213,147,180
213,148,180
213,149,180
213,150,180
213,151,180
213,152,180
213,153,180
213,154,180
213,155,180
213,156,180
213,157,180
213,158,180
213,159,180
213,160,180
213,161,180
213,162,180
213,163,180
213,164,180
213,165,180
213,166,180
213,167,180
213,168,180
213,169,180
213,170,180
213,171,180
213,172,180
213,173,180
213,174,180
213,175,180
213,176,180
214,177,180
214,178,180
214,179,180
214,180,180
214,181,180
214,182,180
214,183,180
214,184,180
214,185,180
214,186,180
214,187,180
214,188,180
214,189,180
214,190,180
214,191,180
214,192,180
214,193,180
214,194,180
214,195,180
214,196,180
214,197,180
214,198,180
214,199,180
214,200,180
214,201,180
214,202,180
214,203,180
214,204,180
214,205,180
214,206,180
214,207,180
214,208,180
214,209,180
214,210,180
214,211,180
214,212,180
214,213,180
214,214,180
214,215,180
214,216,180
214,217,180
214,218,180
215,219,180
215,220,180
215,221,180
215,222,180
215,223,180
215,224,180
215,225,180
215,226,180
215,227,180
215,228,180
215,229,180
215,230,180
215,231,180
215,232,180
215,233,180
215,234,180
215,235,180
215,236,180
215,237,180
215,238,180
215,239,180
215,0,181
215,1,181
215,2,181
215,3,181
215,4,181
215,5,181
215,6,181
215,7,181
215,8,181
215,9,181
215,10,181
215,11,181
215,12,181
215,13,181
215,14,181
215,15,181
215,16,181
215,17,181
215,18,181
215,19,181
215,20,181
215,21,181
216,22,181
216,23,181
216,24,181
216,25,181
216,26,181
216,27,181
216,28,181
216,29,181
216,30,181
216,31,181
216,32,181
216,33,181
216,34,181
216,35,181
216,36,181
216,37,181
216,38,181
216,39,181
216,40,181
216,41,181
216,42,181
216,43,181
216,44,181
216,45,181
216,46,181
216,47,181
216,48,181
216,49,181
216,50,181
216,51,181
216,52,181
216,53,181
216,54,181
216,55,181
216,56,181
216,57,181
216,58,181
216,59,181
216,60,181
216,61,181
216,62,181
216,63,181
217,64,181
217,65,181
217,66,181
217,67,181
217,68,181
217,69,181
217,70,181
217,71,181
217,72,181
217,73,181
217,74,181
217,75,181
217,76,181
217,77,181
217,78,181
217,79,181
217,80,181
217,81,181
217,82,181
217,83,181
217,84,181
217,85,181
217,86,181
217,87,181
217,88,181
217,89,181
217,90,181
217,91,181
217,92,181
217,93,181
217,94,181
217,95,181
217,96,181
217,97,181
217,98,181
217,99,181
217,100,181
217,101,181
217,102,181
217,103,181
217,104,181
217,105,181
217,106,181
218,107,181
218,108,181
218,109,181
218,110,181
218,111,181
218,112,181
218,113,181
218,114,181
218,115,181
218,116,181
218,117,181
218,118,181
218,119,181
218,120,181
218,121,181
218,122,181
218,123,181
218,124,181
218,125,181
218,126,181
218,127,181
218,128,181
218,129,181
218,130,181
218,131,181
218,132,181
218,133,181
218,134,181
218,135,181
218,136,181
218,137,181
218,138,181
218,139,181
218,140,181
218,141,181
218,142,181
218,143,181
218,144,181
218,145,181
218,146,181
219,147,181
219,148,181
219,149,181
219,150,181
219,151,181
219,152,181
219,153,181
219,154,181
219,155,181
219,156,181
219,157,181
219,158,181
219,159,181
219,160,181
219,161,181
219,162,181
219,163,181
219,164,181
219,165,181
219,166,181
219,167,181
219,168,181
219,169,181
219,170,181
219,171,181
219,172,181
219,173,181
219,174,181
219,175,181
219,176,181
219,177,181
219,178,181
219,179,181
219,180,181
219,181,181
219,182,181
219,183,181
220,184,181
220,185,181
220,186,181
220,187,181
220,188,181
220,189,181
220,190,181
220,191,181
220,192,181
220,193,181
220,194,181
220,195,181
220,196,181
220,197,181
220,198,181
220,199,181
220,200,181
220,201,181
220,202,181
220,203,181
220,204,181
220,205,181
220,206,181
220,207,181
220,208,181
220,209,181
220,210,181
220,211,181
220,212,181
220,213,181
220,214,181
220,215,181
220,216,181
220,217,181
220,218,181
220,219,181
220,220,181
220,221,181
220,222,181
221,223,181
221,224,181
221,225,181
221,226,181
221,227,181
221,228,181
221,229,181
221,230,181
221,231,181
221,232,181
221,233,181
221,234,181
221,235,181
221,236,181
221,237,181
221,238,181
221,239,181
221,0,182
221,1,182
221,2,182
221,3,182
221,4,182
221,5,182
221,6,182
221,7,182
221,8,182
221,9,182
221,10,182
221,11,182
221,12,182
221,13,182
221,14,182
221,15,182
221,16,182
221,17,182
221,18,182
221,19,182
221,20,182
221,21,182
221,22,182
221,23,182
222,24,182
222,25,182
222,26,182
222,27,182
222,28,182
222,29,182
222,30,182
222,31,182
222,32,182
222,33,182
222,34,182
222,35,182
222,36,182
222,37,182
222,38,182
222,39,182
222,40,182
222,41,182
222,42,182
222,43,182
222,44,182
222,45,182
222,46,182
222,47,182
222,48,182
222,49,182
222,50,182
222,51,182
222,52,182
222,53,182
222,54,182
222,55,182
222,56,182
222,57,182
222,58,182
222,59,182
222,60,182
222,61,182
222,62,182
222,63,182
222,64,182
222,65,182
222,66,182
223,67,182
223,68,182
223,69,182
223,70,182
223,71,182
223,72,182
223,73,182
223,74,182
223,75,182
223,76,182
223,77,182
223,78,182
223,79,182
223,80,182
223,81,182
223,82,182
223,83,182
223,84,182
223,85,182
223,86,182
223,87,182
223,88,182
223,89,182
223,90,182
223,91,182
223,92,182
223,93,182
223,94,182
223,95,182
223,96,182
223,97,182
223,98,182
223,99,182
223,100,182
223,101,182
223,102,182
223,103,182
223,104,182
223,105,182
223,106,182
223,107,182
223,108,182
223,109,182
224,110,182
224,111,182
224,112,182
224,113,182
224,114,182
224,115,182
224,116,182
224,117,182
224,118,182
224,119,182
224,120,182
224,121,182
224,122,182
224,123,182
224,124,182
224,125,182
224,126,182
224,127,182
224,128,182
224,129,182
224,130,182
224,131,182
224,132,182
224,133,182
224,134,182
224,135,182
224,136,182
224,137,182
224,138,182
224,139,182
224,140,182
224,141,182
224,142,182
224,143,182
224,144,182
224,145,182
224,146,182
224,147,182
225,148,182
225,149,182
225,150,182
225,151,182
225,152,182
225,153,182
225,154,182
225,155,182
225,156,182
225,157,182
225,158,182
225,159,182
225,160,182
225,161,182
225,162,182
225,163,182
225,164,182
225,165,182
225,166,182
225,167,182
225,168,182
225,169,182
225,170,182
225,171,182
225,172,182
225,173,182
225,174,182
225,175,182
225,176,182
225,177,182
225,178,182
225,179,182
225,180,182
225,181,182
225,182,182
225,183,182
225,184,182
225,185,182
225,186,182
225,187,182
225,188,182
225,189,182
225,190,182
226,191,182
226,192,182
226,193,182
226,194,182
226,195,182
226,196,182
226,197,182
226,198,182
226,199,182
226,200,182
226,201,182
226,202,182
226,203,182
226,204,182
226,205,182
226,206,182
226,207,182
226,208,182
226,209,182
226,210,182
226,211,182
226,212,182
226,213,182
226,214,182
226,215,182
226,216,182
226,217,182
226,218,182
226,219,182
226,220,182
226,221,182
226,222,182
226,223,182
226,224,182
226,225,182
226,226,182
226,227,182
226,228,182
226,229,182
226,230,182
226,231,182
226,232,182
226,233,182
227,234,182
227,235,182
227,236,182
227,237,182
227,238,182
227,239,182
227,0,183
227,1,183
227,2,183
227,3,183
227,4,183
227,5,183
227,6,183
227,7,183
227,8,183
227,9,183
227,10,183
227,11,183
227,12,183
227,13,183
227,14,183
227,15,183
227,16,183
227,17,183
227,18,183
227,19,183
227,20,183
227,21,183
227,22,183
227,23,183
227,24,183
227,25,183
227,26,183
227,27,183
227,28,183
227,29,183
227,30,183
227,31,183
227,32,183
227,33,183
227,34,183
227,35,183
228,36,183
228,37,183
228,38,183
228,39,183
228,40,183
228,41,183
228,42,183
228,43,183
228,44,183
228,45,183
228,46,183
228,47,183
228,48,183
228,49,183
228,50,183
228,51,183
228,52,183
228,53,183
228,54,183
228,55,183
228,56,183
228,57,183
228,58,183
228,59,183
228,60,183
228,61,183
228,62,183
228,63,183
228,64,183
228,65,183
228,66,183
228,67,183
228,68,183
228,69,183
228,70,183
228,71,183
228,72,183
228,73,183
228,74,183
228,75,183
229,76,183
229,77,183
229,78,183
229,79,183
229,80,183
229,81,183
229,82,183
229,83,183
229,84,183
229,85,183
229,86,183
229,87,183
229,88,183
229,89,183
229,90,183
229,91,183
229,92,183
229,93,183
229,94,183
229,95,183
229,96,183
229,97,183
229,98,183
229,99,183
229,100,183
229,101,183
229,102,183
229,103,183
229,104,183
229,105,183
229,106,183
229,107,183
229,108,183
229,109,183
229,110,183
229,111,183
229,112,183
229,113,183
229,114,183
229,115,183
230,116,183
230,117,183
230,118,183
230,119,183
230,120,183
230,121,183
230,122,183
230,123,183
230,124,183
230,125,183
230,126,183
230,127,183
230,128,183
230,129,183
230,130,183
230,131,183
230,132,183
230,133,183
230,134,183
230,135,183
230,136,183
230,137,183
230,138,183
230,139,183
230,140,183
230,141,183
230,142,183
230,143,183
230,144,183
230,145,183
230,146,183
230,147,183
230,148,183
230,149,183
230,150,183
230,151,183
230,152,183
230,153,183
230,154,183
230,155,183
231,156,183
231,157,183
231,158,183
231,159,183
231,160,183
231,161,183
231,162,183
231,163,183
231,164,183
231,165,183
231,166,183
231,167,183
231,168,183
231,169,183
231,170,183
231,171,183
231,172,183
231,173,183
231,174,183
231,175,183
231,176,183
231,177,183
231,178,183
231,179,183
231,180,183
231,181,183
231,182,183
231,183,183
231,184,183
231,185,183
231,186,183
231,187,183
231,188,183
231,189,183
231,190,183
231,191,183
231,192,183
231,193,183
231,194,183
231,195,183
231,196,183
231,197,183
231,198,183
232,199,183
232,200,183
232,201,183
232,202,183
232,203,183
232,204,183
232,205,183
232,206,183
232,207,183
232,208,183
232,209,183
232,210,183
232,211,183
232,212,183
232,213,183
232,214,183
232,215,183
232,216,183
232,217,183
232,218,183
232,219,183
232,220,183
232,221,183
232,222,183
232,223,183
232,224,183
232,225,183
232,226,183
232,227,183
232,228,183
232,229,183
232,230,183
232,231,183
232,232,183
232,233,183
232,234,183
232,235,183
232,236,183
232,237,183
232,238,183
232,239,183
232,0,184
233,1,184
233,2,184
233,3,184
233,4,184
233,5,184
233,6,184
233,7,184
233,8,184
233,9,184
233,10,184
233,11,184
233,12,184
233,13,184
233,14,184
233,15,184
233,16,184
233,17,184
233,18,184
233,19,184
233,20,184
233,21,184
233,22,184
233,23,184
233,24,184
233,25,184
233,26,184
233,27,184
233,28,184
233,29,184
233,30,184
233,31,184
233,32,184
233,33,184
233,34,184
233,35,184
233,36,184
233,37,184
233,38,184
233,39,184
233,40,184
233,41,184
233,42,184
233,43,184
233,44,184
234,45,184
234,46,184
234,47,184
234,48,184
234,49,184
234,50,184
234,51,184
234,52,184
234,53,184
234,54,184
234,55,184
234,56,184
234,57,184
234,58,184
234,59,184
234,60,184
234,61,184
234,62,184
234,63,184
234,64,184
234,65,184
234,66,184
234,67,184
234,68,184
234,69,184
234,70,184
234,71,184
234,72,184
234,73,184
234,74,184
234,75,184
234,76,184
234,77,184
234,78,184
234,79,184
234,80,184
234,81,184
234,82,184
234,83,184
234,84,184
234,85,184
234,86,184
235,87,184
235,88,184
235,89,184
235,90,184
235,91,184
235,92,184
235,93,184
235,94,184
235,95,184
235,96,184
235,97,184
235,98,184
235,99,184
235,100,184
235,101,184
235,102,184
235,103,184
235,104,184
235,105,184
235,106,184
235,107,184
235,108,184
235,109,184
235,110,184
235,111,184
235,112,184
235,113,184
235,114,184
235,115,184
235,116,184
235,117,184
235,118,184
235,119,184
235,120,184
235,121,184
235,122,184
235,123,184
235,124,184
235,125,184
235,126,184
235,127,184
235,128,184
235,129,184
236,130,184
236,131,184
236,132,184
236,133,184
236,134,184
236,135,184
236,136,184
236,137,184
236,138,184
236,139,184
236,140,184
236,141,184
236,142,184
236,143,184
236,144,184
236,145,184
236,146,184
236,147,184
236,148,184
236,149,184
236,150,184
236,151,184
236,152,184
236,153,184
237,154,184
237,155,184
237,156,184
237,157,184
237,158,184
237,159,184
237,160,184
237,161,184
237,162,184
237,163,184
237,164,184
237,165,184
237,166,184
237,167,184
237,168,184
237,169,184
237,170,184
237,171,184
237,172,184
237,173,184
237,174,184
237,175,184
237,176,184
237,177,184
237,178,184
237,179,184
237,180,184
237,181,184
237,182,184
237,183,184
237,184,184
237,185,184
237,186,184
237,187,184
237,188,184
237,189,184
237,190,184
237,191,184
237,192,184
237,193,184
238,194,184
238,195,184
238,196,184
238,197,184
238,198,184
238,199,184
238,200,184
238,201,184
238,202,184
238,203,184
238,204,184
238,205,184
238,206,184
238,207,184
238,208,184
238,209,184
238,210,184
238,211,184
238,212,184
238,213,184
238,214,184
238,215,184
238,216,184
238,217,184
238,218,184
238,219,184
238,220,184
238,221,184
238,222,184
238,223,184
238,224,184
238,225,184
238,226,184
238,227,184
239,228,184
239,229,184
239,230,184
239,231,184
239,232,184
239,233,184
239,234,184
239,235,184
239,236,184
239,237,184
239,238,184
239,239,184
239,0,185
239,1,185
239,2,185
239,3,185
239,4,185
239,5,185
239,6,185
239,7,185
239,8,185
239,9,185
239,10,185
239,11,185
239,12,185
239,13,185
239,14,185
239,15,185
239,16,185
239,17,185
239,18,185
239,19,185
239,20,185
240,21,185
240,22,185
240,23,185
240,24,185
240,25,185
240,26,185
240,27,185
240,28,185
240,29,185
240,30,185
240,31,185
240,32,185
240,33,185
240,34,185
240,35,185
240,36,185
240,37,185
240,38,185
240,39,185
240,40,185
240,41,185
240,42,185
240,43,185
240,44,185
240,45,185
240,46,185
240,47,185
240,48,185
240,49,185
240,50,185
240,51,185
240,52,185
240,53,185
240,54,185
240,55,185
240,56,185
240,57,185
240,58,185
241,59,185
241,60,185
241,61,185
241,62,185
241,63,185
241,64,185
241,65,185
241,66,185
241,67,185
241,68,185
241,69,185
241,70,185
241,71,185
241,72,185
241,73,185
241,74,185
241,75,185
241,76,185
241,77,185
241,78,185
241,79,185
241,80,185
241,81,185
241,82,185
241,83,185
241,84,185
241,85,185
241,86,185
241,87,185
241,88,185
241,89,185
241,90,185
241,91,185
241,92,185
241,93,185
241,94,185
241,95,185
241,96,185
241,97,185
242,98,185
242,99,185
242,100,185
242,101,185
242,102,185
242,103,185
242,104,185
242,105,185
242,106,185
242,107,185
242,108,185
242,109,185
242,110,185
242,111,185
242,112,185
242,113,185
242,114,185
242,115,185
242,116,185
242,117,185
242,118,185
242,119,185
242,120,185
242,121,185
242,122,185
242,123,185
242,124,185
242,125,185
242,126,185
242,127,185
242,128,185
242,129,185
242,130,185
242,131,185
242,132,185
242,133,185
242,134,185
242,135,185
242,136,185
243,137,185
243,138,185
243,139,185
243,140,185
243,141,185
243,142,185
243,143,185
243,144,185
243,145,185
243,146,185
243,147,185
243,148,185
243,149,185
243,150,185
243,151,185
243,152,185
243,153,185
243,154,185
243,155,185
243,156,185
243,157,185
243,158,185
243,159,185
243,160,185
243,161,185
243,162,185
243,163,185
243,164,185
243,165,185
243,166,185
243,167,185
243,168,185
243,169,185
243,170,185
243,171,185
243,172,185
243,173,185
243,174,185
243,175,185
243,176,185
244,177,185
244,178,185
244,179,185
244,180,185
244,181,185
244,182,185
244,183,185
244,184,185
244,185,185
244,186,185
244,187,185
244,188,185
244,189,185
244,190,185
244,191,185
244,192,185
244,193,185
244,194,185
244,195,185
244,196,185
244,197,185
244,198,185
244,199,185
244,200,185
244,201,185
244,202,185
244,203,185
244,204,185
244,205,185
244,206,185
244,207,185
244,208,185
244,209,185
244,210,185
244,211,185
244,212,185
244,213,185
244,214,185
244,215,185
244,216,185
245,217,185
245,218,185
245,219,185
245,220,185
245,221,185
245,222,185
245,223,185
245,224,185
245,225,185
245,226,185
245,227,185
245,228,185
245,229,185
245,230,185
245,231,185
245,232,185
245,233,185
245,234,185
245,235,185
245,236,185
245,237,185
245,238,185
245,239,185
245,0,186
245,1,186
245,2,186
245,3,186
245,4,186
245,5,186
245,6,186
245,7,186
245,8,186
245,9,186
245,10,186
245,11,186
245,12,186
245,13,186
245,14,186
245,15,186
245,16,186
246,17,186
246,18,186
246,19,186
246,20,186
246,21,186
246,22,186
246,23,186
246,24,186
246,25,186
246,26,186
246,27,186
246,28,186
246,29,186
246,30,186
246,31,186
246,32,186
246,33,186
246,34,186
246,35,186
246,36,186
246,37,186
246,38,186
246,39,186
246,40,186
246,41,186
246,42,186
246,43,186
246,44,186
246,45,186
246,46,186
246,47,186
246,48,186
246,49,186
246,50,186
246,51,186
246,52,186
246,53,186
246,54,186
246,55,186
246,56,186
246,57,186
247,58,186
247,59,186
247,60,186
247,61,186
247,62,186
247,63,186
247,64,186
247,65,186
247,66,186
247,67,186
247,68,186
247,69,186
247,70,186
247,71,186
247,72,186
247,73,186
247,74,186
247,75,186
247,76,186
247,77,186
247,78,186
247,79,186
247,80,186
247,81,186
247,82,186
247,83,186
247,84,186
247,85,186
247,86,186
247,87,186
247,88,186
247,89,186
247,90,186
247,91,186
247,92,186
247,93,186
247,94,186
247,95,186
247,96,186
247,97,186
247,98,186
247,99,186
248,100,186
248,101,186
248,102,186
248,103,186
248,104,186
248,105,186
248,106,186
248,107,186
248,108,186
248,109,186
248,110,186
248,111,186
248,112,186
248,113,186
248,114,186
248,115,186
248,116,186
248,117,186
248,118,186
248,119,186
248,120,186
248,121,186
248,122,186
248,123,186
248,124,186
248,125,186
248,126,186
248,127,186
248,128,186
248,129,186
248,130,186
248,131,186
248,132,186
248,133,186
248,134,186
248,135,186
248,136,186
248,137,186
248,138,186
249,139,186
249,140,186
249,141,186
249,142,186
249,143,186
249,144,186
249,145,186
249,146,186
249,147,186
249,148,186
249,149,186
249,150,186
249,151,186
249,152,186
249,153,186
249,154,186
249,155,186
249,156,186
249,157,186
249,158,186
249,159,186
249,160,186
249,161,186
249,162,186
249,163,186
249,164,186
249,165,186
249,166,186
249,167,186
249,168,186
249,169,186
249,170,186
249,171,186
249,172,186
249,173,186
249,174,186
249,175,186
249,176,186
249,177,186
250,178,186
250,179,186
250,180,186
250,181,186
250,182,186
250,183,186
250,184,186
250,185,186
250,186,186
250,187,186
250,188,186
250,189,186
250,190,186
250,191,186
250,192,186
250,193,186
250,194,186
250,195,186
250,196,186
250,197,186
250,198,186
250,199,186
250,200,186
250,201,186
250,202,186
250,203,186
250,204,186
250,205,186
250,206,186
250,207,186
250,208,186
250,209,186
250,210,186
250,211,186
250,212,186
250,213,186
250,214,186
250,215,186
250,216,186
250,217,186
250,218,186
250,219,186
250,220,186
251,221,186
251,222,186
251,223,186
251,224,186
251,225,186
251,226,186
251,227,186
251,228,186
251,229,186
251,230,186
251,231,186
251,232,186
251,233,186
251,234,186
251,235,186
251,236,186
251,237,186
251,238,186
251,239,186
251,0,187
251,1,187
251,2,187
251,3,187
251,4,187
251,5,187
251,6,187
251,7,187
251,8,187
251,9,187
251,10,187
251,11,187
251,12,187
251,13,187
251,14,187
251,15,187
251,16,187
251,17,187
251,18,187
251,19,187
251,20,187
251,21,187
252,22,187
252,23,187
252,24,187
252,25,187
252,26,187
252,27,187
252,28,187
252,29,187
252,30,187
252,31,187
252,32,187
252,33,187
252,34,187
252,35,187
252,36,187
252,37,187
252,38,187
252,39,187
252,40,187
252,41,187
252,42,187
252,43,187
252,44,187
252,45,187
252,46,187
252,47,187
252,48,187
252,49,187
252,50,187
252,51,187
252,52,187
252,53,187
252,54,187
252,55,187
252,56,187
252,57,187
252,58,187
252,59,187
252,60,187
252,61,187
253,62,187
253,63,187
253,64,187
253,65,187
253,66,187
253,67,187
253,68,187
253,69,187
253,70,187
253,71,187
253,72,187
253,73,187
253,74,187
253,75,187
253,76,187
253,77,187
253,78,187
253,79,187
253,80,187
253,81,187
253,82,187
253,83,187
253,84,187
253,85,187
253,86,187
253,87,187
253,88,187
253,89,187
253,90,187
253,91,187
253,92,187
253,93,187
253,94,187
253,95,187
253,96,187
253,97,187
253,98,187
253,99,187
253,100,187
253,101,187
253,102,187
253,103,187
253,104,187
254,105,187
254,106,187
254,107,187
254,108,187
254,109,187
254,110,187
254,111,187
254,112,187
254,113,187
254,114,187
254,115,187
254,116,187
254,117,187
254,118,187
254,119,187
254,120,187
254,121,187
254,122,187
254,123,187
254,124,187
254,125,187
254,126,187
254,127,187
254,128,187
254,129,187
254,130,187
254,131,187
254,132,187
254,133,187
254,134,187
254,135,187
254,136,187
254,137,187
254,138,187
254,139,187
254,140,187
254,141,187
254,142,187
254,143,187
254,144,187
254,145,187
254,146,187
254,147,187
255,148,187
255,149,187
255,150,187
255,151,187
255,152,187
255,153,187
255,154,187
255,155,187
255,156,187
255,157,187
255,158,187
255,159,187
255,160,187
255,161,187
255,162,187
255,163,187
255,164,187
255,165,187
255,166,187
255,167,187
255,168,187
255,169,187
255,170,187
255,171,187
255,172,187
255,173,187
255,174,187
255,175,187
255,176,187
255,177,187
255,178,187
255,179,187
255,180,187
255,181,187
255,182,187
255,183,187
255,184,187
255,185,187
255,186,187
255,187,187
255,188,187
255,189,187
255,190,187
256,191,187
256,192,187
256,193,187
256,194,187
256,195,187
256,196,187
256,197,187
256,198,187
256,199,187
256,200,187
256,201,187
256,202,187
256,203,187
256,204,187
256,205,187
256,206,187
256,207,187
256,208,187
256,209,187
256,210,187
256,211,187
256,212,187
256,213,187
256,214,187
256,215,187
256,216,187
256,217,187
256,218,187
256,219,187
256,220,187
256,221,187
256,222,187
256,223,187
256,224,187
256,225,187
256,226,187
256,227,187
256,228,187
256,229,187
256,230,187
256,231,187
257,232,187
257,233,187
257,234,187
257,235,187
257,236,187
257,237,187
257,238,187
257,239,187
257,0,188
257,1,188
257,2,188
257,3,188
257,4,188
257,5,188
257,6,188
257,7,188
257,8,188
257,9,188
257,10,188
257,11,188
257,12,188
257,13,188
257,14,188
257,15,188
257,16,188
257,17,188
257,18,188
257,19,188
257,20,188
257,21,188
257,22,188
257,23,188
257,24,188
257,25,188
257,26,188
257,27,188
257,28,188
257,29,188
257,30,188
257,31,188
257,32,188
258,33,188
258,34,188
258,35,188
258,36,188
258,37,188
258,38,188
258,39,188
258,40,188
258,41,188
258,42,188
258,43,188
258,44,188
258,45,188
258,46,188
258,47,188
258,48,188
258,49,188
258,50,188
258,51,188
258,52,188
258,53,188
258,54,188
258,55,188
258,56,188
258,57,188
258,58,188
258,59,188
258,60,188
258,61,188
258,62,188
258,63,188
258,64,188
258,65,188
258,66,188
258,67,188
258,68,188
258,69,188
258,70,188
258,71,188
258,72,188
258,73,188
259,74,188
259,75,188
259,76,188
259,77,188
259,78,188
259,79,188
259,80,188
259,81,188
259,82,188
259,83,188
259,84,188
259,85,188
259,86,188
259,87,188
259,88,188
259,89,188
259,90,188
259,91,188
259,92,188
259,93,188
259,94,188
259,95,188
259,96,188
259,97,188
259,98,188
259,99,188
259,100,188
259,101,188
259,102,188
259,103,188
259,104,188
259,105,188
259,106,188
259,107,188
259,108,188
260,109,188
260,110,188
260,111,188
260,112,188
260,113,188
260,114,188
260,115,188
260,116,188
260,117,188
260,118,188
260,119,188
260,120,188
260,121,188
260,122,188
260,123,188
260,124,188
260,125,188
260,126,188
260,127,188
260,128,188
260,129,188
260,130,188
260,131,188
260,132,188
260,133,188
260,134,188
260,135,188
260,136,188
260,137,188
260,138,188
260,139,188
260,140,188
260,141,188
260,142,188
260,143,188
260,144,188
260,145,188
260,146,188
260,147,188
261,148,188
261,149,188
261,150,188
261,151,188
261,152,188
261,153,188
261,154,188
261,155,188
261,156,188
261,157,188
261,158,188
261,159,188
261,160,188
261,161,188
261,162,188
261,163,188
261,164,188
261,165,188
261,166,188
261,167,188
261,168,188
261,169,188
261,170,188
261,171,188
261,172,188
261,173,188
261,174,188
261,175,188
261,176,188
261,177,188
261,178,188
261,179,188
261,180,188
261,181,188
261,182,188
261,183,188
261,184,188
261,185,188
261,186,188
261,187,188
261,188,188
261,189,188
261,190,188
262,191,188
262,192,188
262,193,188
262,194,188
262,195,188
262,196,188
262,197,188
262,198,188
262,199,188
262,200,188
262,201,188
262,202,188
262,203,188
262,204,188
262,205,188
262,206,188
262,207,188
262,208,188
262,209,188
262,210,188
262,211,188
262,212,188
262,213,188
262,214,188
262,215,188
262,216,188
262,217,188
262,218,188
262,219,188
262,220,188
262,221,188
262,222,188
262,223,188
262,224,188
262,225,188
262,226,188
262,227,188
262,228,188
262,229,188
262,230,188
262,231,188
262,232,188
262,233,188
263,234,188
263,235,188
263,236,188
263,237,188
263,238,188
263,239,188
263,0,189
263,1,189
263,2,189
263,3,189
263,4,189
263,5,189
263,6,189
263,7,189
263,8,189
263,9,189
263,10,189
263,11,189
263,12,189
263,13,189
263,14,189
263,15,189
263,16,189
263,17,189
263,18,189
263,19,189
263,20,189
263,21,189
263,22,189
263,23,189
263,24,189
263,25,189
263,26,189
263,27,189
263,28,189
263,29,189
263,30,189
263,31,189
263,32,189
263,33,189
263,34,189
263,35,189
263,36,189
264,37,189
264,38,189
264,39,189
264,40,189
264,41,189
264,42,189
264,43,189
264,44,189
264,45,189
264,46,189
264,47,189
264,48,189
264,49,189
264,50,189
264,51,189
264,52,189
264,53,189
264,54,189
264,55,189
264,56,189
264,57,189
264,58,189
264,59,189
264,60,189
264,61,189
264,62,189
264,63,189
264,64,189
264,65,189
264,66,189
264,67,189
264,68,189
264,69,189
264,70,189
264,71,189
264,72,189
264,73,189
264,74,189
264,75,189
264,76,189
264,77,189
264,78,189
264,79,189
265,80,189
265,81,189
265,82,189
265,83,189
265,84,189
265,85,189
265,86,189
265,87,189
265,88,189
265,89,189
265,90,189
265,91,189
265,92,189
265,93,189
265,94,189
265,95,189
265,96,189
265,97,189
265,98,189
265,99,189
265,100,189
265,101,189
265,102,189
265,103,189
265,104,189
265,105,189
265,106,189
265,107,189
265,108,189
265,109,189
265,110,189
265,111,189
265,112,189
265,113,189
265,114,189
265,115,189
265,116,189
265,117,189
265,118,189
265,119,189
266,120,189
266,121,189
266,122,189
266,123,189
266,124,189
266,125,189
266,126,189
266,127,189
266,128,189
266,129,189
266,130,189
266,131,189
266,132,189
266,133,189
266,134,189
266,135,189
266,136,189
266,137,189
266,138,189
266,139,189
266,140,189
266,141,189
266,142,189
266,143,189
266,144,189
266,145,189
266,146,189
266,147,189
266,148,189
266,149,189
266,150,189
266,151,189
266,152,189
266,153,189
266,154,189
266,155,189
266,156,189
266,157,189
266,158,189
266,159,189
266,160,189
266,161,189
267,162,189
267,163,189
267,164,189
267,165,189
267,166,189
267,167,189
267,168,189
267,169,189
267,170,189
267,171,189
267,172,189
267,173,189
267,174,189
267,175,189
267,176,189
267,177,189
267,178,189
267,179,189
267,180,189
267,181,189
268,182,189
268,183,189
268,184,189
268,185,189
268,186,189
268,187,189
268,188,189
268,189,189
268,190,189
268,191,189
268,192,189
268,193,189
268,194,189
268,195,189
268,196,189
268,197,189
268,198,189
268,199,189
268,200,189
268,201,189
268,202,189
268,203,189
268,204,189
268,205,189
268,206,189
268,207,189
269,208,189
269,209,189
269,210,189
269,211,189
269,212,189
269,213,189
269,214,189
269,215,189
269,216,189
269,217,189
269,218,189
269,219,189
269,220,189
269,221,189
269,222,189
269,223,189
269,224,189
269,225,189
269,226,189
269,227,189
269,228,189
269,229,189
269,230,189
269,231,189
269,232,189
269,233,189
269,234,189
269,235,189
269,236,189
269,237,189
269,238,189
269,239,189
270,0,190
270,1,190
270,2,190
270,3,190
270,4,190
270,5,190
270,6,190
270,7,190
270,8,190
270,9,190
270,10,190
270,11,190
270,12,190
270,13,190
270,14,190
270,15,190
270,16,190
270,17,190
270,18,190
270,19,190
270,20,190
270,21,190
270,22,190
270,23,190
270,24,190
270,25,190
270,26,190
270,27,190
270,28,190
270,29,190
270,30,190
270,31,190
270,32,190
270,33,190
270,34,190
270,35,190
270,36,190
270,37,190
270,38,190
270,39,190
270,40,190
270,41,190
271,42,190
271,43,190
271,44,190
271,45,190
271,46,190
271,47,190
271,48,190
271,49,190
271,50,190
271,51,190
271,52,190
271,53,190
271,54,190
271,55,190
271,56,190
271,57,190
271,58,190
271,59,190
271,60,190
271,61,190
271,62,190
271,63,190
271,64,190
271,65,190
271,66,190
271,67,190
271,68,190
271,69,190
271,70,190
271,71,190
271,72,190
271,73,190
271,74,190
271,75,190
271,76,190
271,77,190
271,78,190
271,79,190
271,80,190
271,81,190
271,82,190
271,83,190
271,84,190
272,85,190
272,86,190
272,87,190
272,88,190
272,89,190
272,90,190
272,91,190
272,92,190
272,93,190
272,94,190
272,95,190
272,96,190
272,97,190
272,98,190
272,99,190
272,100,190
272,101,190
272,102,190
272,103,190
272,104,190
272,105,190
272,106,190
272,107,190
272,108,190
272,109,190
272,110,190
272,111,190
272,112,190
272,113,190
272,114,190
272,115,190
272,116,190
272,117,190
272,118,190
272,119,190
272,120,190
272,121,190
272,122,190
272,123,190
272,124,190
272,125,190
272,126,190
272,127,190
273,128,190
273,129,190
273,130,190
273,131,190
273,132,190
273,133,190
273,134,190
273,135,190
273,136,190
273,137,190
273,138,190
273,139,190
273,140,190
273,141,190
273,142,190
273,143,190
273,144,190
273,145,190
273,146,190
273,147,190
273,148,190
273,149,190
273,150,190
273,151,190
273,152,190
273,153,190
273,154,190
273,155,190
273,156,190
273,157,190
273,158,190
273,159,190
273,160,190
273,161,190
273,162,190
273,163,190
273,164,190
273,165,190
273,166,190
273,167,190
273,168,190
273,169,190
273,170,190
274,171,190
274,172,190
274,173,190
274,174,190
274,175,190
274,176,190
274,177,190
274,178,190
274,179,190
274,180,190
274,181,190
274,182,190
274,183,190
274,184,190
274,185,190
274,186,190
274,187,190
274,188,190
274,189,190
274,190,190
274,191,190
274,192,190
274,193,190
274,194,190
274,195,190
274,196,190
274,197,190
274,198,190
274,199,190
274,200,190
274,201,190
274,202,190
274,203,190
274,204,190
274,205,190
274,206,190
274,207,190
274,208,190
274,209,190
274,210,190
275,211,190
275,212,190
275,213,190
275,214,190
275,215,190
275,216,190
275,217,190
275,218,190
275,219,190
275,220,190
275,221,190
275,222,190
275,223,190
275,224,190
275,225,190
275,226,190
275,227,190
275,228,190
275,229,190
275,230,190
275,231,190
275,232,190
275,233,190
275,234,190
275,235,190
275,236,190
275,237,190
275,238,190
275,239,190
275,0,191
275,1,191
275,2,191
275,3,191
275,4,191
275,5,191
275,6,191
275,7,191
275,8,191
275,9,191
275,10,191
275,11,191
275,12,191
275,13,191
276,14,191
276,15,191
276,16,191
276,17,191
276,18,191
276,19,191
276,20,191
276,21,191
276,22,191
276,23,191
276,24,191
276,25,191
276,26,191
276,27,191
276,28,191
276,29,191
276,30,191
276,31,191
276,32,191
276,33,191
276,34,191
276,35,191
276,36,191
276,37,191
276,38,191
276,39,191
276,40,191
276,41,191
276,42,191
276,43,191
276,44,191
276,45,191
276,46,191
276,47,191
276,48,191
276,49,191
276,50,191
276,51,191
276,52,191
276,53,191
276,54,191
277,55,191
277,56,191
277,57,191
277,58,191
277,59,191
277,60,191
277,61,191
277,62,191
277,63,191
277,64,191
277,65,191
277,66,191
277,67,191
277,68,191
277,69,191
277,70,191
277,71,191
277,72,191
277,73,191
277,74,191
277,75,191
277,76,191
277,77,191
277,78,191
277,79,191
277,80,191
277,81,191
277,82,191
277,83,191
277,84,191
277,85,191
277,86,191
277,87,191
277,88,191
277,89,191
277,90,191
277,91,191
277,92,191
277,93,191
277,94,191
277,95,191
277,96,191
277,97,191
278,98,191
278,99,191
278,100,191
278,101,191
278,102,191
278,103,191
278,104,191
278,105,191
278,106,191
278,107,191
278,108,191
278,109,191
278,110,191
278,111,191
278,112,191
278,113,191
278,114,191
278,115,191
278,116,191
278,117,191
278,118,191
278,119,191
278,120,191
278,121,191
278,122,191
278,123,191
278,124,191
278,125,191
278,126,191
278,127,191
278,128,191
278,129,191
278,130,191
278,131,191
278,132,191
278,133,191
278,134,191
278,135,191
278,136,191
278,137,191
278,138,191
279,139,191
279,140,191
279,141,191
279,142,191
279,143,191
279,144,191
279,145,191
279,146,191
279,147,191
279,148,191
279,149,191
279,150,191
279,151,191
279,152,191
279,153,191
279,154,191
279,155,191
279,156,191
279,157,191
279,158,191
279,159,191
279,160,191
279,161,191
279,162,191
279,163,191
279,164,191
279,165,191
279,166,191
279,167,191
279,168,191
279,169,191
279,170,191
279,171,191
279,172,191
279,173,191
279,174,191
279,175,191
280,176,191
280,177,191
280,178,191
280,179,191
280,180,191
280,181,191
280,182,191
280,183,191
280,184,191
280,185,191
280,186,191
280,187,191
280,188,191
280,189,191
280,190,191
280,191,191
280,192,191
280,193,191
280,194,191
280,195,191
280,196,191
280,197,191
280,198,191
280,199,191
280,200,191
280,201,191
280,202,191
280,203,191
280,204,191
280,205,191
280,206,191
280,207,191
280,208,191
280,209,191
280,210,191
280,211,191
280,212,191
280,213,191
280,214,191
281,215,191
281,216,191
281,217,191
281,218,191
281,219,191
281,220,191
281,221,191
281,222,191
281,223,191
281,224,191
281,225,191
281,226,191
281,227,191
281,228,191
281,229,191
281,230,191
281,231,191
281,232,191
281,233,191
281,234,191
281,235,191
281,236,191
281,237,191
281,238,191
281,239,191
281,0,192
281,1,192
281,2,192
281,3,192
281,4,192
281,5,192
281,6,192
281,7,192
281,8,192
281,9,192
281,10,192
281,11,192
281,12,192
281,13,192
281,14,192
281,15,192
281,16,192
281,17,192
282,18,192
282,19,192
282,20,192
282,21,192
282,22,192
282,23,192
282,24,192
282,25,192
282,26,192
282,27,192
282,28,192
282,29,192
282,30,192
282,31,192
282,32,192
282,33,192
282,34,192
282,35,192
282,36,192
282,37,192
282,38,192
282,39,192
282,40,192
282,41,192
282,42,192
282,43,192
282,44,192
282,45,192
282,46,192
282,47,192
282,48,192
282,49,192
282,50,192
282,51,192
282,52,192
282,53,192
282,54,192
282,55,192
283,56,192
283,57,192
283,58,192
283,59,192
283,60,192
283,61,192
283,62,192
283,63,192
283,64,192
283,65,192
283,66,192
283,67,192
283,68,192
283,69,192
283,70,192
283,71,192
283,72,192
283,73,192
283,74,192
283,75,192
283,76,192
283,77,192
283,78,192
283,79,192
283,80,192
283,81,192
283,82,192
283,83,192
283,84,192
283,85,192
283,86,192
283,87,192
283,88,192
284,89,192
284,90,192
284,91,192
284,92,192
284,93,192
284,94,192
284,95,192
284,96,192
284,97,192
284,98,192
284,99,192
284,100,192
284,101,192
284,102,192
284,103,192
284,104,192
284,105,192
284,106,192
284,107,192
284,108,192
284,109,192
284,110,192
284,111,192
284,112,192
284,113,192
284,114,192
284,115,192
284,116,192
284,117,192
284,118,192
284,119,192
284,120,192
284,121,192
284,122,192
284,123,192
284,124,192
284,125,192
284,126,192
284,127,192
284,128,192
284,129,192
284,130,192
284,131,192
285,132,192
285,133,192
285,134,192
285,135,192
285,136,192
285,137,192
285,138,192
285,139,192
285,140,192
285,141,192
285,142,192
285,143,192
285,144,192
285,145,192
285,146,192
285,147,192
285,148,192
285,149,192
285,150,192
285,151,192
285,152,192
285,153,192
285,154,192
285,155,192
285,156,192
285,157,192
285,158,192
285,159,192
285,160,192
285,161,192
285,162,192
285,163,192
285,164,192
285,165,192
285,166,192
285,167,192
285,168,192
285,169,192
285,170,192
285,171,192
285,172,192
285,173,192
286,174,192
286,175,192
286,176,192
286,177,192
286,178,192
286,179,192
286,180,192
286,181,192
286,182,192
286,183,192
286,184,192
286,185,192
286,186,192
286,187,192
286,188,192
286,189,192
286,190,192
286,191,192
286,192,192
286,193,192
286,194,192
286,195,192
286,196,192
286,197,192
286,198,192
286,199,192
286,200,192
286,201,192
286,202,192
286,203,192
286,204,192
286,205,192
286,206,192
286,207,192
286,208,192
286,209,192
286,210,192
286,211,192
286,212,192
286,213,192
286,214,192
287,215,192
287,216,192
287,217,192
287,218,192
287,219,192
287,220,192
287,221,192
287,222,192
287,223,192
287,224,192
287,225,192
287,226,192
287,227,192
287,228,192
287,229,192
287,230,192
287,231,192
287,232,192
287,233,192
287,234,192
287,235,192
287,236,192
287,237,192
287,238,192
287,239,192
287,0,193
287,1,193
287,2,193
287,3,193
287,4,193
287,5,193
287,6,193
287,7,193
287,8,193
287,9,193
287,10,193
287,11,193
287,12,193
287,13,193
287,14,193
287,15,193
287,16,193
287,17,193
288,18,193
288,19,193
288,20,193
288,21,193
288,22,193
288,23,193
288,24,193
288,25,193
288,26,193
288,27,193
288,28,193
288,29,193
288,30,193
288,31,193
288,32,193
288,33,193
288,34,193
288,35,193
288,36,193
288,37,193
288,38,193
288,39,193
288,40,193
288,41,193
288,42,193
288,43,193
288,44,193
288,45,193
288,46,193
288,47,193
288,48,193
288,49,193
288,50,193
288,51,193
288,52,193
288,53,193
288,54,193
288,55,193
288,56,193
288,57,193
288,58,193
289,59,193
289,60,193
289,61,193
289,62,193
289,63,193
289,64,193
289,65,193
289,66,193
289,67,193
289,68,193
289,69,193
289,70,193
289,71,193
289,72,193
289,73,193
289,74,193
289,75,193
289,76,193
289,77,193
289,78,193
289,79,193
289,80,193
289,81,193
289,82,193
289,83,193
289,84,193
289,85,193
289,86,193
289,87,193
289,88,193
289,89,193
289,90,193
289,91,193
289,92,193
289,93,193
289,94,193
289,95,193
289,96,193
290,97,193
290,98,193
290,99,193
290,100,193
290,101,193
290,102,193
290,103,193
290,104,193
290,105,193
290,106,193
290,107,193
290,108,193
290,109,193
290,110,193
290,111,193
290,112,193
290,113,193
290,114,193
290,115,193
290,116,193
290,117,193
290,118,193
290,119,193
290,120,193
290,121,193
290,122,193
290,123,193
290,124,193
290,125,193
290,126,193
290,127,193
290,128,193
290,129,193
290,130,193
290,131,193
290,132,193
290,133,193
290,134,193
290,135,193
290,136,193
290,137,193
290,138,193
290,139,193
290,140,193
291,141,193
291,142,193
291,143,193
291,144,193
291,145,193
291,146,193
291,147,193
291,148,193
291,149,193
291,150,193
291,151,193
291,152,193
291,153,193
291,154,193
291,155,193
291,156,193
291,157,193
291,158,193
291,159,193
291,160,193
291,161,193
291,162,193
291,163,193
291,164,193
291,165,193
291,166,193
291,167,193
291,168,193
291,169,193
291,170,193
291,171,193
291,172,193
291,173,193
291,174,193
291,175,193
291,176,193
291,177,193
291,178,193
291,179,193
291,180,193
291,181,193
291,182,193
292,183,193
292,184,193
292,185,193
292,186,193
292,187,193
292,188,193
292,189,193
292,190,193
292,191,193
292,192,193
292,193,193
292,194,193
292,195,193
292,196,193
292,197,193
292,198,193
292,199,193
292,200,193
292,201,193
292,202,193
292,203,193
292,204,193
292,205,193
292,206,193
292,207,193
292,208,193
292,209,193
292,210,193
292,211,193
292,212,193
292,213,193
292,214,193
292,215,193
292,216,193
292,217,193
292,218,193
292,219,193
292,220,193
292,221,193
292,222,193
292,223,193
293,224,193
293,225,193
293,226,193
293,227,193
293,228,193
293,229,193
293,230,193
293,231,193
293,232,193
293,233,193
293,234,193
293,235,193
293,236,193
293,237,193
293,238,193
293,239,193
293,0,194
293,1,194
293,2,194
293,3,194
293,4,194
293,5,194
293,6,194
293,7,194
293,8,194
293,9,194
293,10,194
293,11,194
293,12,194
293,13,194
293,14,194
293,15,194
293,16,194
293,17,194
293,18,194
293,19,194
293,20,194
293,21,194
293,22,194
293,23,194
293,24,194
293,25,194
294,26,194
294,27,194
294,28,194
294,29,194
294,30,194
294,31,194
294,32,194
294,33,194
294,34,194
294,35,194
294,36,194
294,37,194
294,38,194
294,39,194
294,40,194
294,41,194
294,42,194
294,43,194
294,44,194
294,45,194
294,46,194
294,47,194
294,48,194
294,49,194
294,50,194
294,51,194
294,52,194
294,53,194
294,54,194
294,55,194
294,56,194
294,57,194
294,58,194
294,59,194
294,60,194
294,61,194
294,62,194
294,63,194
294,64,194
294,65,194
294,66,194
294,67,194
294,68,194
295,69,194
295,70,194
295,71,194
295,72,194
295,73,194
295,74,194
295,75,194
295,76,194
295,77,194
295,78,194
295,79,194
295,80,194
295,81,194
295,82,194
295,83,194
295,84,194
295,85,194
295,86,194
295,87,194
295,88,194
295,89,194
295,90,194
295,91,194
295,92,194
295,93,194
295,94,194
295,95,194
295,96,194
295,97,194
295,98,194
295,99,194
295,100,194
295,101,194
295,102,194
295,103,194
295,104,194
295,105,194
295,106,194
295,107,194
295,108,194
295,109,194
296,110,194
296,111,194
296,112,194
296,113,194
296,114,194
296,115,194
296,116,194
296,117,194
296,118,194
296,119,194
296,120,194
296,121,194
296,122,194
296,123,194
296,124,194
296,125,194
296,126,194
296,127,194
296,128,194
296,129,194
296,130,194
296,131,194
296,132,194
296,133,194
296,134,194
296,135,194
296,136,194
296,137,194
296,138,194
296,139,194
296,140,194
296,141,194
296,142,194
296,143,194
296,144,194
296,145,194
296,146,194
296,147,194
296,148,194
296,149,194
296,150,194
296,151,194
297,152,194
297,153,194
297,154,194
297,155,194
297,156,194
297,157,194
297,158,194
297,159,194
297,160,194
297,161,194
297,162,194
297,163,194
297,164,194
297,165,194
297,166,194
297,167,194
297,168,194
297,169,194
297,170,194
297,171,194
297,172,194
297,173,194
297,174,194
297,175,194
297,176,194
297,177,194
297,178,194
297,179,194
297,180,194
297,181,194
297,182,194
297,183,194
297,184,194
297,185,194
297,186,194
297,187,194
297,188,194
297,189,194
297,190,194
297,191,194
297,192,194
297,193,194
297,194,194
298,195,194
298,196,194
298,197,194
298,198,194
298,199,194
298,200,194
298,201,194
298,202,194
298,203,194
298,204,194
298,205,194
298,206,194
298,207,194
298,208,194
298,209,194
298,210,194
298,211,194
298,212,194
298,213,194
298,214,194
298,215,194
298,216,194
298,217,194
298,218,194
298,219,194
298,220,194
298,221,194
298,222,194
298,223,194
298,224,194
298,225,194
298,226,194
298,227,194
298,228,194
298,229,194
298,230,194
298,231,194
299,232,194
299,233,194
299,234,194
299,235,194
299,236,194
299,237,194
299,238,194
299,239,194
299,0,195
299,1,195
299,2,195
299,3,195
299,4,195
299,5,195
299,6,195
299,7,195
299,8,195
299,9,195
299,10,195
299,11,195
299,12,195
299,13,195
299,14,195
299,15,195
299,16,195
299,17,195
299,18,195
299,19,195
299,20,195
299,21,195
299,22,195
299,23,195
299,24,195
299,25,195
299,26,195
300,27,195
300,28,195
300,29,195
300,30,195
300,31,195
300,32,195
300,33,195
300,34,195
300,35,195
300,36,195
300,37,195
300,38,195
300,39,195
300,40,195
300,41,195
300,42,195
300,43,195
300,44,195
300,45,195
300,46,195
300,47,195
300,48,195
300,49,195
300,50,195
300,51,195
300,52,195
300,53,195
300,54,195
300,55,195
300,56,195
300,57,195
300,58,195
300,59,195
300,60,195
300,61,195
300,62,195
301,63,195
301,64,195
301,65,195
301,66,195
301,67,195
301,68,195
301,69,195
301,70,195
301,71,195
301,72,195
301,73,195
301,74,195
301,75,195
301,76,195
301,77,195
301,78,195
301,79,195
301,80,195
301,81,195
301,82,195
301,83,195
301,84,195
301,85,195
301,86,195
301,87,195
301,88,195
301,89,195
301,90,195
301,91,195
301,92,195
301,93,195
301,94,195
301,95,195
301,96,195
301,97,195
301,98,195
301,99,195
301,100,195
301,101,195
301,102,195
301,103,195
301,104,195
301,105,195
302,106,195
302,107,195
302,108,195
302,109,195
302,110,195
302,111,195
302,112,195
302,113,195
302,114,195
302,115,195
302,116,195
302,117,195
302,118,195
302,119,195
302,120,195
302,121,195
302,122,195
302,123,195
302,124,195
302,125,195
302,126,195
302,127,195
302,128,195
302,129,195
302,130,195
302,131,195
302,132,195
302,133,195
302,134,195
302,135,195
302,136,195
302,137,195
302,138,195
302,139,195
302,140,195
302,141,195
302,142,195
302,143,195
302,144,195
302,145,195
302,146,195
302,147,195
302,148,195
303,149,195
303,150,195
303,151,195
303,152,195
303,153,195
303,154,195
303,155,195
303,156,195
303,157,195
303,158,195
303,159,195
303,160,195
303,161,195
303,162,195
303,163,195
303,164,195
303,165,195
303,166,195
303,167,195
303,168,195
303,169,195
303,170,195
303,171,195
303,172,195
303,173,195
303,174,195
303,175,195
303,176,195
303,177,195
303,178,195
303,179,195
303,180,195
303,181,195
303,182,195
303,183,195
303,184,195
303,185,195
303,186,195
303,187,195
303,188,195
303,189,195
303,190,195
304,191,195
304,192,195
304,193,195
304,194,195
304,195,195
304,196,195
304,197,195
304,198,195
304,199,195
304,200,195
304,201,195
304,202,195
304,203,195
304,204,195
304,205,195
304,206,195
304,207,195
304,208,195
304,209,195
304,210,195
304,211,195
304,212,195
304,213,195
304,214,195
304,215,195
304,216,195
304,217,195
304,218,195
304,219,195
304,220,195
304,221,195
304,222,195
304,223,195
304,224,195
304,225,195
304,226,195
304,227,195
304,228,195
304,229,195
304,230,195
304,231,195
304,232,195
304,233,195
305,234,195
305,235,195
305,236,195
305,237,195
305,238,195
305,239,195
305,0,196
305,1,196
305,2,196
305,3,196
305,4,196
305,5,196
305,6,196
305,7,196
305,8,196
305,9,196
305,10,196
305,11,196
305,12,196
305,13,196
305,14,196
305,15,196
305,16,196
305,17,196
305,18,196
305,19,196
305,20,196
305,21,196
305,22,196
305,23,196
305,24,196
305,25,196
305,26,196
305,27,196
305,28,196
305,29,196
305,30,196
305,31,196
305,32,196
305,33,196
305,34,196
306,35,196
306,36,196
306,37,196
306,38,196
306,39,196
306,40,196
306,41,196
306,42,196
306,43,196
306,44,196
306,45,196
306,46,196
306,47,196
306,48,196
306,49,196
306,50,196
306,51,196
306,52,196
306,53,196
306,54,196
306,55,196
306,56,196
306,57,196
306,58,196
306,59,196
306,60,196
306,61,196
306,62,196
306,63,196
306,64,196
306,65,196
306,66,196
306,67,196
306,68,196
306,69,196
306,70,196
306,71,196
306,72,196
306,73,196
306,74,196
306,75,196
306,76,196
306,77,196
307,78,196
307,79,196
307,80,196
307,81,196
307,82,196
307,83,196
307,84,196
307,85,196
307,86,196
307,87,196
307,88,196
307,89,196
307,90,196
307,91,196
307,92,196
307,93,196
307,94,196
307,95,196
307,96,196
307,97,196
307,98,196
307,99,196
307,100,196
307,101,196
307,102,196
307,103,196
307,104,196
307,105,196
307,106,196
307,107,196
307,108,196
307,109,196
307,110,196
307,111,196
307,112,196
307,113,196
307,114,196
307,115,196
307,116,196
307,117,196
307,118,196
307,119,196
307,120,196
308,121,196
308,122,196
308,123,196
308,124,196
308,125,196
308,126,196
308,127,196
308,128,196
308,129,196
308,130,196
308,131,196
308,132,196
308,133,196
308,134,196
308,135,196
308,136,196
308,137,196
308,138,196
308,139,196
308,140,196
308,141,196
308,142,196
308,143,196
308,144,196
308,145,196
308,146,196
308,147,196
308,148,196
308,149,196
308,150,196
308,151,196
308,152,196
308,153,196
308,154,196
308,155,196
308,156,196
308,157,196
308,158,196
308,159,196
308,160,196
308,161,196
308,162,196
309,163,196
309,164,196
309,165,196
309,166,196
309,167,196
309,168,196
309,169,196
309,170,196
309,171,196
309,172,196
309,173,196
309,174,196
309,175,196
309,176,196
309,177,196
309,178,196
309,179,196
309,180,196
309,181,196
309,182,196
309,183,196
309,184,196
309,185,196
309,186,196
309,187,196
309,188,196
309,189,196
309,190,196
309,191,196
309,192,196
309,193,196
309,194,196
309,195,196
309,196,196
309,197,196
309,198,196
309,199,196
310,200,196
310,201,196
310,202,196
310,203,196
310,204,196
310,205,196
310,206,196
310,207,196
310,208,196
310,209,196
310,210,196
310,211,196
310,212,196
310,213,196
310,214,196
310,215,196
310,216,196
310,217,196
310,218,196
310,219,196
310,220,196
310,221,196
310,222,196
310,223,196
310,224,196
310,225,196
310,226,196
310,227,196
310,228,196
310,229,196
310,230,196
310,231,196
310,232,196
310,233,196
310,234,196
310,235,196
310,236,196
310,237,196
310,238,196
310,239,196
310,0,197
310,1,197
310,2,197
311,3,197
311,4,197
311,5,197
311,6,197
311,7,197
311,8,197
311,9,197
311,10,197
311,11,197
311,12,197
311,13,197
311,14,197
311,15,197
311,16,197
311,17,197
311,18,197
311,19,197
311,20,197
311,21,197
311,22,197
311,23,197
311,24,197
311,25,197
311,26,197
311,27,197
311,28,197
311,29,197
311,30,197
311,31,197
311,32,197
311,33,197
311,34,197
311,35,197
311,36,197
311,37,197
311,38,197
311,39,197
311,40,197
311,41,197
311,42,197
311,43,197
311,44,197
311,45,197
312,46,197
312,47,197
312,48,197
312,49,197
312,50,197
312,51,197
312,52,197
312,53,197
312,54,197
312,55,197
312,56,197
312,57,197
312,58,197
312,59,197
312,60,197
312,61,197
312,62,197
312,63,197
312,64,197
312,65,197
312,66,197
312,67,197
312,68,197
312,69,197
312,70,197
312,71,197
312,72,197
312,73,197
312,74,197
312,75,197
312,76,197
312,77,197
312,78,197
312,79,197
312,80,197
312,81,197
312,82,197
312,83,197
312,84,197
312,85,197
312,86,197
313,87,197
313,88,197
313,89,197
313,90,197
313,91,197
313,92,197
313,93,197
313,94,197
313,95,197
313,96,197
313,97,197
313,98,197
313,99,197
313,100,197
313,101,197
313,102,197
313,103,197
313,104,197
313,105,197
313,106,197
313,107,197
313,108,197
313,109,197
313,110,197
313,111,197
313,112,197
313,113,197
313,114,197
313,115,197
313,116,197
313,117,197
313,118,197
313,119,197
313,120,197
313,121,197
313,122,197
313,123,197
313,124,197
313,125,197
313,126,197
313,127,197
313,128,197
313,129,197
314,130,197
314,131,197
314,132,197
314,133,197
314,134,197
314,135,197
314,136,197
314,137,197
314,138,197
314,139,197
314,140,197
314,141,197
314,142,197
314,143,197
314,144,197
314,145,197
314,146,197
314,147,197
314,148,197
314,149,197
314,150,197
314,151,197
314,152,197
314,153,197
314,154,197
314,155,197
314,156,197
314,157,197
314,158,197
314,159,197
314,160,197
314,161,197
314,162,197
314,163,197
315,164,197
315,165,197
315,166,197
315,167,197
315,168,197
315,169,197
315,170,197
315,171,197
315,172,197
315,173,197
315,174,197
315,175,197
315,176,197
315,177,197
315,178,197
315,179,197
315,180,197
315,181,197
315,182,197
315,183,197
315,184,197
315,185,197
315,186,197
315,187,197
315,188,197
315,189,197
315,190,197
315,191,197
315,192,197
315,193,197
315,194,197
315,195,197
315,196,197
315,197,197
315,198,197
315,199,197
316,200,197
316,201,197
316,202,197
316,203,197
316,204,197
316,205,197
316,206,197
316,207,197
316,208,197
316,209,197
316,210,197
316,211,197
316,212,197
316,213,197
316,214,197
316,215,197
316,216,197
316,217,197
316,218,197
316,219,197
316,220,197
316,221,197
316,222,197
316,223,197
316,224,197
316,225,197
316,226,197
316,227,197
316,228,197
316,229,197
316,230,197
316,231,197
316,232,197
316,233,197
316,234,197
316,235,197
316,236,197
316,237,197
316,238,197
316,239,197
316,0,198
316,1,198
316,2,198
317,3,198
317,4,198
317,5,198
317,6,198
317,7,198
317,8,198
317,9,198
317,10,198
317,11,198
317,12,198
317,13,198
317,14,198
317,15,198
317,16,198
317,17,198
317,18,198
317,19,198
317,20,198
317,21,198
317,22,198
317,23,198
317,24,198
317,25,198
317,26,198
317,27,198
317,28,198
317,29,198
317,30,198
317,31,198
317,32,198
317,33,198
317,34,198
317,35,198
317,36,198
317,37,198
317,38,198
317,39,198
317,40,198
317,41,198
317,42,198
317,43,198
317,44,198
318,45,198
318,46,198
318,47,198
318,48,198
318,49,198
318,50,198
318,51,198
318,52,198
318,53,198
318,54,198
318,55,198
318,56,198
318,57,198
318,58,198
318,59,198
318,60,198
318,61,198
318,62,198
318,63,198
318,64,198
318,65,198
318,66,198
318,67,198
318,68,198
318,69,198
318,70,198
318,71,198
318,72,198
318,73,198
318,74,198
318,75,198
318,76,198
318,77,198
318,78,198
318,79,198
318,80,198
318,81,198
318,82,198
318,83,198
318,84,198
319,85,198
319,86,198
319,87,198
319,88,198
319,89,198
319,90,198
319,91,198
319,92,198
319,93,198
319,94,198
319,95,198
319,96,198
319,97,198
319,98,198
319,99,198
319,100,198
319,101,198
319,102,198
319,103,198
319,104,198
319,105,198
319,106,198
319,107,198
319,108,198
319,109,198
319,110,198
319,111,198
319,112,198
319,113,198
319,114,198
319,115,198
319,116,198
319,117,198
319,118,198
319,119,198
319,120,198
320,121,198
320,122,198
320,123,198
320,124,198
320,125,198
320,126,198
320,127,198
320,128,198
320,129,198
320,130,198
320,131,198
320,132,198
320,133,198
320,134,198
320,135,198
320,136,198
320,137,198
320,138,198
320,139,198
320,140,198
320,141,198
320,142,198
320,143,198
320,144,198
320,145,198
320,146,198
320,147,198
320,148,198
320,149,198
320,150,198
320,151,198
320,152,198
320,153,198
320,154,198
320,155,198
320,156,198
320,157,198
320,158,198
320,159,198
321,160,198
321,161,198
321,162,198
321,163,198
321,164,198
321,165,198
321,166,198
321,167,198
321,168,198
321,169,198
321,170,198
321,171,198
321,172,198
321,173,198
321,174,198
321,175,198
321,176,198
321,177,198
321,178,198
321,179,198
321,180,198
321,181,198
321,182,198
321,183,198
321,184,198
321,185,198
321,186,198
321,187,198
321,188,198
321,189,198
321,190,198
321,191,198
321,192,198
321,193,198
322,194,198
322,195,198
322,196,198
322,197,198
322,198,198
322,199,198
322,200,198
322,201,198
322,202,198
322,203,198
322,204,198
322,205,198
322,206,198
322,207,198
322,208,198
322,209,198
322,210,198
322,211,198
322,212,198
322,213,198
322,214,198
322,215,198
322,216,198
322,217,198
322,218,198
322,219,198
322,220,198
322,221,198
322,222,198
322,223,198
322,224,198
322,225,198
322,226,198
322,227,198
322,228,198
322,229,198
322,230,198
322,231,198
322,232,198
322,233,198
322,234,198
322,235,198
322,236,198
323,237,198
323,238,198
323,239,198
323,0,199
323,1,199
323,2,199
323,3,199
323,4,199
323,5,199
323,6,199
323,7,199
323,8,199
323,9,199
323,10,199
323,11,199
323,12,199
323,13,199
323,14,199
323,15,199
323,16,199
323,17,199
323,18,199
323,19,199
323,20,199
323,21,199
323,22,199
323,23,199
323,24,199
323,25,199
323,26,199
323,27,199
323,28,199
323,29,199
323,30,199
323,31,199
323,32,199
323,33,199
323,34,199
323,35,199
323,36,199
323,37,199
323,38,199
323,39,199
324,40,199
324,41,199
324,42,199
324,43,199
324,44,199
324,45,199
324,46,199
324,47,199
324,48,199
324,49,199
324,50,199
324,51,199
324,52,199
324,53,199
324,54,199
324,55,199
324,56,199
324,57,199
324,58,199
324,59,199
324,60,199
324,61,199
324,62,199
324,63,199
324,64,199
324,65,199
324,66,199
324,67,199
324,68,199
324,69,199
324,70,199
324,71,199
324,72,199
324,73,199
324,74,199
324,75,199
324,76,199
324,77,199
324,78,199
324,79,199
324,80,199
325,81,199
325,82,199
325,83,199
325,84,199
325,85,199
325,86,199
325,87,199
325,88,199
325,89,199
325,90,199
325,91,199
325,92,199
325,93,199
325,94,199
325,95,199
325,96,199
325,97,199
325,98,199
325,99,199
325,100,199
325,101,199
325,102,199
325,103,199
325,104,199
325,105,199
325,106,199
325,107,199
325,108,199
325,109,199
325,110,199
325,111,199
325,112,199
325,113,199
325,114,199
325,115,199
325,116,199
325,117,199
325,118,199
325,119,199
325,120,199
325,121,199
325,122,199
325,123,199
326,124,199
326,125,199
326,126,199
326,127,199
326,128,199
326,129,199
326,130,199
326,131,199
326,132,199
326,133,199
326,134,199
326,135,199
326,136,199
326,137,199
326,138,199
326,139,199
326,140,199
326,141,199
326,142,199
326,143,199
326,144,199
326,145,199
326,146,199
326,147,199
326,148,199
326,149,199
326,150,199
326,151,199
326,152,199
326,153,199
326,154,199
326,155,199
326,156,199
326,157,199
326,158,199
326,159,199
326,160,199
326,161,199
326,162,199
326,163,199
326,164,199
326,165,199
326,166,199
327,167,199
327,168,199
327,169,199
327,170,199
327,171,199
327,172,199
327,173,199
327,174,199
327,175,199
327,176,199
327,177,199
327,178,199
327,179,199
327,180,199
327,181,199
327,182,199
327,183,199
327,184,199
327,185,199
327,186,199
327,187,199
327,188,199
327,189,199
327,190,199
327,191,199
327,192,199
327,193,199
327,194,199
327,195,199
327,196,199
327,197,199
327,198,199
327,199,199
327,200,199
327,201,199
327,202,199
327,203,199
327,204,199
327,205,199
327,206,199
327,207,199
327,208,199
328,209,199
328,210,199
328,211,199
328,212,199
328,213,199
328,214,199
328,215,199
328,216,199
328,217,199
328,218,199
328,219,199
328,220,199
328,221,199
328,222,199
328,223,199
328,224,199
328,225,199
328,226,199
328,227,199
328,228,199
328,229,199
328,230,199
328,231,199
328,232,199
328,233,199
328,234,199
328,235,199
328,236,199
328,237,199
328,238,199
328,239,199
328,0,200
328,1,200
328,2,200
328,3,200
328,4,200
328,5,200
328,6,200
328,7,200
328,8,200
328,9,200
329,10,200
329,11,200
329,12,200
329,13,200
329,14,200
329,15,200
329,16,200
329,17,200
329,18,200
329,19,200
329,20,200
329,21,200
329,22,200
329,23,200
329,24,200
329,25,200
329,26,200
329,27,200
329,28,200
329,29,200
329,30,200
329,31,200
329,32,200
329,33,200
329,34,200
329,35,200
329,36,200
329,37,200
329,38,200
329,39,200
329,40,200
329,41,200
329,42,200
329,43,200
329,44,200
329,45,200
329,46,200
329,47,200
330,48,200
330,49,200
330,50,200
330,51,200
330,52,200
330,53,200
330,54,200
330,55,200
330,56,200
330,57,200
330,58,200
330,59,200
330,60,200
330,61,200
330,62,200
330,63,200
330,64,200
330,65,200
330,66,200
330,67,200
330,68,200
330,69,200
330,70,200
330,71,200
330,72,200
330,73,200
330,74,200
330,75,200
330,76,200
330,77,200
330,78,200
330,79,200
330,80,200
330,81,200
331,82,200
331,83,200
331,84,200
331,85,200
331,86,200
331,87,200
331,88,200
331,89,200
331,90,200
331,91,200
331,92,200
331,93,200
331,94,200
331,95,200
331,96,200
331,97,200
331,98,200
331,99,200
331,100,200
331,101,200
331,102,200
331,103,200
331,104,200
331,105,200
331,106,200
331,107,200
331,108,200
331,109,200
331,110,200
331,111,200
331,112,200
331,113,200
331,114,200
331,115,200
331,116,200
331,117,200
331,118,200
331,119,200
331,120,200
331,121,200
331,122,200
331,123,200
331,124,200
332,125,200
332,126,200
332,127,200
332,128,200
332,129,200
332,130,200
332,131,200
332,132,200
332,133,200
332,134,200
332,135,200
332,136,200
332,137,200
332,138,200
332,139,200
332,140,200
332,141,200
332,142,200
332,143,200
332,144,200
332,145,200
332,146,200
332,147,200
332,148,200
332,149,200
332,150,200
332,151,200
332,152,200
332,153,200
332,154,200
332,155,200
332,156,200
332,157,200
332,158,200
332,159,200
332,160,200
332,161,200
332,162,200
332,163,200
332,164,200
332,165,200
332,166,200
332,167,200
333,168,200
333,169,200
333,170,200
333,171,200
333,172,200
333,173,200
333,174,200
333,175,200
333,176,200
333,177,200
333,178,200
333,179,200
333,180,200
333,181,200
333,182,200
333,183,200
333,184,200
333,185,200
333,186,200
333,187,200
333,188,200
333,189,200
333,190,200
333,191,200
333,192,200
333,193,200
333,194,200
333,195,200
333,196,200
333,197,200
333,198,200
333,199,200
333,200,200
333,201,200
333,202,200
333,203,200
333,204,200
333,205,200
333,206,200
333,207,200
333,208,200
333,209,200
334,210,200
334,211,200
334,212,200
334,213,200
334,214,200
334,215,200
334,216,200
334,217,200
334,218,200
334,219,200
334,220,200
334,221,200
334,222,200
334,223,200
334,224,200
334,225,200
334,226,200
334,227,200
334,228,200
334,229,200
334,230,200
334,231,200
334,232,200
334,233,200
334,234,200
334,235,200
334,236,200
334,237,200
334,238,200
334,239,200
334,0,201
334,1,201
334,2,201
334,3,201
334,4,201
334,5,201
334,6,201
334,7,201
334,8,201
334,9,201
334,10,201
335,11,201
335,12,201
335,13,201
335,14,201
335,15,201
335,16,201
335,17,201
335,18,201
335,19,201
335,20,201
335,21,201
335,22,201
335,23,201
335,24,201
335,25,201
335,26,201
335,27,201
335,28,201
335,29,201
335,30,201
335,31,201
335,32,201
335,33,201
335,34,201
335,35,201
335,36,201
335,37,201
335,38,201
335,39,201
335,40,201
335,41,201
335,42,201
335,43,201
335,44,201
335,45,201
335,46,201
335,47,201
335,48,201
335,49,201
335,50,201
335,51,201
336,52,201
336,53,201
336,54,201
336,55,201
336,56,201
336,57,201
336,58,201
336,59,201
336,60,201
336,61,201
336,62,201
336,63,201
336,64,201
336,65,201
336,66,201
336,67,201
336,68,201
336,69,201
336,70,201
336,71,201
336,72,201
336,73,201
336,74,201
336,75,201
336,76,201
336,77,201
336,78,201
336,79,201
336,80,201
336,81,201
336,82,201
336,83,201
336,84,201
336,85,201
336,86,201
336,87,201
336,88,201
336,89,201
336,90,201
336,91,201
336,92,201
336,93,201
337,94,201
337,95,201
337,96,201
337,97,201
337,98,201
337,99,201
337,100,201
337,101,201
337,102,201
337,103,201
337,104,201
337,105,201
337,106,201
337,107,201
337,108,201
337,109,201
337,110,201
337,111,201
337,112,201
337,113,201
337,114,201
337,115,201
337,116,201
337,117,201
337,118,201
337,119,201
337,120,201
337,121,201
337,122,201
337,123,201
337,124,201
337,125,201
337,126,201
337,127,201
337,128,201
337,129,201
337,130,201
337,131,201
337,132,201
337,133,201
337,134,201
337,135,201
337,136,201
338,137,201
338,138,201
338,139,201
338,140,201
338,141,201
338,142,201
338,143,201
338,144,201
338,145,201
338,146,201
338,147,201
338,148,201
338,149,201
338,150,201
338,151,201
338,152,201
338,153,201
338,154,201
338,155,201
338,156,201
338,157,201
338,158,201
338,159,201
338,160,201
338,161,201
338,162,201
338,163,201
338,164,201
338,165,201
338,166,201
338,167,201
338,168,201
338,169,201
338,170,201
338,171,201
338,172,201
338,173,201
338,174,201
338,175,201
338,176,201
338,177,201
339,178,201
339,179,201
339,180,201
339,181,201
339,182,201
339,183,201
339,184,201
339,185,201
339,186,201
339,187,201
339,188,201
339,189,201
339,190,201
339,191,201
339,192,201
339,193,201
339,194,201
339,195,201
339,196,201
339,197,201
339,198,201
339,199,201
339,200,201
339,201,201
339,202,201
339,203,201
339,204,201
339,205,201
339,206,201
339,207,201
339,208,201
339,209,201
339,210,201
339,211,201
339,212,201
339,213,201
339,214,201
340,215,201
340,216,201
340,217,201
340,218,201
340,219,201
340,220,201
340,221,201
340,222,201
340,223,201
340,224,201
340,225,201
340,226,201
340,227,201
340,228,201
340,229,201
340,230,201
340,231,201
340,232,201
340,233,201
340,234,201
340,235,201
340,236,201
340,237,201
340,238,201
340,239,201
340,0,202
340,1,202
340,2,202
340,3,202
340,4,202
340,5,202
340,6,202
340,7,202
340,8,202
340,9,202
340,10,202
340,11,202
340,12,202
341,13,202
341,14,202
341,15,202
341,16,202
341,17,202
341,18,202
341,19,202
341,20,202
341,21,202
341,22,202
341,23,202
341,24,202
341,25,202
341,26,202
341,27,202
341,28,202
341,29,202
341,30,202
341,31,202
341,32,202
341,33,202
341,34,202
341,35,202
341,36,202
341,37,202
341,38,202
341,39,202
341,40,202
341,41,202
341,42,202
341,43,202
341,44,202
341,45,202
341,46,202
341,47,202
341,48,202
341,49,202
341,50,202
341,51,202
341,52,202
341,53,202
341,54,202
341,55,202
342,56,202
342,57,202
342,58,202
342,59,202
342,60,202
342,61,202
342,62,202
342,63,202
342,64,202
342,65,202
342,66,202
342,67,202
342,68,202
342,69,202
342,70,202
342,71,202
342,72,202
342,73,202
342,74,202
342,75,202
342,76,202
342,77,202
342,78,202
342,79,202
342,80,202
342,81,202
342,82,202
342,83,202
342,84,202
342,85,202
342,86,202
342,87,202
342,88,202
342,89,202
342,90,202
342,91,202
342,92,202
342,93,202
342,94,202
342,95,202
342,96,202
342,97,202
342,98,202
343,99,202
343,100,202
343,101,202
343,102,202
343,103,202
343,104,202
343,105,202
343,106,202
343,107,202
343,108,202
343,109,202
343,110,202
343,111,202
343,112,202
343,113,202
343,114,202
343,115,202
343,116,202
343,117,202
343,118,202
343,119,202
343,120,202
343,121,202
343,122,202
343,123,202
343,124,202
343,125,202
343,126,202
343,127,202
343,128,202
343,129,202
343,130,202
343,131,202
343,132,202
343,133,202
343,134,202
343,135,202
343,136,202
343,137,202
343,138,202
343,139,202
344,140,202
344,141,202
344,142,202
344,143,202
344,144,202
344,145,202
344,146,202
344,147,202
344,148,202
344,149,202
344,150,202
344,151,202
344,152,202
344,153,202
344,154,202
344,155,202
344,156,202
344,157,202
344,158,202
344,159,202
344,160,202
344,161,202
344,162,202
344,163,202
344,164,202
344,165,202
344,166,202
344,167,202
344,168,202
344,169,202
344,170,202
344,171,202
344,172,202
344,173,202
344,174,202
344,175,202
344,176,202
344,177,202
344,178,202
344,179,202
344,180,202
345,181,202
345,182,202
345,183,202
345,184,202
345,185,202
345,186,202
345,187,202
345,188,202
345,189,202
345,190,202
345,191,202
345,192,202
345,193,202
345,194,202
345,195,202
345,196,202
345,197,202
345,198,202
345,199,202
345,200,202
345,201,202
345,202,202
345,203,202
345,204,202
345,205,202
345,206,202
345,207,202
345,208,202
345,209,202
345,210,202
345,211,202
345,212,202
345,213,202
345,214,202
345,215,202
345,216,202
345,217,202
345,218,202
345,219,202
345,220,202
345,221,202
345,222,202
345,223,202
346,224,202
346,225,202
346,226,202
346,227,202
346,228,202
346,229,202
346,230,202
346,231,202
346,232,202
346,233,202
346,234,202
346,235,202
346,236,202
346,237,202
346,238,202
346,239,202
346,0,203
346,1,203
346,2,203
346,3,203
346,4,203
346,5,203
346,6,203
346,7,203
346,8,203
346,9,203
346,10,203
346,11,203
346,12,203
346,13,203
346,14,203
346,15,203
346,16,203
346,17,203
346,18,203
346,19,203
346,20,203
346,21,203
346,22,203
346,23,203
346,24,203
347,25,203
347,26,203
347,27,203
347,28,203
347,29,203
347,30,203
347,31,203
347,32,203
347,33,203
347,34,203
347,35,203
347,36,203
347,37,203
347,38,203
347,39,203
347,40,203
347,41,203
347,42,203
347,43,203
347,44,203
347,45,203
347,46,203
347,47,203
347,48,203
347,49,203
347,50,203
347,51,203
347,52,203
347,53,203
347,54,203
347,55,203
347,56,203
347,57,203
347,58,203
347,59,203
347,60,203
347,61,203
347,62,203
347,63,203
347,64,203
347,65,203
347,66,203
348,67,203
348,68,203
348,69,203
348,70,203
348,71,203
348,72,203
348,73,203
348,74,203
348,75,203
348,76,203
348,77,203
348,78,203
348,79,203
348,80,203
348,81,203
348,82,203
348,83,203
348,84,203
348,85,203
348,86,203
348,87,203
348,88,203
348,89,203
348,90,203
348,91,203
348,92,203
348,93,203
348,94,203
348,95,203
348,96,203
348,97,203
348,98,203
348,99,203
348,100,203
348,101,203
348,102,203
348,103,203
348,104,203
348,105,203
348,106,203
348,107,203
349,108,203
349,109,203
349,110,203
349,111,203
349,112,203
349,113,203
349,114,203
349,115,203
349,116,203
349,117,203
349,118,203
349,119,203
349,120,203
349,121,203
349,122,203
349,123,203
349,124,203
349,125,203
349,126,203
349,127,203
349,128,203
349,129,203
349,130,203
349,131,203
349,132,203
349,133,203
349,134,203
349,135,203
349,136,203
349,137,203
349,138,203
349,139,203
349,140,203
349,141,203
349,142,203
349,143,203
349,144,203
349,145,203
349,146,203
349,147,203
350,148,203
350,149,203
350,150,203
350,151,203
350,152,203
350,153,203
350,154,203
350,155,203
350,156,203
350,157,203
350,158,203
350,159,203
350,160,203
350,161,203
350,162,203
350,163,203
350,164,203
350,165,203
350,166,203
350,167,203
350,168,203
350,169,203
350,170,203
350,171,203
350,172,203
350,173,203
350,174,203
350,175,203
350,176,203
350,177,203
350,178,203
350,179,203
350,180,203
350,181,203
350,182,203
350,183,203
350,184,203
350,185,203
350,186,203
350,187,203
350,188,203
350,189,203
350,190,203
351,191,203
351,192,203
351,193,203
351,194,203
351,195,203
351,196,203
351,197,203
351,198,203
351,199,203
351,200,203
351,201,203
351,202,203
351,203,203
351,204,203
351,205,203
351,206,203
351,207,203
351,208,203
351,209,203
351,210,203
351,211,203
351,212,203
351,213,203
351,214,203
351,215,203
351,216,203
351,217,203
351,218,203
351,219,203
351,220,203
351,221,203
351,222,203
351,223,203
351,224,203
351,225,203
351,226,203
351,227,203
351,228,203
351,229,203
351,230,203
351,231,203
351,232,203
351,233,203
352,234,203
352,235,203
352,236,203
352,237,203
352,238,203
352,239,203
352,0,204
352,1,204
352,2,204
352,3,204
352,4,204
352,5,204
352,6,204
352,7,204
352,8,204
352,9,204
352,10,204
352,11,204
352,12,204
352,13,204
352,14,204
352,15,204
352,16,204
352,17,204
352,18,204
352,19,204
352,20,204
352,21,204
352,22,204
352,23,204
352,24,204
352,25,204
352,26,204
352,27,204
352,28,204
352,29,204
352,30,204
352,31,204
352,32,204
353,33,204
353,34,204
353,35,204
353,36,204
353,37,204
353,38,204
353,39,204
353,40,204
353,41,204
353,42,204
353,43,204
353,44,204
353,45,204
353,46,204
353,47,204
353,48,204
353,49,204
353,50,204
353,51,204
353,52,204
353,53,204
353,54,204
353,55,204
353,56,204
353,57,204
353,58,204
353,59,204
353,60,204
353,61,204
353,62,204
353,63,204
353,64,204
353,65,204
353,66,204
353,67,204
353,68,204
353,69,204
353,70,204
353,71,204
353,72,204
353,73,204
353,74,204
354,75,204
354,76,204
354,77,204
354,78,204
354,79,204
354,80,204
354,81,204
354,82,204
354,83,204
354,84,204
354,85,204
354,86,204
354,87,204
354,88,204
354,89,204
354,90,204
354,91,204
354,92,204
354,93,204
354,94,204
354,95,204
354,96,204
354,97,204
354,98,204
354,99,204
354,100,204
354,101,204
354,102,204
354,103,204
354,104,204
354,105,204
354,106,204
354,107,204
354,108,204
354,109,204
354,110,204
354,111,204
354,112,204
354,113,204
354,114,204
354,115,204
354,116,204
354,117,204
354,118,204
355,119,204
355,120,204
355,121,204
355,122,204
355,123,204
355,124,204
355,125,204
355,126,204
355,127,204
355,128,204
355,129,204
355,130,204
355,131,204
355,132,204
355,133,204
355,134,204
355,135,204
355,136,204
355,137,204
355,138,204
355,139,204
355,140,204
355,141,204
355,142,204
355,143,204
355,144,204
355,145,204
355,146,204
355,147,204
355,148,204
355,149,204
355,150,204
355,151,204
355,152,204
355,153,204
355,154,204
355,155,204
355,156,204
355,157,204
356,158,204
356,159,204
356,160,204
356,161,204
356,162,204
356,163,204
356,164,204
356,165,204
356,166,204
356,167,204
356,168,204
356,169,204
356,170,204
356,171,204
356,172,204
356,173,204
356,174,204
356,175,204
356,176,204
356,177,204
356,178,204
356,179,204
356,180,204
356,181,204
356,182,204
356,183,204
356,184,204
356,185,204
356,186,204
356,187,204
356,188,204
356,189,204
356,190,204
356,191,204
356,192,204
356,193,204
356,194,204
356,195,204
356,196,204
356,197,204
356,198,204
356,199,204
356,200,204
357,201,204
357,202,204
357,203,204
357,204,204
357,205,204
357,206,204
357,207,204
357,208,204
357,209,204
357,210,204
357,211,204
357,212,204
357,213,204
357,214,204
357,215,204
357,216,204
357,217,204
357,218,204
357,219,204
357,220,204
357,221,204
357,222,204
357,223,204
357,224,204
357,225,204
357,226,204
357,227,204
357,228,204
357,229,204
357,230,204
357,231,204
357,232,204
357,233,204
357,234,204
357,235,204
357,236,204
357,237,204
357,238,204
357,239,204
357,0,205
357,1,205
357,2,205
357,3,205
358,4,205
358,5,205
358,6,205
358,7,205
358,8,205
358,9,205
358,10,205
358,11,205
358,12,205
358,13,205
358,14,205
358,15,205
358,16,205
358,17,205
358,18,205
358,19,205
358,20,205
358,21,205
358,22,205
358,23,205
358,24,205
358,25,205
358,26,205
358,27,205
358,28,205
358,29,205
358,30,205
358,31,205
358,32,205
358,33,205
358,34,205
358,35,205
358,36,205
358,37,205
358,38,205
358,39,205
358,40,205
358,41,205
358,42,205
358,43,205
359,44,205
359,45,205
359,46,205
359,47,205
359,48,205
359,49,205
359,50,205
359,51,205
359,52,205
359,53,205
359,54,205
359,55,205
359,56,205
359,57,205
359,58,205
359,59,205
359,60,205
359,61,205
359,62,205
359,63,205
359,64,205
359,65,205
359,66,205
359,67,205
359,68,205
359,69,205
359,70,205
359,71,205
359,72,205
359,73,205
359,74,205
359,75,205
359,76,205
359,77,205
359,78,205
359,79,205
359,80,205
360,81,205
360,82,205
360,83,205
360,84,205
360,85,205
360,86,205
360,87,205
360,88,205
360,89,205
360,90,205
360,91,205
360,92,205
360,93,205
360,94,205
360,95,205
360,96,205
360,97,205
360,98,205
360,99,205
360,100,205
360,101,205
360,102,205
360,103,205
360,104,205
360,105,205
360,106,205
360,107,205
360,108,205
360,109,205
360,110,205
360,111,205
360,112,205
360,113,205
360,114,205
360,115,205
360,116,205
360,117,205
360,118,205
360,119,205
361,120,205
361,121,205
361,122,205
361,123,205
361,124,205
361,125,205
361,126,205
361,127,205
361,128,205
361,129,205
361,130,205
361,131,205
361,132,205
361,133,205
361,134,205
361,135,205
361,136,205
361,137,205
361,138,205
361,139,205
361,140,205
361,141,205
361,142,205
361,143,205
361,144,205
361,145,205
361,146,205
361,147,205
361,148,205
361,149,205
361,150,205
361,151,205
361,152,205
361,153,205
361,154,205
362,155,205
362,156,205
362,157,205
362,158,205
362,159,205
362,160,205
362,161,205
362,162,205
362,163,205
362,164,205
362,165,205
362,166,205
362,167,205
362,168,205
362,169,205
362,170,205
362,171,205
362,172,205
362,173,205
362,174,205
362,175,205
362,176,205
362,177,205
362,178,205
362,179,205
362,180,205
362,181,205
362,182,205
362,183,205
362,184,205
362,185,205
362,186,205
362,187,205
362,188,205
362,189,205
363,190,205
363,191,205
363,192,205
363,193,205
363,194,205
363,195,205
363,196,205
363,197,205
363,198,205
363,199,205
363,200,205
363,201,205
363,202,205
363,203,205
363,204,205
363,205,205
363,206,205
363,207,205
363,208,205
363,209,205
363,210,205
363,211,205
363,212,205
363,213,205
363,214,205
363,215,205
363,216,205
363,217,205
363,218,205
363,219,205
363,220,205
363,221,205
363,222,205
363,223,205
363,224,205
363,225,205
363,226,205
363,227,205
363,228,205
363,229,205
363,230,205
364,231,205
364,232,205
364,233,205
364,234,205
364,235,205
364,236,205
364,237,205
364,238,205
364,239,205
364,0,206
364,1,206
364,2,206
364,3,206
364,4,206
364,5,206
364,6,206
364,7,206
364,8,206
364,9,206
364,10,206
364,11,206
364,12,206
364,13,206
364,14,206
364,15,206
364,16,206
364,17,206
364,18,206
364,19,206
364,20,206
364,21,206
364,22,206
364,23,206
364,24,206
364,25,206
364,26,206
364,27,206
364,28,206
364,29,206
364,30,206
364,31,206
364,32,206
365,33,206
365,34,206
365,35,206
365,36,206
365,37,206
365,38,206
365,39,206
365,40,206
365,41,206
365,42,206
365,43,206
365,44,206
365,45,206
365,46,206
365,47,206
365,48,206
365,49,206
365,50,206
365,51,206
365,52,206
365,53,206
365,54,206
365,55,206
365,56,206
365,57,206
365,58,206
365,59,206
365,60,206
365,61,206
365,62,206
365,63,206
365,64,206
365,65,206
365,66,206
365,67,206
365,68,206
365,69,206
365,70,206
365,71,206
365,72,206
365,73,206
365,74,206
365,75,206
366,76,206
366,77,206
366,78,206
366,79,206
366,80,206
366,81,206
366,82,206
366,83,206
366,84,206
366,85,206
366,86,206
366,87,206
366,88,206
366,89,206
366,90,206
366,91,206
366,92,206
366,93,206
366,94,206
366,95,206
366,96,206
366,97,206
366,98,206
366,99,206
366,100,206
366,101,206
366,102,206
366,103,206
366,104,206
366,105,206
366,106,206
366,107,206
366,108,206
366,109,206
366,110,206
366,111,206
366,112,206
366,113,206
366,114,206
366,115,206
366,116,206
366,117,206
366,118,206
367,119,206
367,120,206
367,121,206
367,122,206
367,123,206
367,124,206
367,125,206
367,126,206
367,127,206
367,128,206
367,129,206
367,130,206
367,131,206
367,132,206
367,133,206
367,134,206
367,135,206
367,136,206
367,137,206
367,138,206
367,139,206
367,140,206
367,141,206
367,142,206
367,143,206
367,144,206
367,145,206
367,146,206
367,147,206
367,148,206
367,149,206
367,150,206
367,151,206
367,152,206
367,153,206
367,154,206
367,155,206
367,156,206
367,157,206
367,158,206
367,159,206
367,160,206
367,161,206
368,162,206
368,163,206
368,164,206
368,165,206
368,166,206
368,167,206
368,168,206
368,169,206
368,170,206
368,171,206
368,172,206
368,173,206
368,174,206
368,175,206
368,176,206
368,177,206
368,178,206
368,179,206
368,180,206
368,181,206
368,182,206
368,183,206
368,184,206
368,185,206
368,186,206
368,187,206
368,188,206
368,189,206
368,190,206
368,191,206
368,192,206
368,193,206
368,194,206
368,195,206
368,196,206
368,197,206
368,198,206
368,199,206
368,200,206
368,201,206
369,202,206
369,203,206
369,204,206
369,205,206
369,206,206
369,207,206
369,208,206
369,209,206
369,210,206
369,211,206
369,212,206
369,213,206
369,214,206
369,215,206
369,216,206
369,217,206
369,218,206
369,219,206
369,220,206
369,221,206
369,222,206
369,223,206
369,224,206
369,225,206
369,226,206
369,227,206
369,228,206
369,229,206
369,230,206
369,231,206
369,232,206
369,233,206
369,234,206
369,235,206
369,236,206
369,237,206
369,238,206
369,239,206
369,0,207
370,1,207
370,2,207
370,3,207
370,4,207
370,5,207
370,6,207
370,7,207
370,8,207
370,9,207
370,10,207
370,11,207
370,12,207
370,13,207
370,14,207
370,15,207
370,16,207
370,17,207
370,18,207
370,19,207
370,20,207
370,21,207
370,22,207
370,23,207
370,24,207
370,25,207
370,26,207
370,27,207
370,28,207
370,29,207
370,30,207
370,31,207
370,32,207
370,33,207
370,34,207
370,35,207
370,36,207
370,37,207
370,38,207
370,39,207
370,40,207
370,41,207
370,42,207
371,43,207
371,44,207
371,45,207
371,46,207
371,47,207
371,48,207
371,49,207
371,50,207
371,51,207
371,52,207
371,53,207
371,54,207
371,55,207
371,56,207
371,57,207
371,58,207
371,59,207
371,60,207
371,61,207
371,62,207
371,63,207
371,64,207
371,65,207
371,66,207
371,67,207
371,68,207
371,69,207
371,70,207
371,71,207
371,72,207
371,73,207
371,74,207
371,75,207
371,76,207
371,77,207
371,78,207
371,79,207
371,80,207
371,81,207
371,82,207
371,83,207
371,84,207
371,85,207
372,86,207
372,87,207
372,88,207
372,89,207
372,90,207
372,91,207
372,92,207
372,93,207
372,94,207
372,95,207
372,96,207
372,97,207
372,98,207
372,99,207
372,100,207
372,101,207
372,102,207
372,103,207
372,104,207
372,105,207
372,106,207
372,107,207
372,108,207
372,109,207
372,110,207
372,111,207
372,112,207
372,113,207
372,114,207
372,115,207
372,116,207
372,117,207
372,118,207
372,119,207
372,120,207
372,121,207
372,122,207
372,123,207
372,124,207
372,125,207
373,126,207
373,127,207
373,128,207
373,129,207
373,130,207
373,131,207
373,132,207
373,133,207
373,134,207
373,135,207
373,136,207
373,137,207
373,138,207
373,139,207
373,140,207
373,141,207
373,142,207
373,143,207
373,144,207
373,145,207
373,146,207
373,147,207
373,148,207
373,149,207
373,150,207
373,151,207
373,152,207
373,153,207
373,154,207
373,155,207
373,156,207
373,157,207
373,158,207
373,159,207
373,160,207
373,161,207
373,162,207
373,163,207
373,164,207
373,165,207
373,166,207
373,167,207
373,168,207
374,169,207
374,170,207
374,171,207
374,172,207
374,173,207
374,174,207
374,175,207
374,176,207
374,177,207
374,178,207
374,179,207
374,180,207
374,181,207
374,182,207
374,183,207
374,184,207
374,185,207
374,186,207
374,187,207
374,188,207
374,189,207
374,190,207
374,191,207
374,192,207
374,193,207
374,194,207
374,195,207
374,196,207
374,197,207
374,198,207
374,199,207
374,200,207
374,201,207
374,202,207
374,203,207
374,204,207
374,205,207
374,206,207
374,207,207
374,208,207
374,209,207
374,210,207
375,211,207
375,212,207
375,213,207
375,214,207
375,215,207
375,216,207
375,217,207
375,218,207
375,219,207
375,220,207
375,221,207
375,222,207
375,223,207
375,224,207
375,225,207
375,226,207
375,227,207
375,228,207
375,229,207
375,230,207
375,231,207
375,232,207
375,233,207
375,234,207
375,235,207
375,236,207
375,237,207
375,238,207
375,239,207
375,0,208
375,1,208
375,2,208
375,3,208
375,4,208
375,5,208
375,6,208
375,7,208
375,8,208
375,9,208
375,10,208
375,11,208
375,12,208
376,13,208
376,14,208
376,15,208
376,16,208
376,17,208
376,18,208
376,19,208
376,20,208
376,21,208
376,22,208
376,23,208
376,24,208
376,25,208
376,26,208
376,27,208
376,28,208
376,29,208
376,30,208
376,31,208
376,32,208
376,33,208
376,34,208
376,35,208
376,36,208
376,37,208
376,38,208
376,39,208
376,40,208
376,41,208
376,42,208
376,43,208
376,44,208
376,45,208
376,46,208
376,47,208
376,48,208
376,49,208
376,50,208
376,51,208
376,52,208
376,53,208
377,54,208
377,55,208
377,56,208
377,57,208
377,58,208
377,59,208
377,60,208
377,61,208
377,62,208
377,63,208
377,64,208
377,65,208
377,66,208
377,67,208
378,68,208
378,69,208
378,70,208
378,71,208
378,72,208
378,73,208
378,74,208
378,75,208
378,76,208
378,77,208
378,78,208
378,79,208
378,80,208
378,81,208
378,82,208
378,83,208
379,84,208
379,85,208
379,86,208
379,87,208
379,88,208
379,89,208
379,90,208
379,91,208
379,92,208
379,93,208
379,94,208
379,95,208
379,96,208
379,97,208
379,98,208
379,99,208
379,100,208
379,101,208
379,102,208
379,103,208
379,104,208
379,105,208
379,106,208
379,107,208
379,108,208
380,109,208
380,110,208
380,111,208
380,112,208
380,113,208
380,114,208
380,115,208
380,116,208
380,117,208
380,118,208
380,119,208
380,120,208
380,121,208
380,122,208
380,123,208
380,124,208
380,125,208
380,126,208
380,127,208
380,128,208
380,129,208
380,130,208
380,131,208
380,132,208
380,133,208
380,134,208
380,135,208
380,136,208
380,137,208
380,138,208
380,139,208
380,140,208
380,141,208
380,142,208
380,143,208
380,144,208
380,145,208
380,146,208
380,147,208
381,148,208
381,149,208
381,150,208
381,151,208
381,152,208
381,153,208
381,154,208
381,155,208
381,156,208
381,157,208
381,158,208
381,159,208
381,160,208
381,161,208
381,162,208
381,163,208
381,164,208
381,165,208
381,166,208
381,167,208
381,168,208
381,169,208
381,170,208
381,171,208
381,172,208
381,173,208
381,174,208
381,175,208
381,176,208
381,177,208
381,178,208
381,179,208
381,180,208
381,181,208
381,182,208
381,183,208
381,184,208
381,185,208
381,186,208
381,187,208
381,188,208
381,189,208
382,190,208
382,191,208
382,192,208
382,193,208
382,194,208
382,195,208
382,196,208
382,197,208
382,198,208
382,199,208
382,200,208
382,201,208
382,202,208
382,203,208
382,204,208
382,205,208
382,206,208
382,207,208
382,208,208
382,209,208
382,210,208
382,211,208
382,212,208
382,213,208
382,214,208
382,215,208
382,216,208
382,217,208
382,218,208
382,219,208
382,220,208
382,221,208
382,222,208
382,223,208
382,224,208
382,225,208
383,226,208
383,227,208
383,228,208
383,229,208
383,230,208
383,231,208
383,232,208
383,233,208
383,234,208
383,235,208
383,236,208
383,237,208
383,238,208
383,239,208
383,0,209
383,1,209
383,2,209
383,3,209
383,4,209
383,5,209
383,6,209
383,7,209
383,8,209
383,9,209
383,10,209
383,11,209
383,12,209
383,13,209
383,14,209
383,15,209
383,16,209
383,17,209
383,18,209
383,19,209
383,20,209
383,21,209
383,22,209
383,23,209
383,24,209
383,25,209
383,26,209
384,27,209
384,28,209
384,29,209
384,30,209
384,31,209
384,32,209
384,33,209
384,34,209
384,35,209
384,36,209
384,37,209
384,38,209
384,39,209
384,40,209
384,41,209
384,42,209
384,43,209
384,44,209
384,45,209
384,46,209
384,47,209
384,48,209
384,49,209
384,50,209
384,51,209
384,52,209
384,53,209
384,54,209
384,55,209
384,56,209
384,57,209
384,58,209
384,59,209
384,60,209
384,61,209
384,62,209
384,63,209
384,64,209
384,65,209
384,66,209
384,67,209
384,68,209
385,69,209
385,70,209
385,71,209
385,72,209
385,73,209
385,74,209
385,75,209
385,76,209
385,77,209
385,78,209
385,79,209
385,80,209
385,81,209
385,82,209
385,83,209
385,84,209
385,85,209
385,86,209
385,87,209
385,88,209
385,89,209
385,90,209
385,91,209
385,92,209
385,93,209
385,94,209
385,95,209
385,96,209
385,97,209
385,98,209
385,99,209
385,100,209
385,101,209
385,102,209
385,103,209
385,104,209
385,105,209
385,106,209
385,107,209
385,108,209
385,109,209
385,110,209
386,111,209
386,112,209
386,113,209
386,114,209
386,115,209
386,116,209
386,117,209
386,118,209
386,119,209
386,120,209
386,121,209
386,122,209
386,123,209
386,124,209
386,125,209
386,126,209
386,127,209
386,128,209
386,129,209
386,130,209
386,131,209
386,132,209
386,133,209
386,134,209
386,135,209
386,136,209
386,137,209
386,138,209
386,139,209
386,140,209
386,141,209
386,142,209
386,143,209
386,144,209
386,145,209
386,146,209
386,147,209
386,148,209
386,149,209
386,150,209
386,151,209
387,152,209
387,153,209
387,154,209
387,155,209
387,156,209
387,157,209
387,158,209
387,159,209
387,160,209
387,161,209
387,162,209
387,163,209
387,164,209
387,165,209
387,166,209
387,167,209
387,168,209
387,169,209
387,170,209
387,171,209
387,172,209
387,173,209
387,174,209
387,175,209
387,176,209
387,177,209
387,178,209
387,179,209
387,180,209
387,181,209
387,182,209
387,183,209
387,184,209
387,185,209
387,186,209
387,187,209
387,188,209
387,189,209
387,190,209
387,191,209
387,192,209
387,193,209
388,194,209
388,195,209
388,196,209
388,197,209
388,198,209
388,199,209
388,200,209
388,201,209
388,202,209
388,203,209
388,204,209
388,205,209
388,206,209
388,207,209
388,208,209
388,209,209
388,210,209
388,211,209
388,212,209
388,213,209
388,214,209
388,215,209
388,216,209
388,217,209
388,218,209
388,219,209
388,220,209
388,221,209
388,222,209
388,223,209
388,224,209
388,225,209
388,226,209
388,227,209
388,228,209
388,229,209
388,230,209
388,231,209
388,232,209
389,233,209
389,234,209
389,235,209
389,236,209
389,237,209
389,238,209
389,239,209
389,0,210
389,1,210
389,2,210
389,3,210
389,4,210
389,5,210
389,6,210
389,7,210
389,8,210
389,9,210
389,10,210
389,11,210
389,12,210
389,13,210
389,14,210
389,15,210
389,16,210
389,17,210
389,18,210
389,19,210
389,20,210
389,21,210
389,22,210
389,23,210
389,24,210
389,25,210
389,26,210
389,27,210
389,28,210
389,29,210
389,30,210
390,31,210
390,32,210
390,33,210
390,34,210
390,35,210
390,36,210
390,37,210
390,38,210
390,39,210
390,40,210
390,41,210
390,42,210
390,43,210
390,44,210
390,45,210
390,46,210
390,47,210
390,48,210
390,49,210
390,50,210
390,51,210
390,52,210
390,53,210
390,54,210
390,55,210
390,56,210
390,57,210
390,58,210
390,59,210
390,60,210
390,61,210
390,62,210
390,63,210
390,64,210
390,65,210
390,66,210
390,67,210
390,68,210
390,69,210
390,70,210
390,71,210
390,72,210
391,73,210
391,74,210
391,75,210
391,76,210
391,77,210
391,78,210
391,79,210
391,80,210
391,81,210
391,82,210
391,83,210
391,84,210
391,85,210
391,86,210
391,87,210
391,88,210
391,89,210
391,90,210
391,91,210
391,92,210
391,93,210
391,94,210
391,95,210
391,96,210
391,97,210
391,98,210
391,99,210
391,100,210
391,101,210
391,102,210
391,103,210
391,104,210
391,105,210
391,106,210
391,107,210
391,108,210
391,109,210
391,110,210
391,111,210
391,112,210
391,113,210
392,114,210
392,115,210
392,116,210
392,117,210
392,118,210
392,119,210
392,120,210
392,121,210
392,122,210
392,123,210
392,124,210
392,125,210
392,126,210
392,127,210
392,128,210
392,129,210
392,130,210
392,131,210
392,132,210
392,133,210
392,134,210
392,135,210
392,136,210
392,137,210
392,138,210
392,139,210
392,140,210
392,141,210
392,142,210
392,143,210
392,144,210
392,145,210
393,146,210
393,147,210
393,148,210
393,149,210
393,150,210
393,151,210
393,152,210
393,153,210
393,154,210
393,155,210
393,156,210
393,157,210
393,158,210
393,159,210
393,160,210
393,161,210
393,162,210
393,163,210
393,164,210
393,165,210
393,166,210
393,167,210
393,168,210
393,169,210
394,170,210
394,171,210
394,172,210
394,173,210
394,174,210
394,175,210
394,176,210
394,177,210
394,178,210
394,179,210
394,180,210
394,181,210
394,182,210
394,183,210
394,184,210
394,185,210
394,186,210
394,187,210
394,188,210
394,189,210
394,190,210
394,191,210
394,192,210
394,193,210
394,194,210
394,195,210
394,196,210
394,197,210
394,198,210
394,199,210
394,200,210
394,201,210
394,202,210
394,203,210
394,204,210
394,205,210
394,206,210
394,207,210
394,208,210
394,209,210
394,210,210
395,211,210
395,212,210
395,213,210
395,214,210
395,215,210
395,216,210
395,217,210
395,218,210
395,219,210
395,220,210
395,221,210
395,222,210
395,223,210
395,224,210
395,225,210
395,226,210
395,227,210
395,228,210
395,229,210
395,230,210
395,231,210
395,232,210
395,233,210
395,234,210
395,235,210
395,236,210
395,237,210
395,238,210
395,239,210
395,0,211
395,1,211
395,2,211
395,3,211
395,4,211
395,5,211
395,6,211
395,7,211
395,8,211
395,9,211
396,10,211
396,11,211
396,12,211
396,13,211
396,14,211
396,15,211
396,16,211
396,17,211
396,18,211
396,19,211
396,20,211
396,21,211
396,22,211
396,23,211
396,24,211
396,25,211
396,26,211
396,27,211
396,28,211
396,29,211
396,30,211
396,31,211
396,32,211
396,33,211
396,34,211
396,35,211
396,36,211
396,37,211
396,38,211
396,39,211
396,40,211
396,41,211
396,42,211
396,43,211
396,44,211
396,45,211
396,46,211
396,47,211
396,48,211
396,49,211
397,50,211
397,51,211
397,52,211
397,53,211
397,54,211
397,55,211
397,56,211
397,57,211
397,58,211
397,59,211
397,60,211
397,61,211
397,62,211
397,63,211
397,64,211
397,65,211
397,66,211
397,67,211
397,68,211
397,69,211
397,70,211
397,71,211
397,72,211
397,73,211
397,74,211
397,75,211
397,76,211
397,77,211
397,78,211
397,79,211
397,80,211
397,81,211
397,82,211
397,83,211
397,84,211
397,85,211
397,86,211
397,87,211
397,88,211
398,89,211
398,90,211
398,91,211
398,92,211
398,93,211
398,94,211
398,95,211
398,96,211
398,97,211
398,98,211
398,99,211
398,100,211
398,101,211
398,102,211
398,103,211
398,104,211
398,105,211
398,106,211
398,107,211
398,108,211
398,109,211
398,110,211
398,111,211
398,112,211
398,113,211
398,114,211
398,115,211
398,116,211
398,117,211
398,118,211
398,119,211
398,120,211
398,121,211
398,122,211
398,123,211
398,124,211
398,125,211
398,126,211
398,127,211
398,128,211
399,129,211
399,130,211
399,131,211
399,132,211
399,133,211
399,134,211
399,135,211
399,136,211
399,137,211
399,138,211
399,139,211
399,140,211
399,141,211
399,142,211
399,143,211
399,144,211
399,145,211
399,146,211
399,147,211
399,148,211
399,149,211
399,150,211
399,151,211
399,152,211
399,153,211
399,154,211
399,155,211
399,156,211
399,157,211
399,158,211
399,159,211
399,160,211
399,161,211
399,162,211
399,163,211
399,164,211
400,165,211
400,166,211
400,167,211
400,168,211
400,169,211
400,170,211
400,171,211
400,172,211
400,173,211
400,174,211
400,175,211
400,176,211
400,177,211
400,178,211
400,179,211
400,180,211
400,181,211
400,182,211
400,183,211
400,184,211
400,185,211
400,186,211
400,187,211
400,188,211
400,189,211
400,190,211
400,191,211
400,192,211
400,193,211
400,194,211
400,195,211
400,196,211
400,197,211
400,198,211
400,199,211
400,200,211
400,201,211
400,202,211
401,203,211
401,204,211
401,205,211
401,206,211
401,207,211
401,208,211
401,209,211
401,210,211
401,211,211
401,212,211
401,213,211
401,214,211
401,215,211
401,216,211
401,217,211
401,218,211
401,219,211
401,220,211
401,221,211
401,222,211
401,223,211
401,224,211
401,225,211
401,226,211
401,227,211
401,228,211
401,229,211
401,230,211
401,231,211
401,232,211
401,233,211
401,234,211
401,235,211
401,236,211
401,237,211
401,238,211
401,239,211
401,0,212
401,1,212
401,2,212
402,3,212
402,4,212
402,5,212
402,6,212
402,7,212
402,8,212
402,9,212
402,10,212
402,11,212
402,12,212
402,13,212
402,14,212
402,15,212
402,16,212
402,17,212
402,18,212
402,19,212
402,20,212
402,21,212
402,22,212
402,23,212
402,24,212
402,25,212
402,26,212
402,27,212
402,28,212
402,29,212
402,30,212
402,31,212
402,32,212
402,33,212
402,34,212
402,35,212
402,36,212
402,37,212
402,38,212
402,39,212
402,40,212
403,41,212
403,42,212
403,43,212
403,44,212
403,45,212
403,46,212
403,47,212
403,48,212
403,49,212
403,50,212
403,51,212
403,52,212
403,53,212
403,54,212
403,55,212
403,56,212
403,57,212
403,58,212
403,59,212
403,60,212
403,61,212
403,62,212
403,63,212
403,64,212
403,65,212
403,66,212
403,67,212
403,68,212
403,69,212
403,70,212
403,71,212
403,72,212
403,73,212
403,74,212
403,75,212
403,76,212
403,77,212
403,78,212
403,79,212
403,80,212
403,81,212
404,82,212
404,83,212
404,84,212
404,85,212
404,86,212
404,87,212
404,88,212
404,89,212
404,90,212
404,91,212
404,92,212
404,93,212
404,94,212
404,95,212
404,96,212
404,97,212
404,98,212
404,99,212
404,100,212
404,101,212
404,102,212
404,103,212
404,104,212
404,105,212
404,106,212
404,107,212
404,108,212
404,109,212
404,110,212
404,111,212
404,112,212
404,113,212
404,114,212
404,115,212
404,116,212
404,117,212
404,118,212
404,119,212
404,120,212
404,121,212
404,122,212
404,123,212
405,124,212
405,125,212
405,126,212
405,127,212
405,128,212
405,129,212
405,130,212
405,131,212
405,132,212
405,133,212
405,134,212
405,135,212
405,136,212
405,137,212
405,138,212
405,139,212
405,140,212
405,141,212
405,142,212
405,143,212
405,144,212
405,145,212
405,146,212
405,147,212
405,148,212
405,149,212
405,150,212
405,151,212
405,152,212
405,153,212
405,154,212
405,155,212
405,156,212
405,157,212
405,158,212
405,159,212
405,160,212
405,161,212
405,162,212
405,163,212
406,164,212
406,165,212
406,166,212
406,167,212
406,168,212
406,169,212
406,170,212
406,171,212
406,172,212
406,173,212
406,174,212
406,175,212
406,176,212
406,177,212
406,178,212
406,179,212
406,180,212
406,181,212
406,182,212
406,183,212
406,184,212
406,185,212
406,186,212
406,187,212
406,188,212
406,189,212
406,190,212
406,191,212
406,192,212
406,193,212
406,194,212
406,195,212
406,196,212
406,197,212
406,198,212
406,199,212
406,200,212
406,201,212
406,202,212
406,203,212
407,204,212
407,205,212
407,206,212
407,207,212
407,208,212
407,209,212
407,210,212
407,211,212
407,212,212
407,213,212
407,214,212
407,215,212
407,216,212
407,217,212
407,218,212
407,219,212
407,220,212
407,221,212
407,222,212
407,223,212
407,224,212
407,225,212
407,226,212
407,227,212
407,228,212
407,229,212
407,230,212
407,231,212
407,232,212
407,233,212
407,234,212
407,235,212
407,236,212
407,237,212
407,238,212
407,239,212
407,0,213
407,1,213
407,2,213
407,3,213
408,4,213
408,5,213
408,6,213
408,7,213
408,8,213
408,9,213
408,10,213
408,11,213
408,12,213
408,13,213
408,14,213
408,15,213
408,16,213
408,17,213
408,18,213
408,19,213
408,20,213
408,21,213
408,22,213
408,23,213
408,24,213
408,25,213
408,26,213
408,27,213
408,28,213
408,29,213
408,30,213
408,31,213
408,32,213
408,33,213
408,34,213
408,35,213
408,36,213
408,37,213
408,38,213
408,39,213
408,40,213
408,41,213
409,42,213
409,43,213
409,44,213
409,45,213
409,46,213
409,47,213
409,48,213
409,49,213
409,50,213
409,51,213
409,52,213
409,53,213
409,54,213
409,55,213
409,56,213
409,57,213
409,58,213
409,59,213
409,60,213
409,61,213
409,62,213
409,63,213
409,64,213
409,65,213
409,66,213
409,67,213
409,68,213
409,69,213
409,70,213
409,71,213
409,72,213
409,73,213
409,74,213
409,75,213
409,76,213
409,77,213
409,78,213
410,79,213
410,80,213
410,81,213
410,82,213
410,83,213
410,84,213
410,85,213
410,86,213
410,87,213
410,88,213
410,89,213
410,90,213
410,91,213
410,92,213
410,93,213
410,94,213
410,95,213
410,96,213
410,97,213
410,98,213
410,99,213
410,100,213
410,101,213
410,102,213
410,103,213
410,104,213
410,105,213
410,106,213
410,107,213
410,108,213
410,109,213
410,110,213
410,111,213
410,112,213
410,113,213
410,114,213
410,115,213
410,116,213
410,117,213
410,118,213
411,119,213
411,120,213
411,121,213
411,122,213
411,123,213
411,124,213
411,125,213
411,126,213
411,127,213
411,128,213
411,129,213
411,130,213
411,131,213
411,132,213
411,133,213
411,134,213
411,135,213
411,136,213
411,137,213
411,138,213
411,139,213
411,140,213
411,141,213
411,142,213
411,143,213
411,144,213
411,145,213
411,146,213
411,147,213
411,148,213
411,149,213
411,150,213
411,151,213
411,152,213
411,153,213
411,154,213
411,155,213
411,156,213
411,157,213
411,158,213
411,159,213
412,160,213
412,161,213
412,162,213
412,163,213
412,164,213
412,165,213
412,166,213
412,167,213
412,168,213
412,169,213
412,170,213
412,171,213
412,172,213
412,173,213
412,174,213
412,175,213
412,176,213
412,177,213
412,178,213
412,179,213
412,180,213
412,181,213
412,182,213
412,183,213
412,184,213
412,185,213
412,186,213
412,187,213
412,188,213
412,189,213
412,190,213
412,191,213
412,192,213
412,193,213
412,194,213
412,195,213
412,196,213
412,197,213
413,198,213
413,199,213
413,200,213
413,201,213
413,202,213
413,203,213
413,204,213
413,205,213
413,206,213
413,207,213
413,208,213
413,209,213
413,210,213
413,211,213
413,212,213
413,213,213
413,214,213
413,215,213
413,216,213
413,217,213
413,218,213
413,219,213
413,220,213
413,221,213
413,222,213
413,223,213
413,224,213
413,225,213
413,226,213
413,227,213
413,228,213
413,229,213
413,230,213
413,231,213
413,232,213
413,233,213
413,234,213
413,235,213
413,236,213
413,237,213
413,238,213
414,239,213
414,0,214
414,1,214
414,2,214
414,3,214
414,4,214
414,5,214
414,6,214
414,7,214
414,8,214
414,9,214
414,10,214
414,11,214
414,12,214
414,13,214
414,14,214
414,15,214
414,16,214
414,17,214
414,18,214
414,19,214
414,20,214
414,21,214
414,22,214
414,23,214
414,24,214
414,25,214
414,26,214
414,27,214
414,28,214
414,29,214
414,30,214
414,31,214
414,32,214
414,33,214
414,34,214
414,35,214
414,36,214
414,37,214
414,38,214
414,39,214
415,40,214
415,41,214
415,42,214
415,43,214
415,44,214
415,45,214
415,46,214
415,47,214
415,48,214
415,49,214
415,50,214
415,51,214
415,52,214
415,53,214
415,54,214
415,55,214
415,56,214
415,57,214
415,58,214
415,59,214
415,60,214
415,61,214
415,62,214
415,63,214
415,64,214
415,65,214
415,66,214
415,67,214
415,68,214
415,69,214
415,70,214
415,71,214
415,72,214
415,73,214
415,74,214
415,75,214
415,76,214
415,77,214
415,78,214
415,79,214
415,80,214
416,81,214
416,82,214
416,83,214
416,84,214
416,85,214
416,86,214
416,87,214
416,88,214
416,89,214
416,90,214
416,91,214
416,92,214
416,93,214
416,94,214
416,95,214
416,96,214
416,97,214
416,98,214
416,99,214
416,100,214
416,101,214
416,102,214
416,103,214
416,104,214
416,105,214
416,106,214
416,107,214
416,108,214
416,109,214
416,110,214
416,111,214
416,112,214
416,113,214
416,114,214
416,115,214
416,116,214
416,117,214
416,118,214
416,119,214
416,120,214
417,121,214
417,122,214
417,123,214
417,124,214
417,125,214
417,126,214
417,127,214
417,128,214
417,129,214
417,130,214
417,131,214
417,132,214
417,133,214
417,134,214
417,135,214
417,136,214
417,137,214
417,138,214
417,139,214
417,140,214
417,141,214
417,142,214
417,143,214
417,144,214
417,145,214
417,146,214
417,147,214
417,148,214
417,149,214
417,150,214
417,151,214
417,152,214
417,153,214
417,154,214
417,155,214
417,156,214
417,157,214
417,158,214
417,159,214
417,160,214
418,161,214
418,162,214
418,163,214
418,164,214
418,165,214
418,166,214
418,167,214
418,168,214
418,169,214
418,170,214
418,171,214
418,172,214
418,173,214
418,174,214
418,175,214
418,176,214
418,177,214
418,178,214
418,179,214
418,180,214
418,181,214
418,182,214
418,183,214
418,184,214
418,185,214
418,186,214
418,187,214
418,188,214
418,189,214
418,190,214
418,191,214
418,192,214
418,193,214
418,194,214
418,195,214
418,196,214
418,197,214
418,198,214
418,199,214
419,200,214
419,201,214
419,202,214
419,203,214
419,204,214
419,205,214
419,206,214
419,207,214
419,208,214
419,209,214
419,210,214
419,211,214
419,212,214
419,213,214
419,214,214
419,215,214
419,216,214
419,217,214
419,218,214
419,219,214
419,220,214
419,221,214
419,222,214
419,223,214
419,224,214
419,225,214
419,226,214
419,227,214
419,228,214
419,229,214
419,230,214
419,231,214
419,232,214
419,233,214
419,234,214
419,235,214
419,236,214
420,237,214
420,238,214
420,239,214
420,0,215
420,1,215
420,2,215
420,3,215
420,4,215
420,5,215
420,6,215
420,7,215
420,8,215
420,9,215
420,10,215
420,11,215
420,12,215
420,13,215
420,14,215
420,15,215
420,16,215
420,17,215
420,18,215
420,19,215
420,20,215
420,21,215
420,22,215
420,23,215
420,24,215
420,25,215
420,26,215
420,27,215
420,28,215
420,29,215
420,30,215
420,31,215
420,32,215
420,33,215
420,34,215
420,35,215
421,36,215
421,37,215
421,38,215
421,39,215
421,40,215
421,41,215
421,42,215
421,43,215
421,44,215
421,45,215
421,46,215
421,47,215
421,48,215
421,49,215
421,50,215
421,51,215
421,52,215
421,53,215
421,54,215
421,55,215
421,56,215
421,57,215
421,58,215
421,59,215
421,60,215
421,61,215
421,62,215
421,63,215
421,64,215
421,65,215
421,66,215
421,67,215
421,68,215
421,69,215
421,70,215
421,71,215
421,72,215
421,73,215
421,74,215
421,75,215
421,76,215
422,77,215
422,78,215
422,79,215
422,80,215
422,81,215
422,82,215
422,83,215
422,84,215
422,85,215
422,86,215
422,87,215
422,88,215
422,89,215
422,90,215
422,91,215
422,92,215
422,93,215
422,94,215
422,95,215
422,96,215
422,97,215
422,98,215
422,99,215
422,100,215
422,101,215
422,102,215
422,103,215
422,104,215
422,105,215
422,106,215
422,107,215
422,108,215
422,109,215
422,110,215
422,111,215
422,112,215
422,113,215
422,114,215
422,115,215
423,116,215
423,117,215
423,118,215
423,119,215
423,120,215
423,121,215
423,122,215
423,123,215
423,124,215
423,125,215
423,126,215
423,127,215
423,128,215
423,129,215
423,130,215
423,131,215
423,132,215
423,133,215
423,134,215
423,135,215
423,136,215
423,137,215
423,138,215
423,139,215
423,140,215
423,141,215
423,142,215
423,143,215
423,144,215
423,145,215
423,146,215
423,147,215
423,148,215
423,149,215
423,150,215
423,151,215
423,152,215
423,153,215
424,154,215
424,155,215
424,156,215
424,157,215
424,158,215
424,159,215
424,160,215
424,161,215
424,162,215
424,163,215
424,164,215
424,165,215
424,166,215
424,167,215
424,168,215
424,169,215
424,170,215
424,171,215
424,172,215
424,173,215
424,174,215
424,175,215
424,176,215
424,177,215
424,178,215
424,179,215
424,180,215
424,181,215
424,182,215
424,183,215
424,184,215
424,185,215
424,186,215
424,187,215
424,188,215
424,189,215
424,190,215
424,191,215
424,192,215
425,193,215
425,194,215
425,195,215
425,196,215
425,197,215
425,198,215
425,199,215
425,200,215
425,201,215
425,202,215
425,203,215
425,204,215
425,205,215
425,206,215
425,207,215
425,208,215
425,209,215
425,210,215
425,211,215
425,212,215
425,213,215
425,214,215
425,215,215
425,216,215
425,217,215
425,218,215
425,219,215
425,220,215
425,221,215
425,222,215
425,223,215
425,224,215
425,225,215
425,226,215
425,227,215
425,228,215
425,229,215
425,230,215
425,231,215
426,232,215
426,233,215
426,234,215
426,235,215
426,236,215
426,237,215
426,238,215
426,239,215
426,0,216
426,1,216
426,2,216
426,3,216
426,4,216
426,5,216
426,6,216
426,7,216
426,8,216
426,9,216
426,10,216
426,11,216
426,12,216
426,13,216
426,14,216
426,15,216
426,16,216
426,17,216
426,18,216
426,19,216
426,20,216
426,21,216
426,22,216
426,23,216
426,24,216
426,25,216
426,26,216
426,27,216
426,28,216
426,29,216
426,30,216
426,31,216
426,32,216
427,33,216
427,34,216
427,35,216
427,36,216
427,37,216
427,38,216
427,39,216
427,40,216
427,41,216
427,42,216
427,43,216
427,44,216
427,45,216
427,46,216
427,47,216
427,48,216
427,49,216
427,50,216
427,51,216
427,52,216
427,53,216
427,54,216
427,55,216
427,56,216
427,57,216
427,58,216
427,59,216
427,60,216
427,61,216
427,62,216
427,63,216
427,64,216
427,65,216
427,66,216
427,67,216
427,68,216
427,69,216
427,70,216
427,71,216
427,72,216
427,73,216
427,74,216
428,75,216
428,76,216
428,77,216
428,78,216
428,79,216
428,80,216
428,81,216
428,82,216
428,83,216
428,84,216
428,85,216
428,86,216
428,87,216
428,88,216
428,89,216
428,90,216
428,91,216
428,92,216
428,93,216
428,94,216
428,95,216
428,96,216
428,97,216
428,98,216
428,99,216
428,100,216
428,101,216
428,102,216
428,103,216
428,104,216
428,105,216
428,106,216
428,107,216
428,108,216
428,109,216
428,110,216
428,111,216
428,112,216
428,113,216
428,114,216
428,115,216
429,116,216
429,117,216
429,118,216
429,119,216
429,120,216
429,121,216
429,122,216
429,123,216
429,124,216
429,125,216
429,126,216
429,127,216
429,128,216
429,129,216
429,130,216
429,131,216
429,132,216
429,133,216
429,134,216
429,135,216
429,136,216
429,137,216
429,138,216
429,139,216
429,140,216
429,141,216
429,142,216
429,143,216
429,144,216
429,145,216
429,146,216
429,147,216
429,148,216
429,149,216
429,150,216
429,151,216
429,152,216
429,153,216
430,154,216
430,155,216
430,156,216
430,157,216
430,158,216
430,159,216
430,160,216
430,161,216
430,162,216
430,163,216
430,164,216
430,165,216
430,166,216
430,167,216
430,168,216
430,169,216
430,170,216
430,171,216
430,172,216
430,173,216
430,174,216
430,175,216
430,176,216
430,177,216
430,178,216
430,179,216
430,180,216
430,181,216
430,182,216
430,183,216
430,184,216
430,185,216
430,186,216
430,187,216
430,188,216
430,189,216
430,190,216
430,191,216
430,192,216
430,193,216
430,194,216
430,195,216
431,196,216
431,197,216
431,198,216
431,199,216
431,200,216
431,201,216
431,202,216
431,203,216
431,204,216
431,205,216
431,206,216
431,207,216
431,208,216
431,209,216
431,210,216
431,211,216
431,212,216
431,213,216
431,214,216
431,215,216
431,216,216
431,217,216
431,218,216
431,219,216
431,220,216
431,221,216
431,222,216
431,223,216
431,224,216
431,225,216
431,226,216
431,227,216
431,228,216
431,229,216
431,230,216
431,231,216
431,232,216
431,233,216
431,234,216
431,235,216
432,236,216
432,237,216
432,238,216
432,239,216
432,0,217
432,1,217
432,2,217
432,3,217
432,4,217
432,5,217
432,6,217
432,7,217
432,8,217
432,9,217
432,10,217
432,11,217
432,12,217
432,13,217
432,14,217
432,15,217
432,16,217
432,17,217
432,18,217
432,19,217
432,20,217
432,21,217
432,22,217
432,23,217
432,24,217
432,25,217
432,26,217
432,27,217
432,28,217
432,29,217
432,30,217
432,31,217
432,32,217
432,33,217
432,34,217
432,35,217
432,36,217
432,37,217
433,38,217
433,39,217
433,40,217
433,41,217
433,42,217
433,43,217
433,44,217
433,45,217
433,46,217
433,47,217
433,48,217
433,49,217
433,50,217
433,51,217
433,52,217
433,53,217
433,54,217
433,55,217
433,56,217
433,57,217
433,58,217
433,59,217
433,60,217
433,61,217
433,62,217
433,63,217
433,64,217
433,65,217
433,66,217
433,67,217
433,68,217
433,69,217
433,70,217
433,71,217
433,72,217
433,73,217
433,74,217
433,75,217
433,76,217
433,77,217
433,78,217
434,79,217
434,80,217
434,81,217
434,82,217
434,83,217
434,84,217
434,85,217
434,86,217
434,87,217
434,88,217
434,89,217
434,90,217
434,91,217
434,92,217
434,93,217
434,94,217
434,95,217
434,96,217
434,97,217
434,98,217
434,99,217
434,100,217
434,101,217
434,102,217
434,103,217
434,104,217
434,105,217
434,106,217
434,107,217
434,108,217
434,109,217
434,110,217
434,111,217
434,112,217
434,113,217
434,114,217
434,115,217
434,116,217
434,117,217
434,118,217
434,119,217
434,120,217
435,121,217
435,122,217
435,123,217
435,124,217
435,125,217
435,126,217
435,127,217
435,128,217
435,129,217
435,130,217
435,131,217
435,132,217
435,133,217
435,134,217
435,135,217
435,136,217
435,137,217
435,138,217
435,139,217
435,140,217
435,141,217
435,142,217
435,143,217
435,144,217
435,145,217
435,146,217
435,147,217
435,148,217
435,149,217
435,150,217
435,151,217
435,152,217
435,153,217
435,154,217
435,155,217
435,156,217
435,157,217
435,158,217
435,159,217
435,160,217
435,161,217
435,162,217
436,163,217
436,164,217
436,165,217
436,166,217
436,167,217
436,168,217
436,169,217
436,170,217
436,171,217
436,172,217
436,173,217
436,174,217
436,175,217
436,176,217
436,177,217
436,178,217
436,179,217
436,180,217
436,181,217
436,182,217
436,183,217
436,184,217
436,185,217
436,186,217
436,187,217
436,188,217
436,189,217
436,190,217
436,191,217
436,192,217
436,193,217
436,194,217
436,195,217
436,196,217
436,197,217
436,198,217
436,199,217
436,200,217
436,201,217
436,202,217
436,203,217
436,204,217
437,205,217
437,206,217
437,207,217
437,208,217
437,209,217
437,210,217
437,211,217
437,212,217
437,213,217
437,214,217
437,215,217
437,216,217
437,217,217
437,218,217
437,219,217
437,220,217
437,221,217
437,222,217
437,223,217
437,224,217
437,225,217
437,226,217
437,227,217
437,228,217
437,229,217
437,230,217
437,231,217
437,232,217
437,233,217
437,234,217
437,235,217
437,236,217
437,237,217
437,238,217
437,239,217
437,0,218
437,1,218
437,2,218
437,3,218
437,4,218
437,5,218
437,6,218
438,7,218
438,8,218
438,9,218
438,10,218
438,11,218
438,12,218
438,13,218
438,14,218
438,15,218
438,16,218
438,17,218
438,18,218
438,19,218
438,20,218
438,21,218
438,22,218
438,23,218
438,24,218
438,25,218
438,26,218
438,27,218
438,28,218
438,29,218
438,30,218
438,31,218
438,32,218
438,33,218
438,34,218
438,35,218
438,36,218
438,37,218
438,38,218
438,39,218
438,40,218
438,41,218
438,42,218
438,43,218
438,44,218
438,45,218
438,46,218
439,47,218
439,48,218
439,49,218
439,50,218
439,51,218
439,52,218
439,53,218
439,54,218
439,55,218
439,56,218
439,57,218
439,58,218
439,59,218
439,60,218
439,61,218
439,62,218
439,63,218
439,64,218
439,65,218
439,66,218
439,67,218
439,68,218
439,69,218
439,70,218
439,71,218
439,72,218
439,73,218
440,74,218
440,75,218
440,76,218
440,77,218
440,78,218
440,79,218
440,80,218
440,81,218
440,82,218
440,83,218
440,84,218
440,85,218
440,86,218
440,87,218
440,88,218
440,89,218
440,90,218
440,91,218
440,92,218
440,93,218
440,94,218
440,95,218
440,96,218
440,97,218
440,98,218
440,99,218
440,100,218
440,101,218
440,102,218
440,103,218
440,104,218
440,105,218
440,106,218
440,107,218
440,108,218
440,109,218
440,110,218
440,111,218
440,112,218
440,113,218
440,114,218
441,115,218
441,116,218
441,117,218
441,118,218
441,119,218
441,120,218
441,121,218
441,122,218
441,123,218
441,124,218
441,125,218
441,126,218
441,127,218
441,128,218
441,129,218
441,130,218
441,131,218
441,132,218
441,133,218
441,134,218
441,135,218
441,136,218
441,137,218
441,138,218
441,139,218
441,140,218
441,141,218
441,142,218
441,143,218
441,144,218
441,145,218
441,146,218
441,147,218
441,148,218
441,149,218
441,150,218
441,151,218
441,152,218
441,153,218
442,154,218
442,155,218
442,156,218
442,157,218
442,158,218
442,159,218
442,160,218
442,161,218
442,162,218
442,163,218
442,164,218
442,165,218
442,166,218
442,167,218
442,168,218
442,169,218
442,170,218
442,171,218
442,172,218
442,173,218
442,174,218
442,175,218
442,176,218
442,177,218
442,178,218
442,179,218
442,180,218
442,181,218
442,182,218
442,183,218
442,184,218
442,185,218
442,186,218
442,187,218
442,188,218
442,189,218
442,190,218
442,191,218
442,192,218
442,193,218
442,194,218
443,195,218
443,196,218
443,197,218
443,198,218
443,199,218
443,200,218
443,201,218
443,202,218
443,203,218
443,204,218
443,205,218
443,206,218
443,207,218
443,208,218
443,209,218
443,210,218
443,211,218
443,212,218
443,213,218
443,214,218
443,215,218
443,216,218
443,217,218
443,218,218
443,219,218
443,220,218
443,221,218
443,222,218
443,223,218
443,224,218
443,225,218
443,226,218
443,227,218
443,228,218
443,229,218
443,230,218
443,231,218
443,232,218
443,233,218
443,234,218
443,235,218
443,236,218
444,237,218
444,238,218
444,239,218
444,0,219
444,1,219
444,2,219
444,3,219
444,4,219
444,5,219
444,6,219
444,7,219
444,8,219
444,9,219
444,10,219
444,11,219
444,12,219
444,13,219
444,14,219
444,15,219
444,16,219
444,17,219
444,18,219
444,19,219
444,20,219
444,21,219
444,22,219
444,23,219
444,24,219
444,25,219
444,26,219
444,27,219
444,28,219
444,29,219
444,30,219
444,31,219
444,32,219
444,33,219
444,34,219
444,35,219
444,36,219
444,37,219
444,38,219
445,39,219
445,40,219
445,41,219
445,42,219
445,43,219
445,44,219
445,45,219
445,46,219
445,47,219
445,48,219
445,49,219
445,50,219
445,51,219
445,52,219
445,53,219
445,54,219
445,55,219
445,56,219
445,57,219
445,58,219
445,59,219
445,60,219
445,61,219
445,62,219
445,63,219
445,64,219
445,65,219
445,66,219
445,67,219
445,68,219
445,69,219
445,70,219
445,71,219
445,72,219
445,73,219
445,74,219
445,75,219
445,76,219
445,77,219
445,78,219
445,79,219
446,80,219
446,81,219
446,82,219
446,83,219
446,84,219
446,85,219
446,86,219
446,87,219
446,88,219
446,89,219
446,90,219
446,91,219
446,92,219
446,93,219
446,94,219
446,95,219
446,96,219
446,97,219
446,98,219
446,99,219
446,100,219
446,101,219
446,102,219
446,103,219
446,104,219
446,105,219
446,106,219
446,107,219
446,108,219
446,109,219
446,110,219
446,111,219
446,112,219
446,113,219
446,114,219
446,115,219
446,116,219
446,117,219
446,118,219
446,119,219
446,120,219
447,121,219
447,122,219
447,123,219
447,124,219
447,125,219
447,126,219
447,127,219
447,128,219
447,129,219
447,130,219
447,131,219
447,132,219
447,133,219
447,134,219
447,135,219
447,136,219
447,137,219
447,138,219
447,139,219
447,140,219
447,141,219
447,142,219
447,143,219
447,144,219
447,145,219
447,146,219
447,147,219
447,148,219
447,149,219
447,150,219
447,151,219
447,152,219
447,153,219
447,154,219
447,155,219
447,156,219
447,157,219
447,158,219
447,159,219
447,160,219
447,161,219
447,162,219
448,163,219
448,164,219
448,165,219
448,166,219
448,167,219
448,168,219
448,169,219
448,170,219
448,171,219
448,172,219
448,173,219
448,174,219
448,175,219
448,176,219
448,177,219
448,178,219
448,179,219
448,180,219
448,181,219
448,182,219
448,183,219
448,184,219
448,185,219
448,186,219
448,187,219
448,188,219
448,189,219
448,190,219
448,191,219
448,192,219
448,193,219
448,194,219
448,195,219
448,196,219
448,197,219
448,198,219
448,199,219
448,200,219
449,201,219
449,202,219
449,203,219
449,204,219
449,205,219
449,206,219
449,207,219
449,208,219
449,209,219
449,210,219
449,211,219
449,212,219
449,213,219
449,214,219
449,215,219
449,216,219
449,217,219
449,218,219
449,219,219
449,220,219
449,221,219
449,222,219
449,223,219
449,224,219
449,225,219
449,226,219
449,227,219
449,228,219
449,229,219
449,230,219
449,231,219
449,232,219
449,233,219
449,234,219
449,235,219
449,236,219
449,237,219
450,238,219
450,239,219
450,0,220
450,1,220
450,2,220
450,3,220
450,4,220
450,5,220
450,6,220
450,7,220
450,8,220
450,9,220
450,10,220
450,11,220
450,12,220
450,13,220
450,14,220
450,15,220
450,16,220
450,17,220
450,18,220
450,19,220
450,20,220
450,21,220
450,22,220
450,23,220
450,24,220
450,25,220
450,26,220
450,27,220
450,28,220
450,29,220
450,30,220
450,31,220
450,32,220
450,33,220
450,34,220
450,35,220
450,36,220
450,37,220
450,38,220
451,39,220
451,40,220
451,41,220
451,42,220
451,43,220
451,44,220
451,45,220
451,46,220
451,47,220
451,48,220
451,49,220
451,50,220
451,51,220
451,52,220
451,53,220
451,54,220
451,55,220
451,56,220
451,57,220
451,58,220
451,59,220
451,60,220
451,61,220
451,62,220
451,63,220
451,64,220
451,65,220
451,66,220
451,67,220
451,68,220
451,69,220
451,70,220
451,71,220
451,72,220
451,73,220
451,74,220
451,75,220
451,76,220
452,77,220
452,78,220
452,79,220
452,80,220
452,81,220
452,82,220
452,83,220
452,84,220
452,85,220
452,86,220
452,87,220
452,88,220
452,89,220
452,90,220
452,91,220
452,92,220
452,93,220
452,94,220
452,95,220
452,96,220
452,97,220
452,98,220
452,99,220
452,100,220
452,101,220
452,102,220
452,103,220
452,104,220
452,105,220
452,106,220
452,107,220
452,108,220
452,109,220
452,110,220
452,111,220
452,112,220
452,113,220
452,114,220
452,115,220
452,116,220
452,117,220
452,118,220
453,119,220
453,120,220
453,121,220
453,122,220
453,123,220
453,124,220
453,125,220
453,126,220
453,127,220
453,128,220
453,129,220
453,130,220
453,131,220
453,132,220
453,133,220
453,134,220
453,135,220
453,136,220
453,137,220
453,138,220
453,139,220
453,140,220
453,141,220
453,142,220
453,143,220
453,144,220
453,145,220
453,146,220
453,147,220
453,148,220
453,149,220
453,150,220
453,151,220
453,152,220
453,153,220
453,154,220
453,155,220
453,156,220
453,157,220
453,158,220
453,159,220
453,160,220
454,161,220
454,162,220
454,163,220
454,164,220
454,165,220
454,166,220
454,167,220
454,168,220
454,169,220
454,170,220
454,171,220
454,172,220
454,173,220
454,174,220
454,175,220
454,176,220
454,177,220
454,178,220
454,179,220
454,180,220
454,181,220
454,182,220
454,183,220
454,184,220
454,185,220
454,186,220
454,187,220
454,188,220
454,189,220
454,190,220
454,191,220
454,192,220
454,193,220
454,194,220
454,195,220
454,196,220
454,197,220
454,198,220
454,199,220
454,200,220
454,201,220
454,202,220
455,203,220
455,204,220
455,205,220
455,206,220
455,207,220
455,208,220
455,209,220
455,210,220
455,211,220
455,212,220
455,213,220
455,214,220
455,215,220
455,216,220
455,217,220
455,218,220
455,219,220
455,220,220
455,221,220
455,222,220
455,223,220
455,224,220
455,225,220
455,226,220
455,227,220
455,228,220
455,229,220
455,230,220
455,231,220
455,232,220
455,233,220
455,234,220
455,235,220
455,236,220
455,237,220
455,238,220
455,239,220
455,0,221
455,1,221
456,2,221
456,3,221
456,4,221
456,5,221
456,6,221
456,7,221
456,8,221
456,9,221
456,10,221
456,11,221
456,12,221
456,13,221
456,14,221
456,15,221
456,16,221
456,17,221
456,18,221
456,19,221
456,20,221
456,21,221
456,22,221
456,23,221
456,24,221
456,25,221
456,26,221
456,27,221
456,28,221
456,29,221
456,30,221
456,31,221
456,32,221
456,33,221
456,34,221
456,35,221
456,36,221
456,37,221
456,38,221
456,39,221
456,40,221
456,41,221
456,42,221
457,43,221
457,44,221
457,45,221
457,46,221
457,47,221
457,48,221
457,49,221
457,50,221
457,51,221
457,52,221
457,53,221
457,54,221
457,55,221
457,56,221
457,57,221
457,58,221
457,59,221
457,60,221
457,61,221
457,62,221
457,63,221
457,64,221
457,65,221
457,66,221
457,67,221
457,68,221
457,69,221
457,70,221
457,71,221
457,72,221
457,73,221
457,74,221
457,75,221
457,76,221
457,77,221
457,78,221
457,79,221
457,80,221
457,81,221
457,82,221
457,83,221
457,84,221
458,85,221
458,86,221
458,87,221
458,88,221
458,89,221
458,90,221
458,91,221
458,92,221
458,93,221
458,94,221
458,95,221
458,96,221
458,97,221
458,98,221
458,99,221
458,100,221
458,101,221
458,102,221
458,103,221
458,104,221
458,105,221
458,106,221
458,107,221
458,108,221
458,109,221
458,110,221
458,111,221
458,112,221
458,113,221
458,114,221
458,115,221
458,116,221
458,117,221
458,118,221
458,119,221
458,120,221
458,121,221
458,122,221
458,123,221
458,124,221
458,125,221
459,126,221
459,127,221
459,128,221
459,129,221
459,130,221
459,131,221
459,132,221
459,133,221
459,134,221
459,135,221
459,136,221
459,137,221
459,138,221
459,139,221
459,140,221
459,141,221
459,142,221
459,143,221
459,144,221
459,145,221
459,146,221
459,147,221
459,148,221
459,149,221
459,150,221
459,151,221
459,152,221
459,153,221
459,154,221
459,155,221
459,156,221
459,157,221
459,158,221
459,159,221
459,160,221
459,161,221
459,162,221
460,163,221
460,164,221
460,165,221
460,166,221
460,167,221
460,168,221
460,169,221
460,170,221
460,171,221
460,172,221
460,173,221
460,174,221
460,175,221
460,176,221
460,177,221
460,178,221
460,179,221
460,180,221
460,181,221
460,182,221
460,183,221
460,184,221
460,185,221
460,186,221
460,187,221
460,188,221
460,189,221
460,190,221
460,191,221
460,192,221
460,193,221
460,194,221
460,195,221
460,196,221
460,197,221
460,198,221
460,199,221
461,200,221
461,201,221
461,202,221
461,203,221
461,204,221
461,205,221
461,206,221
461,207,221
461,208,221
461,209,221
461,210,221
461,211,221
461,212,221
461,213,221
461,214,221
461,215,221
461,216,221
461,217,221
461,218,221
461,219,221
461,220,221
461,221,221
461,222,221
461,223,221
461,224,221
461,225,221
461,226,221
461,227,221
461,228,221
461,229,221
461,230,221
461,231,221
461,232,221
461,233,221
461,234,221
461,235,221
461,236,221
461,237,221
461,238,221
461,239,221
461,0,222
462,1,222
462,2,222
462,3,222
462,4,222
462,5,222
462,6,222
462,7,222
462,8,222
462,9,222
462,10,222
462,11,222
462,12,222
462,13,222
462,14,222
462,15,222
462,16,222
462,17,222
462,18,222
462,19,222
462,20,222
462,21,222
462,22,222
462,23,222
462,24,222
462,25,222
462,26,222
462,27,222
462,28,222
462,29,222
462,30,222
462,31,222
462,32,222
462,33,222
462,34,222
462,35,222
462,36,222
462,37,222
462,38,222
462,39,222
462,40,222
462,41,222
462,42,222
463,43,222
463,44,222
463,45,222
463,46,222
463,47,222
463,48,222
463,49,222
463,50,222
463,51,222
463,52,222
463,53,222
463,54,222
463,55,222
463,56,222
463,57,222
463,58,222
463,59,222
463,60,222
463,61,222
463,62,222
463,63,222
463,64,222
463,65,222
463,66,222
463,67,222
463,68,222
463,69,222
463,70,222
463,71,222
463,72,222
463,73,222
463,74,222
463,75,222
463,76,222
463,77,222
463,78,222
463,79,222
463,80,222
463,81,222
463,82,222
463,83,222
463,84,222
464,85,222
464,86,222
464,87,222
464,88,222
464,89,222
464,90,222
464,91,222
464,92,222
464,93,222
464,94,222
464,95,222
464,96,222
464,97,222
464,98,222
464,99,222
464,100,222
464,101,222
464,102,222
464,103,222
464,104,222
464,105,222
464,106,222
464,107,222
464,108,222
464,109,222
464,110,222
464,111,222
464,112,222
464,113,222
464,114,222
464,115,222
464,116,222
464,117,222
464,118,222
464,119,222
464,120,222
464,121,222
464,122,222
464,123,222
464,124,222
464,125,222
465,126,222
465,127,222
465,128,222
465,129,222
465,130,222
465,131,222
465,132,222
465,133,222
465,134,222
465,135,222
465,136,222
465,137,222
465,138,222
465,139,222
465,140,222
465,141,222
465,142,222
465,143,222
465,144,222
465,145,222
465,146,222
465,147,222
465,148,222
465,149,222
465,150,222
465,151,222
465,152,222
465,153,222
465,154,222
465,155,222
465,156,222
465,157,222
465,158,222
465,159,222
465,160,222
465,161,222
465,162,222
465,163,222
465,164,222
465,165,222
465,166,222
465,167,222
466,168,222
466,169,222
466,170,222
466,171,222
466,172,222
466,173,222
466,174,222
466,175,222
466,176,222
466,177,222
466,178,222
466,179,222
466,180,222
466,181,222
466,182,222
466,183,222
466,184,222
466,185,222
466,186,222
466,187,222
466,188,222
466,189,222
466,190,222
466,191,222
466,192,222
466,193,222
466,194,222
466,195,222
466,196,222
466,197,222
466,198,222
466,199,222
466,200,222
466,201,222
466,202,222
466,203,222
466,204,222
466,205,222
466,206,222
466,207,222
466,208,222
466,209,222
467,210,222
467,211,222
467,212,222
467,213,222
467,214,222
467,215,222
467,216,222
467,217,222
467,218,222
467,219,222
467,220,222
467,221,222
467,222,222
467,223,222
467,224,222
467,225,222
467,226,222
467,227,222
467,228,222
467,229,222
467,230,222
467,231,222
467,232,222
467,233,222
467,234,222
467,235,222
467,236,222
467,237,222
467,238,222
467,239,222
467,0,223
467,1,223
467,2,223
467,3,223
467,4,223
467,5,223
467,6,223
467,7,223
467,8,223
467,9,223
467,10,223
467,11,223
468,12,223
468,13,223
468,14,223
468,15,223
468,16,223
468,17,223
468,18,223
468,19,223
468,20,223
468,21,223
468,22,223
468,23,223
468,24,223
468,25,223
468,26,223
468,27,223
468,28,223
468,29,223
468,30,223
468,31,223
468,32,223
468,33,223
468,34,223
468,35,223
468,36,223
468,37,223
468,38,223
468,39,223
468,40,223
468,41,223
468,42,223
468,43,223
468,44,223
468,45,223
468,46,223
468,47,223
468,48,223
468,49,223
468,50,223
468,51,223
468,52,223
469,53,223
469,54,223
469,55,223
469,56,223
469,57,223
469,58,223
469,59,223
469,60,223
469,61,223
469,62,223
469,63,223
469,64,223
469,65,223
469,66,223
469,67,223
469,68,223
469,69,223
469,70,223
469,71,223
469,72,223
469,73,223
469,74,223
469,75,223
469,76,223
469,77,223
469,78,223
469,79,223
469,80,223
469,81,223
469,82,223
469,83,223
469,84,223
469,85,223
469,86,223
470,87,223
470,88,223
470,89,223
470,90,223
470,91,223
470,92,223
470,93,223
470,94,223
470,95,223
470,96,223
470,97,223
470,98,223
470,99,223
470,100,223
470,101,223
470,102,223
470,103,223
471,104,223
471,105,223
471,106,223
471,107,223
471,108,223
471,109,223
471,110,223
471,111,223
471,112,223
471,113,223
471,114,223
471,115,223
471,116,223
471,117,223
471,118,223
471,119,223
471,120,223
471,121,223
471,122,223
471,123,223
471,124,223
471,125,223
471,126,223
471,127,223
471,128,223
471,129,223
471,130,223
471,131,223
471,132,223
472,133,223
472,134,223
472,135,223
472,136,223
472,137,223
472,138,223
472,139,223
472,140,223
472,141,223
472,142,223
472,143,223
472,144,223
472,145,223
472,146,223
472,147,223
472,148,223
472,149,223
472,150,223
472,151,223
472,152,223
472,153,223
472,154,223
472,155,223
472,156,223
472,157,223
472,158,223
472,159,223
472,160,223
472,161,223
472,162,223
472,163,223
472,164,223
472,165,223
472,166,223
473,167,223
473,168,223
473,169,223
473,170,223
473,171,223
473,172,223
473,173,223
473,174,223
473,175,223
473,176,223
473,177,223
473,178,223
473,179,223
473,180,223
473,181,223
473,182,223
473,183,223
473,184,223
473,185,223
473,186,223
473,187,223
473,188,223
473,189,223
473,190,223
473,191,223
473,192,223
473,193,223
473,194,223
473,195,223
473,196,223
473,197,223
473,198,223
473,199,223
473,200,223
473,201,223
473,202,223
473,203,223
473,204,223
473,205,223
473,206,223
473,207,223
473,208,223
474,209,223
474,210,223
474,211,223
474,212,223
474,213,223
474,214,223
474,215,223
474,216,223
474,217,223
474,218,223
474,219,223
474,220,223
474,221,223
474,222,223
474,223,223
474,224,223
474,225,223
474,226,223
474,227,223
474,228,223
474,229,223
474,230,223
474,231,223
474,232,223
474,233,223
474,234,223
474,235,223
474,236,223
474,237,223
474,238,223
474,239,223
474,0,224
474,1,224
474,2,224
474,3,224
474,4,224
474,5,224
474,6,224
474,7,224
474,8,224
475,9,224
475,10,224
475,11,224
475,12,224
475,13,224
475,14,224
475,15,224
475,16,224
475,17,224
475,18,224
475,19,224
475,20,224
475,21,224
475,22,224
475,23,224
475,24,224
475,25,224
475,26,224
475,27,224
475,28,224
475,29,224
475,30,224
475,31,224
475,32,224
475,33,224
475,34,224
475,35,224
475,36,224
475,37,224
475,38,224
475,39,224
475,40,224
475,41,224
475,42,224
475,43,224
475,44,224
475,45,224
475,46,224
475,47,224
475,48,224
475,49,224
476,50,224
476,51,224
476,52,224
476,53,224
476,54,224
476,55,224
476,56,224
476,57,224
476,58,224
476,59,224
476,60,224
476,61,224
476,62,224
476,63,224
476,64,224
476,65,224
476,66,224
476,67,224
476,68,224
476,69,224
476,70,224
476,71,224
476,72,224
476,73,224
476,74,224
476,75,224
476,76,224
476,77,224
476,78,224
476,79,224
476,80,224
476,81,224
476,82,224
476,83,224
476,84,224
476,85,224
476,86,224
476,87,224
476,88,224
476,89,224
476,90,224
476,91,224
477,92,224
477,93,224
477,94,224
477,95,224
477,96,224
477,97,224
477,98,224
477,99,224
477,100,224
477,101,224
477,102,224
477,103,224
477,104,224
477,105,224
477,106,224
477,107,224
477,108,224
477,109,224
477,110,224
477,111,224
477,112,224
477,113,224
477,114,224
477,115,224
477,116,224
477,117,224
477,118,224
477,119,224
477,120,224
477,121,224
477,122,224
477,123,224
477,124,224
477,125,224
477,126,224
477,127,224
477,128,224
477,129,224
477,130,224
477,131,224
477,132,224
477,133,224
478,134,224
478,135,224
478,136,224
478,137,224
478,138,224
478,139,224
478,140,224
478,141,224
478,142,224
478,143,224
478,144,224
478,145,224
478,146,224
478,147,224
478,148,224
478,149,224
478,150,224
478,151,224
478,152,224
478,153,224
478,154,224
478,155,224
478,156,224
478,157,224
478,158,224
478,159,224
478,160,224
478,161,224
478,162,224
478,163,224
478,164,224
478,165,224
478,166,224
478,167,224
478,168,224
478,169,224
478,170,224
478,171,224
479,172,224
479,173,224
479,174,224
479,175,224
479,176,224
479,177,224
479,178,224
479,179,224
479,180,224
479,181,224
479,182,224
479,183,224
479,184,224
479,185,224
479,186,224
479,187,224
479,188,224
479,189,224
479,190,224
479,191,224
479,192,224
479,193,224
479,194,224
479,195,224
479,196,224
479,197,224
479,198,224
479,199,224
479,200,224
479,201,224
479,202,224
479,203,224
479,204,224
479,205,224
479,206,224
479,207,224
480,208,224
480,209,224
480,210,224
480,211,224
480,212,224
480,213,224
480,214,224
480,215,224
480,216,224
480,217,224
480,218,224
480,219,224
480,220,224
480,221,224
480,222,224
480,223,224
480,224,224
480,225,224
480,226,224
480,227,224
480,228,224
480,229,224
480,230,224
480,231,224
480,232,224
480,233,224
480,234,224
480,235,224
480,236,224
480,237,224
480,238,224
480,239,224
480,0,225
480,1,225
480,2,225
480,3,225
481,4,225
481,5,225
481,6,225
481,7,225
481,8,225
481,9,225
481,10,225
481,11,225
481,12,225
481,13,225
481,14,225
481,15,225
481,16,225
481,17,225
481,18,225
481,19,225
481,20,225
481,21,225
481,22,225
481,23,225
481,24,225
481,25,225
481,26,225
481,27,225
481,28,225
481,29,225
481,30,225
481,31,225
481,32,225
481,33,225
481,34,225
481,35,225
481,36,225
481,37,225
481,38,225
481,39,225
481,40,225
481,41,225
481,42,225
481,43,225
481,44,225
482,45,225
482,46,225
482,47,225
482,48,225
482,49,225
482,50,225
482,51,225
482,52,225
482,53,225
482,54,225
482,55,225
482,56,225
482,57,225
482,58,225
482,59,225
482,60,225
482,61,225
482,62,225
482,63,225
482,64,225
482,65,225
482,66,225
482,67,225
482,68,225
482,69,225
482,70,225
482,71,225
482,72,225
482,73,225
482,74,225
482,75,225
482,76,225
482,77,225
482,78,225
482,79,225
482,80,225
482,81,225
482,82,225
482,83,225
482,84,225
482,85,225
482,86,225
483,87,225
483,88,225
483,89,225
483,90,225
483,91,225
483,92,225
483,93,225
483,94,225
483,95,225
483,96,225
483,97,225
483,98,225
483,99,225
483,100,225
483,101,225
483,102,225
483,103,225
483,104,225
483,105,225
483,106,225
483,107,225
483,108,225
483,109,225
483,110,225
483,111,225
483,112,225
483,113,225
483,114,225
483,115,225
483,116,225
483,117,225
483,118,225
483,119,225
483,120,225
483,121,225
483,122,225
483,123,225
483,124,225
483,125,225
483,126,225
483,127,225
483,128,225
484,129,225
484,130,225
484,131,225
484,132,225
484,133,225
484,134,225
484,135,225
484,136,225
484,137,225
484,138,225
484,139,225
484,140,225
484,141,225
484,142,225
484,143,225
484,144,225
484,145,225
484,146,225
484,147,225
484,148,225
484,149,225
484,150,225
484,151,225
484,152,225
484,153,225
484,154,225
484,155,225
484,156,225
484,157,225
484,158,225
484,159,225
484,160,225
484,161,225
484,162,225
484,163,225
484,164,225
484,165,225
484,166,225
484,167,225
484,168,225
484,169,225
484,170,225
485,171,225
485,172,225
485,173,225
485,174,225
485,175,225
485,176,225
485,177,225
485,178,225
485,179,225
485,180,225
485,181,225
485,182,225
485,183,225
485,184,225
485,185,225
485,186,225
485,187,225
485,188,225
485,189,225
485,190,225
485,191,225
485,192,225
485,193,225
485,194,225
485,195,225
485,196,225
485,197,225
485,198,225
485,199,225
485,200,225
485,201,225
485,202,225
485,203,225
485,204,225
486,205,225
486,206,225
486,207,225
486,208,225
486,209,225
486,210,225
486,211,225
486,212,225
486,213,225
486,214,225
486,215,225
486,216,225
486,217,225
486,218,225
486,219,225
486,220,225
486,221,225
486,222,225
486,223,225
486,224,225
486,225,225
486,226,225
486,227,225
486,228,225
486,229,225
486,230,225
486,231,225
486,232,225
486,233,225
487,234,225
487,235,225
487,236,225
487,237,225
487,238,225
487,239,225
487,0,226
487,1,226
487,2,226
487,3,226
487,4,226
487,5,226
487,6,226
487,7,226
487,8,226
487,9,226
487,10,226
487,11,226
487,12,226
487,13,226
487,14,226
487,15,226
487,16,226
487,17,226
487,18,226
487,19,226
487,20,226
487,21,226
487,22,226
487,23,226
487,24,226
487,25,226
487,26,226
487,27,226
487,28,226
487,29,226
487,30,226
487,31,226
487,32,226
487,33,226
487,34,226
487,35,226
488,36,226
488,37,226
488,38,226
488,39,226
488,40,226
488,41,226
488,42,226
488,43,226
488,44,226
488,45,226
488,46,226
488,47,226
488,48,226
488,49,226
488,50,226
488,51,226
488,52,226
488,53,226
488,54,226
488,55,226
488,56,226
488,57,226
488,58,226
488,59,226
488,60,226
488,61,226
488,62,226
488,63,226
488,64,226
488,65,226
488,66,226
488,67,226
488,68,226
488,69,226
488,70,226
488,71,226
488,72,226
488,73,226
488,74,226
488,75,226
488,76,226
489,77,226
489,78,226
489,79,226
489,80,226
489,81,226
489,82,226
489,83,226
489,84,226
489,85,226
489,86,226
489,87,226
489,88,226
489,89,226
489,90,226
489,91,226
489,92,226
489,93,226
489,94,226
489,95,226
489,96,226
489,97,226
489,98,226
489,99,226
489,100,226
489,101,226
489,102,226
489,103,226
489,104,226
489,105,226
489,106,226
489,107,226
489,108,226
489,109,226
489,110,226
489,111,226
489,112,226
489,113,226
489,114,226
489,115,226
489,116,226
490,117,226
490,118,226
490,119,226
490,120,226
490,121,226
490,122,226
490,123,226
490,124,226
490,125,226
490,126,226
490,127,226
490,128,226
490,129,226
490,130,226
490,131,226
490,132,226
490,133,226
490,134,226
490,135,226
490,136,226
490,137,226
490,138,226
490,139,226
490,140,226
490,141,226
490,142,226
490,143,226
490,144,226
490,145,226
490,146,226
490,147,226
490,148,226
490,149,226
490,150,226
490,151,226
490,152,226
490,153,226
490,154,226
490,155,226
490,156,226
490,157,226
490,158,226
491,159,226
491,160,226
491,161,226
491,162,226
491,163,226
491,164,226
491,165,226
491,166,226
491,167,226
491,168,226
491,169,226
491,170,226
491,171,226
491,172,226
491,173,226
491,174,226
491,175,226
491,176,226
491,177,226
491,178,226
491,179,226
491,180,226
491,181,226
491,182,226
491,183,226
491,184,226
491,185,226
491,186,226
491,187,226
491,188,226
491,189,226
491,190,226
491,191,226
491,192,226
491,193,226
491,194,226
491,195,226
491,196,226
491,197,226
491,198,226
492,199,226
492,200,226
492,201,226
492,202,226
492,203,226
492,204,226
492,205,226
492,206,226
492,207,226
492,208,226
492,209,226
492,210,226
492,211,226
492,212,226
492,213,226
492,214,226
492,215,226
492,216,226
492,217,226
492,218,226
492,219,226
492,220,226
492,221,226
492,222,226
492,223,226
492,224,226
492,225,226
492,226,226
492,227,226
492,228,226
492,229,226
492,230,226
492,231,226
492,232,226
492,233,226
492,234,226
492,235,226
492,236,226
493,237,226
493,238,226
493,239,226
493,0,227
493,1,227
493,2,227
493,3,227
493,4,227
493,5,227
493,6,227
493,7,227
493,8,227
493,9,227
493,10,227
493,11,227
493,12,227
493,13,227
493,14,227
493,15,227
493,16,227
493,17,227
493,18,227
493,19,227
493,20,227
493,21,227
493,22,227
493,23,227
493,24,227
493,25,227
493,26,227
493,27,227
493,28,227
493,29,227
493,30,227
493,31,227
493,32,227
493,33,227
493,34,227
493,35,227
493,36,227
493,37,227
493,38,227
493,39,227
494,40,227
494,41,227
494,42,227
494,43,227
494,44,227
494,45,227
494,46,227
494,47,227
494,48,227
494,49,227
494,50,227
494,51,227
494,52,227
494,53,227
494,54,227
494,55,227
494,56,227
494,57,227
494,58,227
494,59,227
494,60,227
494,61,227
494,62,227
494,63,227
494,64,227
494,65,227
494,66,227
494,67,227
494,68,227
494,69,227
494,70,227
494,71,227
494,72,227
494,73,227
494,74,227
494,75,227
494,76,227
494,77,227
494,78,227
494,79,227
494,80,227
494,81,227
494,82,227
495,83,227
495,84,227
495,85,227
495,86,227
495,87,227
495,88,227
495,89,227
495,90,227
495,91,227
495,92,227
495,93,227
495,94,227
495,95,227
495,96,227
495,97,227
495,98,227
495,99,227
495,100,227
495,101,227
495,102,227
495,103,227
495,104,227
495,105,227
495,106,227
495,107,227
495,108,227
495,109,227
495,110,227
495,111,227
495,112,227
495,113,227
495,114,227
495,115,227
495,116,227
495,117,227
495,118,227
495,119,227
495,120,227
495,121,227
495,122,227
495,123,227
495,124,227
495,125,227
496,126,227
496,127,227
496,128,227
496,129,227
496,130,227
496,131,227
496,132,227
496,133,227
496,134,227
496,135,227
496,136,227
496,137,227
496,138,227
496,139,227
496,140,227
496,141,227
496,142,227
496,143,227
496,144,227
496,145,227
496,146,227
496,147,227
496,148,227
496,149,227
496,150,227
496,151,227
496,152,227
496,153,227
496,154,227
496,155,227
496,156,227
496,157,227
496,158,227
496,159,227
496,160,227
496,161,227
496,162,227
496,163,227
497,164,227
497,165,227
497,166,227
497,167,227
497,168,227
497,169,227
497,170,227
497,171,227
497,172,227
497,173,227
497,174,227
497,175,227
497,176,227
497,177,227
497,178,227
497,179,227
497,180,227
497,181,227
497,182,227
497,183,227
497,184,227
497,185,227
497,186,227
497,187,227
497,188,227
497,189,227
497,190,227
497,191,227
497,192,227
497,193,227
497,194,227
497,195,227
497,196,227
497,197,227
497,198,227
497,199,227
497,200,227
497,201,227
497,202,227
497,203,227
497,204,227
497,205,227
497,206,227
498,207,227
498,208,227
498,209,227
498,210,227
498,211,227
498,212,227
498,213,227
498,214,227
498,215,227
498,216,227
498,217,227
498,218,227
498,219,227
498,220,227
498,221,227
498,222,227
498,223,227
498,224,227
498,225,227
498,226,227
498,227,227
498,228,227
498,229,227
498,230,227
498,231,227
498,232,227
498,233,227
498,234,227
498,235,227
498,236,227
498,237,227
498,238,227
498,239,227
498,0,228
498,1,228
498,2,228
498,3,228
498,4,228
498,5,228
498,6,228
498,7,228
498,8,228
499,9,228
499,10,228
499,11,228
499,12,228
499,13,228
499,14,228
499,15,228
499,16,228
499,17,228
499,18,228
499,19,228
499,20,228
499,21,228
499,22,228
499,23,228
499,24,228
499,25,228
499,26,228
499,27,228
499,28,228
499,29,228
499,30,228
499,31,228
499,32,228
499,33,228
499,34,228
499,35,228
499,36,228
499,37,228
499,38,228
499,39,228
499,40,228
499,41,228
499,42,228
499,43,228
499,44,228
500,45,228
500,46,228
500,47,228
500,48,228
500,49,228
500,50,228
500,51,228
500,52,228
500,53,228
500,54,228
500,55,228
500,56,228
500,57,228
500,58,228
500,59,228
500,60,228
500,61,228
500,62,228
500,63,228
500,64,228
500,65,228
500,66,228
500,67,228
500,68,228
500,69,228
500,70,228
500,71,228
500,72,228
500,73,228
500,74,228
500,75,228
500,76,228
500,77,228
500,78,228
500,79,228
500,80,228
500,81,228
500,82,228
500,83,228
501,84,228
501,85,228
501,86,228
501,87,228
501,88,228
501,89,228
501,90,228
501,91,228
501,92,228
501,93,228
501,94,228
501,95,228
501,96,228
501,97,228
501,98,228
501,99,228
501,100,228
501,101,228
501,102,228
501,103,228
501,104,228
501,105,228
501,106,228
501,107,228
501,108,228
501,109,228
501,110,228
501,111,228
501,112,228
501,113,228
501,114,228
501,115,228
501,116,228
501,117,228
501,118,228
501,119,228
501,120,228
504,121,228
504,122,228
504,123,228
504,124,228
504,125,228
504,126,228
504,127,228
504,128,228
504,129,228
504,130,228
504,131,228
504,132,228
504,133,228
504,134,228
505,135,228
505,136,228
505,137,228
505,138,228
505,139,228
505,140,228
505,141,228
505,142,228
505,143,228
505,144,228
505,145,228
505,146,228
505,147,228
505,148,228
505,149,228
505,150,228
505,151,228
505,152,228
505,153,228
505,154,228
505,155,228
505,156,228
505,157,228
505,158,228
505,159,228
505,160,228
505,161,228
505,162,228
505,163,228
505,164,228
505,165,228
505,166,228
505,167,228
505,168,228
505,169,228
505,170,228
505,171,228
505,172,228
505,173,228
505,174,228
505,175,228
505,176,228
505,177,228
506,178,228
506,179,228
506,180,228
506,181,228
506,182,228
506,183,228
506,184,228
506,185,228
506,186,228
506,187,228
506,188,228
506,189,228
506,190,228
506,191,228
506,192,228
506,193,228
506,194,228
506,195,228
506,196,228
506,197,228
506,198,228
506,199,228
506,200,228
506,201,228
506,202,228
506,203,228
506,204,228
506,205,228
506,206,228
506,207,228
506,208,228
506,209,228
506,210,228
506,211,228
506,212,228
506,213,228
506,214,228
506,215,228
506,216,228
506,217,228
506,218,228
506,219,228
507,220,228
507,221,228
507,222,228
507,223,228
507,224,228
507,225,228
507,226,228
507,227,228
507,228,228
507,229,228
507,230,228
507,231,228
507,232,228
507,233,228
507,234,228
507,235,228
507,236,228
507,237,228
507,238,228
507,239,228
507,0,229
507,1,229
507,2,229
507,3,229
507,4,229
507,5,229
507,6,229
507,7,229
507,8,229
507,9,229
507,10,229
507,11,229
507,12,229
507,13,229
507,14,229
507,15,229
507,16,229
507,17,229
507,18,229
507,19,229
507,20,229
507,21,229
507,22,229
508,23,229
508,24,229
508,25,229
508,26,229
508,27,229
508,28,229
508,29,229
508,30,229
508,31,229
508,32,229
508,33,229
508,34,229
508,35,229
508,36,229
508,37,229
508,38,229
508,39,229
508,40,229
508,41,229
508,42,229
508,43,229
508,44,229
508,45,229
508,46,229
508,47,229
508,48,229
508,49,229
508,50,229
508,51,229
508,52,229
508,53,229
508,54,229
508,55,229
508,56,229
508,57,229
508,58,229
508,59,229
508,60,229
508,61,229
508,62,229
508,63,229
509,64,229
509,65,229
509,66,229
509,67,229
509,68,229
509,69,229
509,70,229
509,71,229
509,72,229
509,73,229
509,74,229
509,75,229
509,76,229
509,77,229
509,78,229
509,79,229
509,80,229
509,81,229
509,82,229
509,83,229
509,84,229
509,85,229
509,86,229
509,87,229
509,88,229
509,89,229
509,90,229
509,91,229
509,92,229
509,93,229
509,94,229
509,95,229
509,96,229
509,97,229
509,98,229
509,99,229
509,100,229
509,101,229
509,102,229
510,103,229
510,104,229
510,105,229
510,106,229
510,107,229
510,108,229
510,109,229
510,110,229
510,111,229
510,112,229
510,113,229
510,114,229
510,115,229
510,116,229
510,117,229
510,118,229
510,119,229
510,120,229
510,121,229
510,122,229
510,123,229
510,124,229
510,125,229
510,126,229
510,127,229
510,128,229
510,129,229
510,130,229
510,131,229
510,132,229
510,133,229
510,134,229
510,135,229
510,136,229
510,137,229
510,138,229
510,139,229
510,140,229
510,141,229
510,142,229
510,143,229
510,144,229
511,145,229
511,146,229
511,147,229
511,148,229
511,149,229
511,150,229
511,151,229
511,152,229
511,153,229
511,154,229
511,155,229
511,156,229
511,157,229
511,158,229
511,159,229
511,160,229
511,161,229
511,162,229
511,163,229
511,164,229
511,165,229
511,166,229
511,167,229
511,168,229
511,169,229
511,170,229
511,171,229
511,172,229
511,173,229
511,174,229
511,175,229
511,176,229
511,177,229
511,178,229
511,179,229
511,180,229
511,181,229
511,182,229
511,183,229
511,184,229
511,185,229
511,186,229
511,187,229
512,188,229
512,189,229
512,190,229
512,191,229
512,192,229
512,193,229
512,194,229
512,195,229
512,196,229
512,197,229
512,198,229
512,199,229
512,200,229
512,201,229
512,202,229
512,203,229
512,204,229
512,205,229
512,206,229
512,207,229
512,208,229
512,209,229
512,210,229
512,211,229
512,212,229
512,213,229
512,214,229
512,215,229
512,216,229
512,217,229
512,218,229
512,219,229
512,220,229
512,221,229
512,222,229
512,223,229
512,224,229
512,225,229
512,226,229
512,227,229
512,228,229
512,229,229
513,230,229
513,231,229
513,232,229
513,233,229
513,234,229
513,235,229
513,236,229
513,237,229
513,238,229
513,239,229
513,0,230
513,1,230
513,2,230
513,3,230
513,4,230
513,5,230
513,6,230
513,7,230
513,8,230
513,9,230
513,10,230
513,11,230
513,12,230
513,13,230
513,14,230
513,15,230
513,16,230
513,17,230
513,18,230
513,19,230
513,20,230
513,21,230
513,22,230
513,23,230
513,24,230
513,25,230
513,26,230
513,27,230
513,28,230
513,29,230
513,30,230
513,31,230
514,32,230
514,33,230
514,34,230
514,35,230
514,36,230
514,37,230
514,38,230
514,39,230
514,40,230
514,41,230
514,42,230
514,43,230
514,44,230
514,45,230
514,46,230
514,47,230
514,48,230
514,49,230
514,50,230
514,51,230
514,52,230
514,53,230
514,54,230
514,55,230
514,56,230
514,57,230
514,58,230
514,59,230
514,60,230
514,61,230
514,62,230
514,63,230
514,64,230
514,65,230
514,66,230
514,67,230
514,68,230
514,69,230
514,70,230
514,71,230
514,72,230
514,73,230
514,74,230
515,75,230
515,76,230
515,77,230
515,78,230
515,79,230
515,80,230
515,81,230
515,82,230
515,83,230
515,84,230
515,85,230
515,86,230
515,87,230
515,88,230
515,89,230
515,90,230
515,91,230
515,92,230
515,93,230
515,94,230
515,95,230
515,96,230
515,97,230
515,98,230
515,99,230
515,100,230
515,101,230
515,102,230
515,103,230
515,104,230
515,105,230
515,106,230
515,107,230
515,108,230
515,109,230
515,110,230
515,111,230
515,112,230
515,113,230
515,114,230
515,115,230
515,116,230
516,117,230
516,118,230
516,119,230
516,120,230
516,121,230
516,122,230
516,123,230
516,124,230
516,125,230
516,126,230
516,127,230
516,128,230
516,129,230
516,130,230
516,131,230
516,132,230
516,133,230
516,134,230
516,135,230
516,136,230
516,137,230
516,138,230
516,139,230
516,140,230
516,141,230
516,142,230
516,143,230
516,144,230
516,145,230
516,146,230
516,147,230
516,148,230
516,149,230
516,150,230
516,151,230
516,152,230
516,153,230
516,154,230
516,155,230
516,156,230
516,157,230
516,158,230
516,159,230
517,160,230
517,161,230
517,162,230
517,163,230
517,164,230
517,165,230
517,166,230
517,167,230
517,168,230
517,169,230
517,170,230
517,171,230
517,172,230
517,173,230
517,174,230
517,175,230
517,176,230
517,177,230
517,178,230
517,179,230
517,180,230
517,181,230
517,182,230
517,183,230
517,184,230
517,185,230
517,186,230
517,187,230
517,188,230
517,189,230
517,190,230
517,191,230
518,192,230
518,193,230
518,194,230
518,195,230
518,196,230
518,197,230
518,198,230
518,199,230
518,200,230
518,201,230
518,202,230
518,203,230
518,204,230
518,205,230
518,206,230
518,207,230
518,208,230
518,209,230
518,210,230
518,211,230
518,212,230
518,213,230
518,214,230
518,215,230
518,216,230
518,217,230
518,218,230
519,219,230
519,220,230
519,221,230
519,222,230
519,223,230
519,224,230
519,225,230
519,226,230
519,227,230
519,228,230
519,229,230
519,230,230
519,231,230
519,232,230
519,233,230
519,234,230
519,235,230
519,236,230
519,237,230
519,238,230
519,239,230
519,0,231
519,1,231
519,2,231
519,3,231
519,4,231
519,5,231
519,6,231
519,7,231
519,8,231
519,9,231
519,10,231
520,11,231
520,12,231
520,13,231
520,14,231
520,15,231
520,16,231
520,17,231
520,18,231
520,19,231
520,20,231
520,21,231
520,22,231
520,23,231
520,24,231
520,25,231
520,26,231
520,27,231
520,28,231
520,29,231
520,30,231
520,31,231
520,32,231
520,33,231
520,34,231
520,35,231
520,36,231
520,37,231
520,38,231
520,39,231
520,40,231
520,41,231
520,42,231
520,43,231
520,44,231
520,45,231
520,46,231
520,47,231
520,48,231
521,49,231
521,50,231
521,51,231
521,52,231
521,53,231
521,54,231
521,55,231
521,56,231
521,57,231
521,58,231
521,59,231
521,60,231
521,61,231
521,62,231
521,63,231
521,64,231
521,65,231
521,66,231
521,67,231
521,68,231
521,69,231
521,70,231
521,71,231
521,72,231
521,73,231
521,74,231
521,75,231
521,76,231
521,77,231
521,78,231
521,79,231
521,80,231
521,81,231
521,82,231
521,83,231
521,84,231
521,85,231
521,86,231
521,87,231
522,88,231
522,89,231
522,90,231
522,91,231
522,92,231
522,93,231
522,94,231
522,95,231
522,96,231
522,97,231
522,98,231
522,99,231
522,100,231
522,101,231
522,102,231
522,103,231
522,104,231
522,105,231
522,106,231
522,107,231
522,108,231
522,109,231
522,110,231
522,111,231
522,112,231
522,113,231
522,114,231
522,115,231
522,116,231
522,117,231
522,118,231
522,119,231
522,120,231
522,121,231
522,122,231
522,123,231
522,124,231
522,125,231
522,126,231
523,127,231
523,128,231
523,129,231
523,130,231
523,131,231
523,132,231
523,133,231
523,134,231
523,135,231
523,136,231
523,137,231
523,138,231
523,139,231
523,140,231
523,141,231
523,142,231
523,143,231
523,144,231
523,145,231
523,146,231
523,147,231
523,148,231
523,149,231
523,150,231
523,151,231
523,152,231
523,153,231
523,154,231
523,155,231
523,156,231
523,157,231
523,158,231
523,159,231
523,160,231
523,161,231
523,162,231
523,163,231
523,164,231
523,165,231
523,166,231
524,167,231
524,168,231
524,169,231
524,170,231
524,171,231
524,172,231
524,173,231
524,174,231
524,175,231
524,176,231
524,177,231
524,178,231
524,179,231
524,180,231
524,181,231
524,182,231
524,183,231
524,184,231
524,185,231
524,186,231
524,187,231
524,188,231
524,189,231
524,190,231
524,191,231
524,192,231
524,193,231
524,194,231
524,195,231
524,196,231
524,197,231
524,198,231
524,199,231
524,200,231
524,201,231
524,202,231
524,203,231
524,204,231
524,205,231
525,206,231
525,207,231
525,208,231
525,209,231
525,210,231
525,211,231
525,212,231
525,213,231
525,214,231
525,215,231
525,216,231
525,217,231
525,218,231
525,219,231
525,220,231
525,221,231
525,222,231
525,223,231
525,224,231
525,225,231
525,226,231
525,227,231
525,228,231
525,229,231
525,230,231
525,231,231
525,232,231
525,233,231
525,234,231
525,235,231
525,236,231
525,237,231
525,238,231
525,239,231
525,0,232
525,1,232
525,2,232
525,3,232
525,4,232
525,5,232
526,6,232
526,7,232
526,8,232
526,9,232
526,10,232
526,11,232
526,12,232
526,13,232
526,14,232
526,15,232
526,16,232
526,17,232
526,18,232
526,19,232
526,20,232
526,21,232
526,22,232
526,23,232
526,24,232
526,25,232
526,26,232
526,27,232
526,28,232
526,29,232
526,30,232
526,31,232
526,32,232
526,33,232
526,34,232
526,35,232
526,36,232
526,37,232
526,38,232
526,39,232
526,40,232
526,41,232
526,42,232
526,43,232
526,44,232
526,45,232
526,46,232
526,47,232
527,48,232
527,49,232
527,50,232
527,51,232
527,52,232
527,53,232
527,54,232
527,55,232
527,56,232
527,57,232
527,58,232
527,59,232
527,60,232
527,61,232
527,62,232
527,63,232
527,64,232
527,65,232
527,66,232
527,67,232
527,68,232
527,69,232
527,70,232
527,71,232
527,72,232
527,73,232
527,74,232
527,75,232
527,76,232
527,77,232
527,78,232
527,79,232
527,80,232
527,81,232
527,82,232
527,83,232
527,84,232
527,85,232
527,86,232
527,87,232
527,88,232
527,89,232
527,90,232
528,91,232
528,92,232
528,93,232
528,94,232
528,95,232
528,96,232
528,97,232
528,98,232
528,99,232
528,100,232
528,101,232
528,102,232
528,103,232
528,104,232
528,105,232
528,106,232
528,107,232
528,108,232
528,109,232
528,110,232
528,111,232
528,112,232
528,113,232
528,114,232
528,115,232
528,116,232
528,117,232
528,118,232
528,119,232
528,120,232
528,121,232
528,122,232
528,123,232
528,124,232
528,125,232
528,126,232
528,127,232
529,128,232
529,129,232
529,130,232
529,131,232
529,132,232
529,133,232
529,134,232
529,135,232
529,136,232
529,137,232
529,138,232
529,139,232
529,140,232
529,141,232
529,142,232
529,143,232
529,144,232
529,145,232
529,146,232
529,147,232
529,148,232
529,149,232
529,150,232
529,151,232
529,152,232
529,153,232
529,154,232
529,155,232
529,156,232
529,157,232
529,158,232
529,159,232
529,160,232
529,161,232
529,162,232
529,163,232
529,164,232
529,165,232
529,166,232
529,167,232
530,168,232
530,169,232
530,170,232
530,171,232
530,172,232
530,173,232
530,174,232
530,175,232
530,176,232
530,177,232
530,178,232
530,179,232
530,180,232
530,181,232
530,182,232
530,183,232
530,184,232
530,185,232
530,186,232
530,187,232
530,188,232
530,189,232
530,190,232
530,191,232
530,192,232
530,193,232
530,194,232
530,195,232
530,196,232
530,197,232
530,198,232
530,199,232
530,200,232
530,201,232
530,202,232
530,203,232
530,204,232
530,205,232
530,206,232
530,207,232
530,208,232
530,209,232
531,210,232
531,211,232
531,212,232
531,213,232
531,214,232
531,215,232
531,216,232
531,217,232
531,218,232
531,219,232
531,220,232
531,221,232
531,222,232
531,223,232
531,224,232
531,225,232
531,226,232
531,227,232
531,228,232
531,229,232
531,230,232
531,231,232
531,232,232
531,233,232
531,234,232
531,235,232
531,236,232
531,237,232
531,238,232
531,239,232
531,0,233
531,1,233
531,2,233
531,3,233
531,4,233
531,5,233
531,6,233
531,7,233
531,8,233
531,9,233
531,10,233
531,11,233
532,12,233
532,13,233
532,14,233
532,15,233
532,16,233
532,17,233
532,18,233
532,19,233
532,20,233
532,21,233
532,22,233
532,23,233
532,24,233
532,25,233
532,26,233
532,27,233
532,28,233
532,29,233
532,30,233
532,31,233
532,32,233
532,33,233
532,34,233
532,35,233
532,36,233
532,37,233
532,38,233
532,39,233
532,40,233
532,41,233
532,42,233
532,43,233
532,44,233
532,45,233
532,46,233
532,47,233
532,48,233
532,49,233
532,50,233
532,51,233
532,52,233
532,53,233
532,54,233
533,55,233
533,56,233
533,57,233
533,58,233
533,59,233
533,60,233
533,61,233
533,62,233
533,63,233
533,64,233
533,65,233
533,66,233
533,67,233
533,68,233
533,69,233
533,70,233
533,71,233
533,72,233
533,73,233
533,74,233
533,75,233
533,76,233
533,77,233
533,78,233
533,79,233
533,80,233
533,81,233
533,82,233
533,83,233
533,84,233
533,85,233
533,86,233
533,87,233
533,88,233
533,89,233
533,90,233
533,91,233
534,92,233
534,93,233
534,94,233
534,95,233
534,96,233
534,97,233
534,98,233
534,99,233
534,100,233
534,101,233
534,102,233
534,103,233
534,104,233
534,105,233
534,106,233
534,107,233
534,108,233
534,109,233
534,110,233
534,111,233
534,112,233
534,113,233
534,114,233
534,115,233
534,116,233
534,117,233
534,118,233
534,119,233
534,120,233
534,121,233
534,122,233
534,123,233
534,124,233
534,125,233
534,126,233
534,127,233
534,128,233
534,129,233
534,130,233
534,131,233
534,132,233
534,133,233
534,134,233
535,135,233
535,136,233
535,137,233
535,138,233
535,139,233
535,140,233
535,141,233
535,142,233
535,143,233
535,144,233
535,145,233
535,146,233
535,147,233
535,148,233
535,149,233
535,150,233
535,151,233
535,152,233
535,153,233
535,154,233
535,155,233
535,156,233
535,157,233
535,158,233
535,159,233
535,160,233
535,161,233
535,162,233
535,163,233
535,164,233
535,165,233
535,166,233
535,167,233
535,168,233
535,169,233
535,170,233
535,171,233
535,172,233
535,173,233
535,174,233
535,175,233
535,176,233
536,177,233
536,178,233
536,179,233
536,180,233
536,181,233
536,182,233
536,183,233
536,184,233
536,185,233
536,186,233
536,187,233
536,188,233
536,189,233
536,190,233
536,191,233
536,192,233
536,193,233
536,194,233
536,195,233
536,196,233
536,197,233
536,198,233
536,199,233
536,200,233
536,201,233
536,202,233
536,203,233
536,204,233
536,205,233
536,206,233
536,207,233
536,208,233
536,209,233
536,210,233
536,211,233
536,212,233
536,213,233
536,214,233
536,215,233
536,216,233
536,217,233
536,218,233
536,219,233
536,220,233
537,221,233
537,222,233
537,223,233
537,224,233
537,225,233
537,226,233
537,227,233
537,228,233
537,229,233
537,230,233
537,231,233
537,232,233
537,233,233
537,234,233
537,235,233
537,236,233
537,237,233
537,238,233
537,239,233
537,0,234
537,1,234
537,2,234
537,3,234
537,4,234
537,5,234
537,6,234
537,7,234
537,8,234
537,9,234
537,10,234
537,11,234
537,12,234
537,13,234
537,14,234
537,15,234
537,16,234
537,17,234
537,18,234
537,19,234
537,20,234
537,21,234
537,22,234
538,23,234
538,24,234
538,25,234
538,26,234
538,27,234
538,28,234
538,29,234
538,30,234
538,31,234
538,32,234
538,33,234
538,34,234
538,35,234
538,36,234
538,37,234
538,38,234
538,39,234
538,40,234
538,41,234
538,42,234
538,43,234
538,44,234
538,45,234
538,46,234
538,47,234
538,48,234
538,49,234
538,50,234
538,51,234
538,52,234
538,53,234
538,54,234
538,55,234
538,56,234
538,57,234
538,58,234
538,59,234
538,60,234
538,61,234
539,62,234
539,63,234
539,64,234
539,65,234
539,66,234
539,67,234
539,68,234
539,69,234
539,70,234
539,71,234
539,72,234
539,73,234
539,74,234
539,75,234
539,76,234
539,77,234
539,78,234
539,79,234
539,80,234
539,81,234
539,82,234
539,83,234
539,84,234
539,85,234
539,86,234
539,87,234
539,88,234
539,89,234
539,90,234
539,91,234
539,92,234
539,93,234
539,94,234
540,95,234
540,96,234
540,97,234
540,98,234
540,99,234
540,100,234
540,101,234
540,102,234
540,103,234
540,104,234
540,105,234
540,106,234
540,107,234
540,108,234
540,109,234
540,110,234
540,111,234
540,112,234
540,113,234
540,114,234
540,115,234
540,116,234
540,117,234
540,118,234
540,119,234
540,120,234
540,121,234
540,122,234
540,123,234
540,124,234
540,125,234
540,126,234
540,127,234
540,128,234
540,129,234
540,130,234
540,131,234
540,132,234
541,133,234
541,134,234
541,135,234
541,136,234
541,137,234
541,138,234
541,139,234
541,140,234
541,141,234
541,142,234
541,143,234
541,144,234
541,145,234
541,146,234
541,147,234
541,148,234
541,149,234
541,150,234
541,151,234
541,152,234
541,153,234
541,154,234
541,155,234
541,156,234
541,157,234
541,158,234
541,159,234
541,160,234
541,161,234
541,162,234
541,163,234
541,164,234
541,165,234
541,166,234
541,167,234
541,168,234
541,169,234
541,170,234
541,171,234
541,172,234
541,173,234
541,174,234
541,175,234
542,176,234
542,177,234
542,178,234
542,179,234
542,180,234
542,181,234
542,182,234
542,183,234
542,184,234
542,185,234
542,186,234
542,187,234
542,188,234
542,189,234
542,190,234
542,191,234
542,192,234
542,193,234
542,194,234
542,195,234
542,196,234
542,197,234
542,198,234
542,199,234
542,200,234
542,201,234
542,202,234
542,203,234
542,204,234
542,205,234
542,206,234
542,207,234
542,208,234
542,209,234
542,210,234
542,211,234
542,212,234
542,213,234
542,214,234
542,215,234
542,216,234
542,217,234
543,218,234
543,219,234
543,220,234
543,221,234
543,222,234
543,223,234
543,224,234
543,225,234
543,226,234
543,227,234
543,228,234
543,229,234
543,230,234
543,231,234
543,232,234
543,233,234
543,234,234
543,235,234
543,236,234
543,237,234
543,238,234
543,239,234
543,0,235
543,1,235
543,2,235
543,3,235
543,4,235
543,5,235
543,6,235
543,7,235
543,8,235
543,9,235
543,10,235
543,11,235
543,12,235
543,13,235
543,14,235
543,15,235
543,16,235
543,17,235
543,18,235
543,19,235
543,20,235
544,21,235
544,22,235
544,23,235
544,24,235
544,25,235
544,26,235
544,27,235
544,28,235
544,29,235
544,30,235
544,31,235
544,32,235
544,33,235
544,34,235
544,35,235
544,36,235
544,37,235
544,38,235
544,39,235
544,40,235
544,41,235
544,42,235
544,43,235
544,44,235
544,45,235
544,46,235
544,47,235
544,48,235
544,49,235
544,50,235
544,51,235
544,52,235
544,53,235
544,54,235
544,55,235
544,56,235
544,57,235
544,58,235
544,59,235
544,60,235
544,61,235
544,62,235
544,63,235
545,64,235
545,65,235
545,66,235
545,67,235
545,68,235
545,69,235
545,70,235
545,71,235
545,72,235
545,73,235
545,74,235
545,75,235
545,76,235
545,77,235
545,78,235
545,79,235
545,80,235
545,81,235
545,82,235
545,83,235
545,84,235
545,85,235
545,86,235
545,87,235
545,88,235
545,89,235
545,90,235
545,91,235
545,92,235
545,93,235
545,94,235
545,95,235
545,96,235
545,97,235
545,98,235
545,99,235
545,100,235
545,101,235
545,102,235
545,103,235
545,104,235
545,105,235
546,106,235
546,107,235
546,108,235
546,109,235
546,110,235
546,111,235
546,112,235
546,113,235
546,114,235
546,115,235
546,116,235
546,117,235
546,118,235
546,119,235
546,120,235
546,121,235
546,122,235
546,123,235
546,124,235
546,125,235
546,126,235
546,127,235
546,128,235
546,129,235
546,130,235
546,131,235
546,132,235
546,133,235
546,134,235
546,135,235
546,136,235
546,137,235
546,138,235
546,139,235
546,140,235
546,141,235
546,142,235
546,143,235
546,144,235
546,145,235
546,146,235
546,147,235
546,148,235
547,149,235
547,150,235
547,151,235
547,152,235
547,153,235
547,154,235
547,155,235
547,156,235
547,157,235
547,158,235
547,159,235
547,160,235
547,161,235
547,162,235
547,163,235
547,164,235
547,165,235
547,166,235
547,167,235
547,168,235
547,169,235
547,170,235
547,171,235
547,172,235
547,173,235
547,174,235
547,175,235
547,176,235
547,177,235
547,178,235
547,179,235
547,180,235
547,181,235
547,182,235
547,183,235
547,184,235
547,185,235
547,186,235
547,187,235
547,188,235
547,189,235
547,190,235
548,191,235
548,192,235
548,193,235
548,194,235
548,195,235
548,196,235
548,197,235
548,198,235
548,199,235
548,200,235
548,201,235
548,202,235
548,203,235
548,204,235
548,205,235
548,206,235
548,207,235
548,208,235
548,209,235
548,210,235
548,211,235
548,212,235
548,213,235
548,214,235
548,215,235
548,216,235
548,217,235
548,218,235
548,219,235
548,220,235
548,221,235
548,222,235
548,223,235
548,224,235
548,225,235
548,226,235
548,227,235
548,228,235
548,229,235
548,230,235
549,231,235
549,232,235
549,233,235
549,234,235
549,235,235
549,236,235
554,237,235
555,238,235
555,239,235
555,0,236
555,1,236
555,2,236
555,3,236
555,4,236
555,5,236
555,6,236
555,7,236
555,8,236
555,9,236
555,10,236
555,11,236
555,12,236
555,13,236
555,14,236
555,15,236
555,16,236
555,17,236
555,18,236
555,19,236
555,20,236
556,21,236
556,22,236
556,23,236
556,24,236
556,25,236
556,26,236
556,27,236
556,28,236
556,29,236
556,30,236
556,31,236
556,32,236
556,33,236
556,34,236
556,35,236
556,36,236
556,37,236
556,38,236
556,39,236
556,40,236
556,41,236
556,42,236
556,43,236
556,44,236
556,45,236
556,46,236
556,47,236
556,48,236
556,49,236
556,50,236
556,51,236
556,52,236
556,53,236
556,54,236
556,55,236
556,56,236
556,57,236
556,58,236
556,59,236
556,60,236
556,61,236
557,62,236
557,63,236
557,64,236
557,65,236
557,66,236
557,67,236
557,68,236
557,69,236
557,70,236
557,71,236
557,72,236
557,73,236
557,74,236
557,75,236
557,76,236
557,77,236
557,78,236
557,79,236
557,80,236
557,81,236
557,82,236
557,83,236
557,84,236
557,85,236
557,86,236
557,87,236
557,88,236
557,89,236
557,90,236
557,91,236
557,92,236
557,93,236
557,94,236
557,95,236
557,96,236
557,97,236
557,98,236
557,99,236
558,100,236
558,101,236
558,102,236
558,103,236
558,104,236
558,105,236
558,106,236
558,107,236
558,108,236
558,109,236
558,110,236
558,111,236
558,112,236
558,113,236
558,114,236
558,115,236
558,116,236
558,117,236
558,118,236
558,119,236
558,120,236
558,121,236
558,122,236
558,123,236
558,124,236
558,125,236
558,126,236
558,127,236
558,128,236
558,129,236
558,130,236
558,131,236
558,132,236
558,133,236
558,134,236
558,135,236
558,136,236
558,137,236
558,138,236
558,139,236
558,140,236
559,141,236
559,142,236
559,143,236
559,144,236
559,145,236
559,146,236
559,147,236
559,148,236
559,149,236
559,150,236
559,151,236
559,152,236
559,153,236
559,154,236
559,155,236
559,156,236
559,157,236
559,158,236
559,159,236
559,160,236
559,161,236
559,162,236
559,163,236
559,164,236
559,165,236
559,166,236
559,167,236
559,168,236
559,169,236
559,170,236
559,171,236
559,172,236
559,173,236
559,174,236
559,175,236
559,176,236
560,177,236
560,178,236
560,179,236
560,180,236
560,181,236
560,182,236
560,183,236
560,184,236
560,185,236
560,186,236
560,187,236
560,188,236
560,189,236
560,190,236
560,191,236
560,192,236
560,193,236
560,194,236
560,195,236
560,196,236
560,197,236
560,198,236
560,199,236
560,200,236
560,201,236
560,202,236
560,203,236
560,204,236
560,205,236
560,206,236
560,207,236
560,208,236
560,209,236
560,210,236
560,211,236
560,212,236
560,213,236
560,214,236
560,215,236
560,216,236
560,217,236
561,218,236
561,219,236
561,220,236
561,221,236
561,222,236
561,223,236
561,224,236
561,225,236
561,226,236
561,227,236
561,228,236
561,229,236
561,230,236
561,231,236
561,232,236
561,233,236
561,234,236
561,235,236
561,236,236
561,237,236
561,238,236
561,239,236
561,0,237
561,1,237
561,2,237
561,3,237
561,4,237
561,5,237
561,6,237
561,7,237
561,8,237
561,9,237
561,10,237
561,11,237
561,12,237
561,13,237
561,14,237
561,15,237
561,16,237
562,17,237
562,18,237
562,19,237
562,20,237
562,21,237
562,22,237
562,23,237
562,24,237
562,25,237
562,26,237
562,27,237
562,28,237
562,29,237
562,30,237
562,31,237
562,32,237
562,33,237
562,34,237
562,35,237
562,36,237
562,37,237
562,38,237
562,39,237
562,40,237
562,41,237
562,42,237
562,43,237
562,44,237
562,45,237
562,46,237
562,47,237
562,48,237
562,49,237
562,50,237
562,51,237
562,52,237
562,53,237
562,54,237
562,55,237
563,56,237
563,57,237
563,58,237
563,59,237
563,60,237
563,61,237
563,62,237
563,63,237
563,64,237
563,65,237
563,66,237
563,67,237
563,68,237
563,69,237
563,70,237
563,71,237
563,72,237
563,73,237
563,74,237
563,75,237
563,76,237
563,77,237
563,78,237
563,79,237
563,80,237
563,81,237
563,82,237
563,83,237
563,84,237
563,85,237
563,86,237
563,87,237
563,88,237
563,89,237
563,90,237
563,91,237
563,92,237
564,93,237
564,94,237
564,95,237
564,96,237
564,97,237
564,98,237
564,99,237
564,100,237
564,101,237
564,102,237
564,103,237
564,104,237
564,105,237
564,106,237
564,107,237
564,108,237
564,109,237
564,110,237
564,111,237
564,112,237
564,113,237
564,114,237
564,115,237
564,116,237
564,117,237
564,118,237
564,119,237
564,120,237
564,121,237
564,122,237
564,123,237
564,124,237
564,125,237
564,126,237
564,127,237
564,128,237
564,129,237
564,130,237
564,131,237
564,132,237
564,133,237
564,134,237
564,135,237
564,136,237
564,137,237
564,138,237
564,139,237
564,140,237
564,141,237
565,142,237
565,143,237
565,144,237
565,145,237
565,146,237
565,147,237
565,148,237
565,149,237
565,150,237
565,151,237
565,152,237
565,153,237
565,154,237
565,155,237
565,156,237
565,157,237
565,158,237
565,159,237
565,160,237
565,161,237
565,162,237
565,163,237
565,164,237
565,165,237
565,166,237
565,167,237
565,168,237
565,169,237
565,170,237
565,171,237
565,172,237
565,173,237
565,174,237
565,175,237
565,176,237
565,177,237
565,178,237
565,179,237
565,180,237
565,181,237
565,182,237
566,183,237
566,184,237
566,185,237
566,186,237
566,187,237
566,188,237
566,189,237
566,190,237
566,191,237
566,192,237
566,193,237
566,194,237
566,195,237
566,196,237
566,197,237
566,198,237
566,199,237
566,200,237
566,201,237
566,202,237
566,203,237
566,204,237
566,205,237
566,206,237
566,207,237
566,208,237
566,209,237
566,210,237
566,211,237
566,212,237
566,213,237
566,214,237
566,215,237
566,216,237
566,217,237
566,218,237
566,219,237
566,220,237
566,221,237
566,222,237
566,223,237
566,224,237
566,225,237
566,226,237
566,227,237
566,228,237
566,229,237
566,230,237
566,231,237
566,232,237
567,233,237
567,234,237
567,235,237
567,236,237
567,237,237
567,238,237
567,239,237
567,0,238
567,1,238
567,2,238
567,3,238
567,4,238
567,5,238
567,6,238
567,7,238
567,8,238
567,9,238
567,10,238
567,11,238
567,12,238
567,13,238
567,14,238
567,15,238
567,16,238
567,17,238
567,18,238
567,19,238
567,20,238
567,21,238
567,22,238
567,23,238
567,24,238
567,25,238
567,26,238
567,27,238
567,28,238
567,29,238
567,30,238
567,31,238
567,32,238
567,33,238
567,34,238
567,35,238
567,36,238
567,37,238
567,38,238
567,39,238
567,40,238
567,41,238
567,42,238
568,43,238
568,44,238
568,45,238
568,46,238
568,47,238
568,48,238
568,49,238
568,50,238
568,51,238
568,52,238
568,53,238
568,54,238
568,55,238
568,56,238
568,57,238
568,58,238
568,59,238
568,60,238
568,61,238
568,62,238
568,63,238
568,64,238
568,65,238
568,66,238
568,67,238
568,68,238
568,69,238
568,70,238
568,71,238
568,72,238
568,73,238
568,74,238
568,75,238
568,76,238
568,77,238
568,78,238
568,79,238
568,80,238
568,81,238
568,82,238
568,83,238
568,84,238
568,85,238
568,86,238
568,87,238
568,88,238
568,89,238
568,90,238
569,91,238
569,92,238
569,93,238
569,94,238
569,95,238
569,96,238
569,97,238
569,98,238
569,99,238
569,100,238
569,101,238
569,102,238
569,103,238
569,104,238
569,105,238
569,106,238
569,107,238
569,108,238
569,109,238
569,110,238
569,111,238
569,112,238
569,113,238
569,114,238
569,115,238
569,116,238
569,117,238
569,118,238
569,119,238
569,120,238
569,121,238
569,122,238
569,123,238
569,124,238
569,125,238
569,126,238
569,127,238
569,128,238
569,129,238
569,130,238
569,131,238
569,132,238
569,133,238
569,134,238
569,135,238
569,136,238
569,137,238
569,138,238
570,139,238
570,140,238
570,141,238
570,142,238
570,143,238
570,144,238
570,145,238
570,146,238
570,147,238
570,148,238
570,149,238
570,150,238
570,151,238
570,152,238
570,153,238
570,154,238
570,155,238
570,156,238
570,157,238
570,158,238
570,159,238
570,160,238
570,161,238
570,162,238
570,163,238
570,164,238
570,165,238
570,166,238
570,167,238
570,168,238
570,169,238
570,170,238
570,171,238
570,172,238
570,173,238
570,174,238
570,175,238
570,176,238
570,177,238
570,178,238
570,179,238
570,180,238
570,181,238
570,182,238
570,183,238
570,184,238
570,185,238
570,186,238
571,187,238
571,188,238
571,189,238
571,190,238
571,191,238
571,192,238
571,193,238
571,194,238
571,195,238
571,196,238
571,197,238
571,198,238
571,199,238
571,200,238
571,201,238
571,202,238
571,203,238
571,204,238
571,205,238
571,206,238
571,207,238
571,208,238
571,209,238
571,210,238
571,211,238
571,212,238
571,213,238
571,214,238
571,215,238
571,216,238
571,217,238
571,218,238
571,219,238
571,220,238
571,221,238
571,222,238
571,223,238
571,224,238
571,225,238
571,226,238
571,227,238
571,228,238
571,229,238
571,230,238
571,231,238
571,232,238
571,233,238
571,234,238
571,235,238
571,236,238
571,237,238
571,238,238
572,239,238
572,0,239
572,1,239
572,2,239
572,3,239
572,4,239
572,5,239
572,6,239
572,7,239
572,8,239
572,9,239
572,10,239
572,11,239
572,12,239
572,13,239
572,14,239
572,15,239
572,16,239
572,17,239
572,18,239
572,19,239
572,20,239
572,21,239
572,22,239
572,23,239
572,24,239
572,25,239
572,26,239
572,27,239
572,28,239
572,29,239
572,30,239
572,31,239
572,32,239
572,33,239
572,34,239
572,35,239
572,36,239
572,37,239
572,38,239
572,39,239
572,40,239
572,41,239
572,42,239
572,43,239
572,44,239
572,45,239
572,46,239
572,47,239
572,48,239
572,49,239
573,50,239
573,51,239
573,52,239
573,53,239
573,54,239
573,55,239
573,56,239
573,57,239
573,58,239
573,59,239
573,60,239
573,61,239
573,62,239
573,63,239
573,64,239
573,65,239
573,66,239
573,67,239
573,68,239
573,69,239
573,70,239
573,71,239
573,72,239
573,73,239
573,74,239
573,75,239
573,76,239
573,77,239
573,78,239
573,79,239
573,80,239
573,81,239
573,82,239
573,83,239
573,84,239
573,85,239
573,86,239
573,87,239
573,88,239
573,89,239
573,90,239
573,91,239
573,92,239
573,93,239
573,94,239
573,95,239
573,96,239
573,97,239
573,98,239
573,99,239
573,100,239
573,101,239
574,102,239
574,103,239
574,104,239
574,105,239
574,106,239
574,107,239
574,108,239
574,109,239
574,110,239
574,111,239
574,112,239
574,113,239
574,114,239
574,115,239
574,116,239
574,117,239
574,118,239
574,119,239
574,120,239
574,121,239
574,122,239
574,123,239
574,124,239
574,125,239
574,126,239
574,127,239
574,128,239
574,129,239
574,130,239
574,131,239
574,132,239
574,133,239
574,134,239
574,135,239
574,136,239
574,137,239
574,138,239
574,139,239
574,140,239
574,141,239
574,142,239
574,143,239
574,144,239
574,145,239
574,146,239
574,147,239
574,148,239
574,149,239
574,150,239
574,151,239
574,152,239
575,153,239
575,154,239
575,155,239
575,156,239
575,157,239
575,158,239
575,159,239
575,160,239
575,161,239
575,162,239
575,163,239
575,164,239
575,165,239
575,166,239
575,167,239
575,168,239
575,169,239
575,170,239
575,171,239
575,172,239
575,173,239
575,174,239
575,175,239
575,176,239
575,177,239
575,178,239
575,179,239
575,180,239
575,181,239
575,182,239
575,183,239
575,184,239
575,185,239
575,186,239
575,187,239
575,188,239
575,189,239
575,190,239
575,191,239
575,192,239
575,193,239
575,194,239
575,195,239
575,196,239
575,197,239
575,198,239
575,199,239
575,200,239
575,201,239
575,202,239
575,203,239
575,204,239
576,205,239
576,206,239
576,207,239
576,208,239
576,209,239
576,210,239
576,211,239
576,212,239
576,213,239
576,214,239
576,215,239
576,216,239
576,217,239
576,218,239
576,219,239
576,220,239
576,221,239
576,222,239
576,223,239
576,224,239
576,225,239
576,226,239
576,227,239
576,228,239
576,229,239
576,230,239
576,231,239
576,232,239
576,233,239
576,234,239
576,235,239
576,236,239
576,237,239
576,238,239
576,239,239
